split_a,image_a,split_b,image_b,ahash,dhash,phash
TestDataset/CVC-300,TestDataset/CVC-300/images/156.png,TestDataset/CVC-300,TestDataset/CVC-300/images/169.png,2,7,10
TestDataset/CVC-300,TestDataset/CVC-300/images/156.png,TestDataset/CVC-300,TestDataset/CVC-300/images/170.png,4,7,10
TestDataset/CVC-300,TestDataset/CVC-300/images/157.png,TestDataset/CVC-300,TestDataset/CVC-300/images/158.png,4,10,8
TestDataset/CVC-300,TestDataset/CVC-300/images/157.png,TestDataset/CVC-300,TestDataset/CVC-300/images/166.png,3,11,8
TestDataset/CVC-300,TestDataset/CVC-300/images/157.png,TestDataset/CVC-300,TestDataset/CVC-300/images/170.png,4,9,8
TestDataset/CVC-300,TestDataset/CVC-300/images/158.png,TestDataset/CVC-300,TestDataset/CVC-300/images/159.png,3,13,6
TestDataset/CVC-300,TestDataset/CVC-300/images/158.png,TestDataset/CVC-300,TestDataset/CVC-300/images/166.png,1,9,8
TestDataset/CVC-300,TestDataset/CVC-300/images/158.png,TestDataset/CVC-300,TestDataset/CVC-300/images/167.png,1,5,14
TestDataset/CVC-300,TestDataset/CVC-300/images/158.png,TestDataset/CVC-300,TestDataset/CVC-300/images/170.png,4,11,8
TestDataset/CVC-300,TestDataset/CVC-300/images/159.png,TestDataset/CVC-300,TestDataset/CVC-300/images/160.png,4,17,8
TestDataset/CVC-300,TestDataset/CVC-300/images/159.png,TestDataset/CVC-300,TestDataset/CVC-300/images/164.png,1,14,8
TestDataset/CVC-300,TestDataset/CVC-300/images/159.png,TestDataset/CVC-300,TestDataset/CVC-300/images/165.png,1,12,8
TestDataset/CVC-300,TestDataset/CVC-300/images/160.png,TestDataset/CVC-300,TestDataset/CVC-300/images/161.png,2,9,6
TestDataset/CVC-300,TestDataset/CVC-300/images/160.png,TestDataset/CVC-300,TestDataset/CVC-300/images/164.png,3,21,6
TestDataset/CVC-300,TestDataset/CVC-300/images/160.png,TestDataset/CVC-300,TestDataset/CVC-300/images/171.png,6,19,8
TestDataset/CVC-300,TestDataset/CVC-300/images/161.png,TestDataset/CVC-300,TestDataset/CVC-300/images/162.png,4,20,6
TestDataset/CVC-300,TestDataset/CVC-300/images/161.png,TestDataset/CVC-300,TestDataset/CVC-300/images/164.png,5,18,6
TestDataset/CVC-300,TestDataset/CVC-300/images/161.png,TestDataset/CVC-300,TestDataset/CVC-300/images/171.png,8,16,8
TestDataset/CVC-300,TestDataset/CVC-300/images/161.png,TestDataset/CVC-300,TestDataset/CVC-300/images/173.png,3,16,6
TestDataset/CVC-300,TestDataset/CVC-300/images/161.png,TestDataset/CVC-300,TestDataset/CVC-300/images/174.png,1,14,8
TestDataset/CVC-300,TestDataset/CVC-300/images/161.png,TestDataset/CVC-300,TestDataset/CVC-300/images/191.png,6,13,6
TestDataset/CVC-300,TestDataset/CVC-300/images/161.png,TestDataset/CVC-300,TestDataset/CVC-300/images/202.png,3,22,8
TestDataset/CVC-300,TestDataset/CVC-300/images/162.png,TestDataset/CVC-300,TestDataset/CVC-300/images/171.png,6,18,8
TestDataset/CVC-300,TestDataset/CVC-300/images/162.png,TestDataset/CVC-300,TestDataset/CVC-300/images/173.png,5,22,6
TestDataset/CVC-300,TestDataset/CVC-300/images/162.png,TestDataset/CVC-300,TestDataset/CVC-300/images/179.png,7,13,8
TestDataset/CVC-300,TestDataset/CVC-300/images/162.png,TestDataset/CVC-300,TestDataset/CVC-300/images/191.png,8,15,4
TestDataset/CVC-300,TestDataset/CVC-300/images/162.png,TestDataset/CVC-300,TestDataset/CVC-300/images/192.png,6,16,8
TestDataset/CVC-300,TestDataset/CVC-300/images/162.png,TestDataset/CVC-300,TestDataset/CVC-300/images/202.png,5,26,8
TestDataset/CVC-300,TestDataset/CVC-300/images/163.png,TestDataset/CVC-300,TestDataset/CVC-300/images/164.png,2,11,8
TestDataset/CVC-300,TestDataset/CVC-300/images/163.png,TestDataset/CVC-300,TestDataset/CVC-300/images/175.png,7,16,8
TestDataset/CVC-300,TestDataset/CVC-300/images/163.png,TestDataset/CVC-300,TestDataset/CVC-300/images/178.png,7,23,8
TestDataset/CVC-300,TestDataset/CVC-300/images/163.png,TestDataset/CVC-300,TestDataset/CVC-300/images/179.png,6,24,8
TestDataset/CVC-300,TestDataset/CVC-300/images/163.png,TestDataset/CVC-300,TestDataset/CVC-300/images/180.png,4,16,8
TestDataset/CVC-300,TestDataset/CVC-300/images/163.png,TestDataset/CVC-300,TestDataset/CVC-300/images/181.png,4,27,8
TestDataset/CVC-300,TestDataset/CVC-300/images/163.png,TestDataset/CVC-300,TestDataset/CVC-300/images/195.png,8,25,8
TestDataset/CVC-300,TestDataset/CVC-300/images/163.png,TestDataset/CVC-300,TestDataset/CVC-300/images/197.png,4,15,8
TestDataset/CVC-300,TestDataset/CVC-300/images/163.png,TestDataset/CVC-300,TestDataset/CVC-300/images/202.png,6,21,8
TestDataset/CVC-300,TestDataset/CVC-300/images/164.png,TestDataset/CVC-300,TestDataset/CVC-300/images/165.png,2,4,4
TestDataset/CVC-300,TestDataset/CVC-300/images/164.png,TestDataset/CVC-300,TestDataset/CVC-300/images/166.png,3,8,10
TestDataset/CVC-300,TestDataset/CVC-300/images/164.png,TestDataset/CVC-300,TestDataset/CVC-300/images/173.png,6,18,8
TestDataset/CVC-300,TestDataset/CVC-300/images/164.png,TestDataset/CVC-300,TestDataset/CVC-300/images/174.png,6,16,6
TestDataset/CVC-300,TestDataset/CVC-300/images/164.png,TestDataset/CVC-300,TestDataset/CVC-300/images/181.png,4,24,8
TestDataset/CVC-300,TestDataset/CVC-300/images/164.png,TestDataset/CVC-300,TestDataset/CVC-300/images/186.png,8,17,8
TestDataset/CVC-300,TestDataset/CVC-300/images/164.png,TestDataset/CVC-300,TestDataset/CVC-300/images/192.png,5,14,8
TestDataset/CVC-300,TestDataset/CVC-300/images/165.png,TestDataset/CVC-300,TestDataset/CVC-300/images/166.png,1,4,6
TestDataset/CVC-300,TestDataset/CVC-300/images/165.png,TestDataset/CVC-300,TestDataset/CVC-300/images/174.png,6,16,6
TestDataset/CVC-300,TestDataset/CVC-300/images/165.png,TestDataset/CVC-300,TestDataset/CVC-300/images/192.png,5,14,8
TestDataset/CVC-300,TestDataset/CVC-300/images/166.png,TestDataset/CVC-300,TestDataset/CVC-300/images/170.png,3,12,6
TestDataset/CVC-300,TestDataset/CVC-300/images/166.png,TestDataset/CVC-300,TestDataset/CVC-300/images/174.png,7,16,8
TestDataset/CVC-300,TestDataset/CVC-300/images/167.png,TestDataset/CVC-300,TestDataset/CVC-300/images/168.png,0,4,6
TestDataset/CVC-300,TestDataset/CVC-300/images/169.png,TestDataset/CVC-300,TestDataset/CVC-300/images/170.png,2,4,6
TestDataset/CVC-300,TestDataset/CVC-300/images/170.png,TestDataset/CVC-300,TestDataset/CVC-300/images/175.png,5,13,8
TestDataset/CVC-300,TestDataset/CVC-300/images/170.png,TestDataset/CVC-300,TestDataset/CVC-300/images/184.png,4,17,8
TestDataset/CVC-300,TestDataset/CVC-300/images/171.png,TestDataset/CVC-300,TestDataset/CVC-300/images/173.png,7,18,8
TestDataset/CVC-300,TestDataset/CVC-300/images/171.png,TestDataset/CVC-300,TestDataset/CVC-300/images/191.png,4,11,8
TestDataset/CVC-300,TestDataset/CVC-300/images/171.png,TestDataset/CVC-300,TestDataset/CVC-300/images/192.png,6,16,6
TestDataset/CVC-300,TestDataset/CVC-300/images/172.png,TestDataset/CVC-300,TestDataset/CVC-300/images/177.png,4,22,8
TestDataset/CVC-300,TestDataset/CVC-300/images/173.png,TestDataset/CVC-300,TestDataset/CVC-300/images/174.png,2,6,4
TestDataset/CVC-300,TestDataset/CVC-300/images/173.png,TestDataset/CVC-300,TestDataset/CVC-300/images/175.png,5,15,6
TestDataset/CVC-300,TestDataset/CVC-300/images/173.png,TestDataset/CVC-300,TestDataset/CVC-300/images/176.png,3,12,8
TestDataset/CVC-300,TestDataset/CVC-300/images/173.png,TestDataset/CVC-300,TestDataset/CVC-300/images/178.png,5,26,8
TestDataset/CVC-300,TestDataset/CVC-300/images/173.png,TestDataset/CVC-300,TestDataset/CVC-300/images/180.png,2,13,4
TestDataset/CVC-300,TestDataset/CVC-300/images/173.png,TestDataset/CVC-300,TestDataset/CVC-300/images/181.png,4,22,6
TestDataset/CVC-300,TestDataset/CVC-300/images/173.png,TestDataset/CVC-300,TestDataset/CVC-300/images/182.png,3,24,6
TestDataset/CVC-300,TestDataset/CVC-300/images/173.png,TestDataset/CVC-300,TestDataset/CVC-300/images/186.png,6,23,8
TestDataset/CVC-300,TestDataset/CVC-300/images/173.png,TestDataset/CVC-300,TestDataset/CVC-300/images/191.png,3,9,4
TestDataset/CVC-300,TestDataset/CVC-300/images/173.png,TestDataset/CVC-300,TestDataset/CVC-300/images/192.png,1,10,4
TestDataset/CVC-300,TestDataset/CVC-300/images/173.png,TestDataset/CVC-300,TestDataset/CVC-300/images/194.png,3,13,8
TestDataset/CVC-300,TestDataset/CVC-300/images/173.png,TestDataset/CVC-300,TestDataset/CVC-300/images/197.png,2,14,4
TestDataset/CVC-300,TestDataset/CVC-300/images/173.png,TestDataset/CVC-300,TestDataset/CVC-300/images/202.png,2,10,6
TestDataset/CVC-300,TestDataset/CVC-300/images/174.png,TestDataset/CVC-300,TestDataset/CVC-300/images/175.png,3,11,8
TestDataset/CVC-300,TestDataset/CVC-300/images/174.png,TestDataset/CVC-300,TestDataset/CVC-300/images/178.png,3,26,8
TestDataset/CVC-300,TestDataset/CVC-300/images/174.png,TestDataset/CVC-300,TestDataset/CVC-300/images/180.png,2,13,6
TestDataset/CVC-300,TestDataset/CVC-300/images/174.png,TestDataset/CVC-300,TestDataset/CVC-300/images/181.png,4,24,6
TestDataset/CVC-300,TestDataset/CVC-300/images/174.png,TestDataset/CVC-300,TestDataset/CVC-300/images/182.png,5,24,6
TestDataset/CVC-300,TestDataset/CVC-300/images/174.png,TestDataset/CVC-300,TestDataset/CVC-300/images/184.png,6,23,8
TestDataset/CVC-300,TestDataset/CVC-300/images/174.png,TestDataset/CVC-300,TestDataset/CVC-300/images/186.png,6,17,8
TestDataset/CVC-300,TestDataset/CVC-300/images/174.png,TestDataset/CVC-300,TestDataset/CVC-300/images/191.png,5,9,8
TestDataset/CVC-300,TestDataset/CVC-300/images/174.png,TestDataset/CVC-300,TestDataset/CVC-300/images/192.png,3,6,2
TestDataset/CVC-300,TestDataset/CVC-300/images/174.png,TestDataset/CVC-300,TestDataset/CVC-300/images/197.png,2,12,6
TestDataset/CVC-300,TestDataset/CVC-300/images/175.png,TestDataset/CVC-300,TestDataset/CVC-300/images/176.png,2,9,8
TestDataset/CVC-300,TestDataset/CVC-300/images/175.png,TestDataset/CVC-300,TestDataset/CVC-300/images/180.png,3,12,8
TestDataset/CVC-300,TestDataset/CVC-300/images/175.png,TestDataset/CVC-300,TestDataset/CVC-300/images/181.png,7,23,8
TestDataset/CVC-300,TestDataset/CVC-300/images/175.png,TestDataset/CVC-300,TestDataset/CVC-300/images/182.png,8,23,8
TestDataset/CVC-300,TestDataset/CVC-300/images/175.png,TestDataset/CVC-300,TestDataset/CVC-300/images/184.png,5,18,8
TestDataset/CVC-300,TestDataset/CVC-300/images/175.png,TestDataset/CVC-300,TestDataset/CVC-300/images/186.png,3,12,6
TestDataset/CVC-300,TestDataset/CVC-300/images/175.png,TestDataset/CVC-300,TestDataset/CVC-300/images/192.png,6,15,8
TestDataset/CVC-300,TestDataset/CVC-300/images/175.png,TestDataset/CVC-300,TestDataset/CVC-300/images/193.png,2,6,12
TestDataset/CVC-300,TestDataset/CVC-300/images/175.png,TestDataset/CVC-300,TestDataset/CVC-300/images/194.png,2,8,8
TestDataset/CVC-300,TestDataset/CVC-300/images/175.png,TestDataset/CVC-300,TestDataset/CVC-300/images/197.png,3,11,8
TestDataset/CVC-300,TestDataset/CVC-300/images/176.png,TestDataset/CVC-300,TestDataset/CVC-300/images/180.png,1,9,8
TestDataset/CVC-300,TestDataset/CVC-300/images/176.png,TestDataset/CVC-300,TestDataset/CVC-300/images/194.png,0,1,0
TestDataset/CVC-300,TestDataset/CVC-300/images/176.png,TestDataset/CVC-300,TestDataset/CVC-300/images/197.png,1,8,8
TestDataset/CVC-300,TestDataset/CVC-300/images/177.png,TestDataset/CVC-300,TestDataset/CVC-300/images/195.png,3,8,8
TestDataset/CVC-300,TestDataset/CVC-300/images/177.png,TestDataset/CVC-300,TestDataset/CVC-300/images/202.png,3,10,8
TestDataset/CVC-300,TestDataset/CVC-300/images/179.png,TestDataset/CVC-300,TestDataset/CVC-300/images/180.png,8,14,8
TestDataset/CVC-300,TestDataset/CVC-300/images/179.png,TestDataset/CVC-300,TestDataset/CVC-300/images/191.png,3,12,8
TestDataset/CVC-300,TestDataset/CVC-300/images/179.png,TestDataset/CVC-300,TestDataset/CVC-300/images/195.png,6,21,8
TestDataset/CVC-300,TestDataset/CVC-300/images/179.png,TestDataset/CVC-300,TestDataset/CVC-300/images/196.png,0,0,4
TestDataset/CVC-300,TestDataset/CVC-300/images/179.png,TestDataset/CVC-300,TestDataset/CVC-300/images/197.png,8,15,8
TestDataset/CVC-300,TestDataset/CVC-300/images/179.png,TestDataset/CVC-300,TestDataset/CVC-300/images/202.png,8,23,6
TestDataset/CVC-300,TestDataset/CVC-300/images/180.png,TestDataset/CVC-300,TestDataset/CVC-300/images/181.png,4,21,8
TestDataset/CVC-300,TestDataset/CVC-300/images/180.png,TestDataset/CVC-300,TestDataset/CVC-300/images/182.png,5,21,8
TestDataset/CVC-300,TestDataset/CVC-300/images/180.png,TestDataset/CVC-300,TestDataset/CVC-300/images/191.png,5,10,8
TestDataset/CVC-300,TestDataset/CVC-300/images/180.png,TestDataset/CVC-300,TestDataset/CVC-300/images/192.png,3,15,6
TestDataset/CVC-300,TestDataset/CVC-300/images/180.png,TestDataset/CVC-300,TestDataset/CVC-300/images/194.png,1,10,8
TestDataset/CVC-300,TestDataset/CVC-300/images/180.png,TestDataset/CVC-300,TestDataset/CVC-300/images/197.png,0,1,0
TestDataset/CVC-300,TestDataset/CVC-300/images/180.png,TestDataset/CVC-300,TestDataset/CVC-300/images/202.png,2,17,6
TestDataset/CVC-300,TestDataset/CVC-300/images/181.png,TestDataset/CVC-300,TestDataset/CVC-300/images/182.png,1,6,2
TestDataset/CVC-300,TestDataset/CVC-300/images/181.png,TestDataset/CVC-300,TestDataset/CVC-300/images/183.png,3,17,8
TestDataset/CVC-300,TestDataset/CVC-300/images/181.png,TestDataset/CVC-300,TestDataset/CVC-300/images/184.png,2,15,8
TestDataset/CVC-300,TestDataset/CVC-300/images/181.png,TestDataset/CVC-300,TestDataset/CVC-300/images/191.png,3,17,8
TestDataset/CVC-300,TestDataset/CVC-300/images/181.png,TestDataset/CVC-300,TestDataset/CVC-300/images/192.png,3,20,6
TestDataset/CVC-300,TestDataset/CVC-300/images/181.png,TestDataset/CVC-300,TestDataset/CVC-300/images/197.png,4,22,8
TestDataset/CVC-300,TestDataset/CVC-300/images/181.png,TestDataset/CVC-300,TestDataset/CVC-300/images/198.png,3,17,8
TestDataset/CVC-300,TestDataset/CVC-300/images/182.png,TestDataset/CVC-300,TestDataset/CVC-300/images/183.png,2,17,8
TestDataset/CVC-300,TestDataset/CVC-300/images/182.png,TestDataset/CVC-300,TestDataset/CVC-300/images/184.png,3,15,8
TestDataset/CVC-300,TestDataset/CVC-300/images/182.png,TestDataset/CVC-300,TestDataset/CVC-300/images/188.png,4,23,8
TestDataset/CVC-300,TestDataset/CVC-300/images/182.png,TestDataset/CVC-300,TestDataset/CVC-300/images/192.png,2,24,6
TestDataset/CVC-300,TestDataset/CVC-300/images/182.png,TestDataset/CVC-300,TestDataset/CVC-300/images/197.png,5,22,8
TestDataset/CVC-300,TestDataset/CVC-300/images/182.png,TestDataset/CVC-300,TestDataset/CVC-300/images/198.png,2,17,8
TestDataset/CVC-300,TestDataset/CVC-300/images/183.png,TestDataset/CVC-300,TestDataset/CVC-300/images/198.png,0,0,0
TestDataset/CVC-300,TestDataset/CVC-300/images/184.png,TestDataset/CVC-300,TestDataset/CVC-300/images/185.png,1,8,4
TestDataset/CVC-300,TestDataset/CVC-300/images/184.png,TestDataset/CVC-300,TestDataset/CVC-300/images/186.png,2,10,6
TestDataset/CVC-300,TestDataset/CVC-300/images/184.png,TestDataset/CVC-300,TestDataset/CVC-300/images/199.png,3,7,6
TestDataset/CVC-300,TestDataset/CVC-300/images/185.png,TestDataset/CVC-300,TestDataset/CVC-300/images/186.png,1,6,6
TestDataset/CVC-300,TestDataset/CVC-300/images/185.png,TestDataset/CVC-300,TestDataset/CVC-300/images/199.png,4,9,6
TestDataset/CVC-300,TestDataset/CVC-300/images/186.png,TestDataset/CVC-300,TestDataset/CVC-300/images/192.png,5,17,8
TestDataset/CVC-300,TestDataset/CVC-300/images/187.png,TestDataset/CVC-300,TestDataset/CVC-300/images/200.png,1,5,4
TestDataset/CVC-300,TestDataset/CVC-300/images/188.png,TestDataset/CVC-300,TestDataset/CVC-300/images/201.png,1,4,8
TestDataset/CVC-300,TestDataset/CVC-300/images/190.png,TestDataset/CVC-300,TestDataset/CVC-300/images/203.png,0,0,0
TestDataset/CVC-300,TestDataset/CVC-300/images/191.png,TestDataset/CVC-300,TestDataset/CVC-300/images/192.png,2,5,6
TestDataset/CVC-300,TestDataset/CVC-300/images/191.png,TestDataset/CVC-300,TestDataset/CVC-300/images/195.png,3,21,8
TestDataset/CVC-300,TestDataset/CVC-300/images/191.png,TestDataset/CVC-300,TestDataset/CVC-300/images/196.png,3,12,8
TestDataset/CVC-300,TestDataset/CVC-300/images/191.png,TestDataset/CVC-300,TestDataset/CVC-300/images/197.png,5,11,8
TestDataset/CVC-300,TestDataset/CVC-300/images/191.png,TestDataset/CVC-300,TestDataset/CVC-300/images/202.png,5,17,8
TestDataset/CVC-300,TestDataset/CVC-300/images/192.png,TestDataset/CVC-300,TestDataset/CVC-300/images/197.png,3,14,6
TestDataset/CVC-300,TestDataset/CVC-300/images/194.png,TestDataset/CVC-300,TestDataset/CVC-300/images/197.png,1,9,8
TestDataset/CVC-300,TestDataset/CVC-300/images/195.png,TestDataset/CVC-300,TestDataset/CVC-300/images/196.png,6,21,8
TestDataset/CVC-300,TestDataset/CVC-300/images/195.png,TestDataset/CVC-300,TestDataset/CVC-300/images/202.png,4,10,8
TestDataset/CVC-300,TestDataset/CVC-300/images/197.png,TestDataset/CVC-300,TestDataset/CVC-300/images/202.png,2,18,6
TestDataset/CVC-300,TestDataset/CVC-300/images/204.png,TestDataset/CVC-300,TestDataset/CVC-300/images/207.png,12,6,8
TestDataset/CVC-300,TestDataset/CVC-300/images/205.png,TestDataset/CVC-300,TestDataset/CVC-300/images/207.png,5,8,14
TestDataset/CVC-300,TestDataset/CVC-300/images/206.png,TestDataset/CVC-300,TestDataset/CVC-300/images/208.png,2,5,2
TestDataset/CVC-300,TestDataset/CVC-300/images/149.png,TestDataset/CVC-ColonDB,TestDataset/CVC-ColonDB/images/149.png,0,0,0
TestDataset/CVC-300,TestDataset/CVC-300/images/150.png,TestDataset/CVC-ColonDB,TestDataset/CVC-ColonDB/images/150.png,0,0,0
TestDataset/CVC-300,TestDataset/CVC-300/images/151.png,TestDataset/CVC-ColonDB,TestDataset/CVC-ColonDB/images/151.png,0,0,0
TestDataset/CVC-300,TestDataset/CVC-300/images/152.png,TestDataset/CVC-ColonDB,TestDataset/CVC-ColonDB/images/152.png,0,0,0
TestDataset/CVC-300,TestDataset/CVC-300/images/153.png,TestDataset/CVC-ColonDB,TestDataset/CVC-ColonDB/images/153.png,0,0,0
TestDataset/CVC-300,TestDataset/CVC-300/images/154.png,TestDataset/CVC-ColonDB,TestDataset/CVC-ColonDB/images/154.png,0,0,0
TestDataset/CVC-300,TestDataset/CVC-300/images/155.png,TestDataset/CVC-ColonDB,TestDataset/CVC-ColonDB/images/155.png,0,0,0
TestDataset/CVC-300,TestDataset/CVC-300/images/156.png,TestDataset/CVC-ColonDB,TestDataset/CVC-ColonDB/images/156.png,0,0,0
TestDataset/CVC-300,TestDataset/CVC-300/images/156.png,TestDataset/CVC-ColonDB,TestDataset/CVC-ColonDB/images/169.png,2,7,10
TestDataset/CVC-300,TestDataset/CVC-300/images/156.png,TestDataset/CVC-ColonDB,TestDataset/CVC-ColonDB/images/170.png,4,7,10
TestDataset/CVC-300,TestDataset/CVC-300/images/157.png,TestDataset/CVC-ColonDB,TestDataset/CVC-ColonDB/images/157.png,0,0,0
TestDataset/CVC-300,TestDataset/CVC-300/images/157.png,TestDataset/CVC-ColonDB,TestDataset/CVC-ColonDB/images/158.png,4,10,8
TestDataset/CVC-300,TestDataset/CVC-300/images/157.png,TestDataset/CVC-ColonDB,TestDataset/CVC-ColonDB/images/166.png,3,11,8
TestDataset/CVC-300,TestDataset/CVC-300/images/157.png,TestDataset/CVC-ColonDB,TestDataset/CVC-ColonDB/images/170.png,4,9,8
TestDataset/CVC-300,TestDataset/CVC-300/images/158.png,TestDataset/CVC-ColonDB,TestDataset/CVC-ColonDB/images/157.png,4,10,8
TestDataset/CVC-300,TestDataset/CVC-300/images/158.png,TestDataset/CVC-ColonDB,TestDataset/CVC-ColonDB/images/158.png,0,0,0
TestDataset/CVC-300,TestDataset/CVC-300/images/158.png,TestDataset/CVC-ColonDB,TestDataset/CVC-ColonDB/images/159.png,3,13,6
TestDataset/CVC-300,TestDataset/CVC-300/images/158.png,TestDataset/CVC-ColonDB,TestDataset/CVC-ColonDB/images/166.png,1,9,8
TestDataset/CVC-300,TestDataset/CVC-300/images/158.png,TestDataset/CVC-ColonDB,TestDataset/CVC-ColonDB/images/167.png,1,5,14
TestDataset/CVC-300,TestDataset/CVC-300/images/158.png,TestDataset/CVC-ColonDB,TestDataset/CVC-ColonDB/images/170.png,4,11,8
TestDataset/CVC-300,TestDataset/CVC-300/images/159.png,TestDataset/CVC-ColonDB,TestDataset/CVC-ColonDB/images/158.png,3,13,6
TestDataset/CVC-300,TestDataset/CVC-300/images/159.png,TestDataset/CVC-ColonDB,TestDataset/CVC-ColonDB/images/159.png,0,0,0
TestDataset/CVC-300,TestDataset/CVC-300/images/159.png,TestDataset/CVC-ColonDB,TestDataset/CVC-ColonDB/images/160.png,4,17,8
TestDataset/CVC-300,TestDataset/CVC-300/images/159.png,TestDataset/CVC-ColonDB,TestDataset/CVC-ColonDB/images/164.png,1,14,8
TestDataset/CVC-300,TestDataset/CVC-300/images/159.png,TestDataset/CVC-ColonDB,TestDataset/CVC-ColonDB/images/165.png,1,12,8
TestDataset/CVC-300,TestDataset/CVC-300/images/160.png,TestDataset/CVC-ColonDB,TestDataset/CVC-ColonDB/images/159.png,4,17,8
TestDataset/CVC-300,TestDataset/CVC-300/images/160.png,TestDataset/CVC-ColonDB,TestDataset/CVC-ColonDB/images/160.png,0,0,0
TestDataset/CVC-300,TestDataset/CVC-300/images/160.png,TestDataset/CVC-ColonDB,TestDataset/CVC-ColonDB/images/161.png,2,9,6
TestDataset/CVC-300,TestDataset/CVC-300/images/160.png,TestDataset/CVC-ColonDB,TestDataset/CVC-ColonDB/images/164.png,3,21,6
TestDataset/CVC-300,TestDataset/CVC-300/images/160.png,TestDataset/CVC-ColonDB,TestDataset/CVC-ColonDB/images/171.png,6,19,8
TestDataset/CVC-300,TestDataset/CVC-300/images/161.png,TestDataset/CVC-ColonDB,TestDataset/CVC-ColonDB/images/160.png,2,9,6
TestDataset/CVC-300,TestDataset/CVC-300/images/161.png,TestDataset/CVC-ColonDB,TestDataset/CVC-ColonDB/images/161.png,0,0,0
TestDataset/CVC-300,TestDataset/CVC-300/images/161.png,TestDataset/CVC-ColonDB,TestDataset/CVC-ColonDB/images/162.png,4,20,6
TestDataset/CVC-300,TestDataset/CVC-300/images/161.png,TestDataset/CVC-ColonDB,TestDataset/CVC-ColonDB/images/164.png,5,18,6
TestDataset/CVC-300,TestDataset/CVC-300/images/161.png,TestDataset/CVC-ColonDB,TestDataset/CVC-ColonDB/images/171.png,8,16,8
TestDataset/CVC-300,TestDataset/CVC-300/images/161.png,TestDataset/CVC-ColonDB,TestDataset/CVC-ColonDB/images/173.png,3,16,6
TestDataset/CVC-300,TestDataset/CVC-300/images/161.png,TestDataset/CVC-ColonDB,TestDataset/CVC-ColonDB/images/174.png,1,14,8
TestDataset/CVC-300,TestDataset/CVC-300/images/161.png,TestDataset/CVC-ColonDB,TestDataset/CVC-ColonDB/images/191.png,6,13,6
TestDataset/CVC-300,TestDataset/CVC-300/images/161.png,TestDataset/CVC-ColonDB,TestDataset/CVC-ColonDB/images/202.png,3,22,8
TestDataset/CVC-300,TestDataset/CVC-300/images/162.png,TestDataset/CVC-ColonDB,TestDataset/CVC-ColonDB/images/161.png,4,20,6
TestDataset/CVC-300,TestDataset/CVC-300/images/162.png,TestDataset/CVC-ColonDB,TestDataset/CVC-ColonDB/images/162.png,0,0,0
TestDataset/CVC-300,TestDataset/CVC-300/images/162.png,TestDataset/CVC-ColonDB,TestDataset/CVC-ColonDB/images/171.png,6,18,8
TestDataset/CVC-300,TestDataset/CVC-300/images/162.png,TestDataset/CVC-ColonDB,TestDataset/CVC-ColonDB/images/173.png,5,22,6
TestDataset/CVC-300,TestDataset/CVC-300/images/162.png,TestDataset/CVC-ColonDB,TestDataset/CVC-ColonDB/images/179.png,7,13,8
TestDataset/CVC-300,TestDataset/CVC-300/images/162.png,TestDataset/CVC-ColonDB,TestDataset/CVC-ColonDB/images/191.png,8,15,4
TestDataset/CVC-300,TestDataset/CVC-300/images/162.png,TestDataset/CVC-ColonDB,TestDataset/CVC-ColonDB/images/192.png,6,16,8
TestDataset/CVC-300,TestDataset/CVC-300/images/162.png,TestDataset/CVC-ColonDB,TestDataset/CVC-ColonDB/images/202.png,5,26,8
TestDataset/CVC-300,TestDataset/CVC-300/images/162.png,TestDataset/CVC-ColonDB,TestDataset/CVC-ColonDB/images/304.png,6,34,8
TestDataset/CVC-300,TestDataset/CVC-300/images/163.png,TestDataset/CVC-ColonDB,TestDataset/CVC-ColonDB/images/163.png,0,0,0
TestDataset/CVC-300,TestDataset/CVC-300/images/163.png,TestDataset/CVC-ColonDB,TestDataset/CVC-ColonDB/images/164.png,2,11,8
TestDataset/CVC-300,TestDataset/CVC-300/images/163.png,TestDataset/CVC-ColonDB,TestDataset/CVC-ColonDB/images/175.png,7,16,8
TestDataset/CVC-300,TestDataset/CVC-300/images/163.png,TestDataset/CVC-ColonDB,TestDataset/CVC-ColonDB/images/178.png,7,23,8
TestDataset/CVC-300,TestDataset/CVC-300/images/163.png,TestDataset/CVC-ColonDB,TestDataset/CVC-ColonDB/images/179.png,6,24,8
TestDataset/CVC-300,TestDataset/CVC-300/images/163.png,TestDataset/CVC-ColonDB,TestDataset/CVC-ColonDB/images/180.png,4,16,8
TestDataset/CVC-300,TestDataset/CVC-300/images/163.png,TestDataset/CVC-ColonDB,TestDataset/CVC-ColonDB/images/181.png,4,27,8
TestDataset/CVC-300,TestDataset/CVC-300/images/163.png,TestDataset/CVC-ColonDB,TestDataset/CVC-ColonDB/images/195.png,8,25,8
TestDataset/CVC-300,TestDataset/CVC-300/images/163.png,TestDataset/CVC-ColonDB,TestDataset/CVC-ColonDB/images/197.png,4,15,8
TestDataset/CVC-300,TestDataset/CVC-300/images/163.png,TestDataset/CVC-ColonDB,TestDataset/CVC-ColonDB/images/202.png,6,21,8
TestDataset/CVC-300,TestDataset/CVC-300/images/163.png,TestDataset/CVC-ColonDB,TestDataset/CVC-ColonDB/images/306.png,6,25,8
TestDataset/CVC-300,TestDataset/CVC-300/images/163.png,TestDataset/CVC-ColonDB,TestDataset/CVC-ColonDB/images/320.png,8,24,8
TestDataset/CVC-300,TestDataset/CVC-300/images/164.png,TestDataset/CVC-ColonDB,TestDataset/CVC-ColonDB/images/159.png,1,14,8
TestDataset/CVC-300,TestDataset/CVC-300/images/164.png,TestDataset/CVC-ColonDB,TestDataset/CVC-ColonDB/images/160.png,3,21,6
TestDataset/CVC-300,TestDataset/CVC-300/images/164.png,TestDataset/CVC-ColonDB,TestDataset/CVC-ColonDB/images/161.png,5,18,6
TestDataset/CVC-300,TestDataset/CVC-300/images/164.png,TestDataset/CVC-ColonDB,TestDataset/CVC-ColonDB/images/163.png,2,11,8
TestDataset/CVC-300,TestDataset/CVC-300/images/164.png,TestDataset/CVC-ColonDB,TestDataset/CVC-ColonDB/images/164.png,0,0,0
TestDataset/CVC-300,TestDataset/CVC-300/images/164.png,TestDataset/CVC-ColonDB,TestDataset/CVC-ColonDB/images/165.png,2,4,4
TestDataset/CVC-300,TestDataset/CVC-300/images/164.png,TestDataset/CVC-ColonDB,TestDataset/CVC-ColonDB/images/166.png,3,8,10
TestDataset/CVC-300,TestDataset/CVC-300/images/164.png,TestDataset/CVC-ColonDB,TestDataset/CVC-ColonDB/images/173.png,6,18,8
TestDataset/CVC-300,TestDataset/CVC-300/images/164.png,TestDataset/CVC-ColonDB,TestDataset/CVC-ColonDB/images/174.png,6,16,6
TestDataset/CVC-300,TestDataset/CVC-300/images/164.png,TestDataset/CVC-ColonDB,TestDataset/CVC-ColonDB/images/181.png,4,24,8
TestDataset/CVC-300,TestDataset/CVC-300/images/164.png,TestDataset/CVC-ColonDB,TestDataset/CVC-ColonDB/images/186.png,8,17,8
TestDataset/CVC-300,TestDataset/CVC-300/images/164.png,TestDataset/CVC-ColonDB,TestDataset/CVC-ColonDB/images/192.png,5,14,8
TestDataset/CVC-300,TestDataset/CVC-300/images/164.png,TestDataset/CVC-ColonDB,TestDataset/CVC-ColonDB/images/304.png,7,28,8
TestDataset/CVC-300,TestDataset/CVC-300/images/165.png,TestDataset/CVC-ColonDB,TestDataset/CVC-ColonDB/images/159.png,1,12,8
TestDataset/CVC-300,TestDataset/CVC-300/images/165.png,TestDataset/CVC-ColonDB,TestDataset/CVC-ColonDB/images/164.png,2,4,4
TestDataset/CVC-300,TestDataset/CVC-300/images/165.png,TestDataset/CVC-ColonDB,TestDataset/CVC-ColonDB/images/165.png,0,0,0
TestDataset/CVC-300,TestDataset/CVC-300/images/165.png,TestDataset/CVC-ColonDB,TestDataset/CVC-ColonDB/images/166.png,1,4,6
TestDataset/CVC-300,TestDataset/CVC-300/images/165.png,TestDataset/CVC-ColonDB,TestDataset/CVC-ColonDB/images/174.png,6,16,6
TestDataset/CVC-300,TestDataset/CVC-300/images/165.png,TestDataset/CVC-ColonDB,TestDataset/CVC-ColonDB/images/192.png,5,14,8
TestDataset/CVC-300,TestDataset/CVC-300/images/166.png,TestDataset/CVC-ColonDB,TestDataset/CVC-ColonDB/images/157.png,3,11,8
TestDataset/CVC-300,TestDataset/CVC-300/images/166.png,TestDataset/CVC-ColonDB,TestDataset/CVC-ColonDB/images/158.png,1,9,8
TestDataset/CVC-300,TestDataset/CVC-300/images/166.png,TestDataset/CVC-ColonDB,TestDataset/CVC-ColonDB/images/164.png,3,8,10
TestDataset/CVC-300,TestDataset/CVC-300/images/166.png,TestDataset/CVC-ColonDB,TestDataset/CVC-ColonDB/images/165.png,1,4,6
TestDataset/CVC-300,TestDataset/CVC-300/images/166.png,TestDataset/CVC-ColonDB,TestDataset/CVC-ColonDB/images/166.png,0,0,0
TestDataset/CVC-300,TestDataset/CVC-300/images/166.png,TestDataset/CVC-ColonDB,TestDataset/CVC-ColonDB/images/170.png,3,12,6
TestDataset/CVC-300,TestDataset/CVC-300/images/166.png,TestDataset/CVC-ColonDB,TestDataset/CVC-ColonDB/images/174.png,7,16,8
TestDataset/CVC-300,TestDataset/CVC-300/images/167.png,TestDataset/CVC-ColonDB,TestDataset/CVC-ColonDB/images/158.png,1,5,14
TestDataset/CVC-300,TestDataset/CVC-300/images/167.png,TestDataset/CVC-ColonDB,TestDataset/CVC-ColonDB/images/167.png,0,0,0
TestDataset/CVC-300,TestDataset/CVC-300/images/167.png,TestDataset/CVC-ColonDB,TestDataset/CVC-ColonDB/images/168.png,0,4,6
TestDataset/CVC-300,TestDataset/CVC-300/images/168.png,TestDataset/CVC-ColonDB,TestDataset/CVC-ColonDB/images/167.png,0,4,6
TestDataset/CVC-300,TestDataset/CVC-300/images/168.png,TestDataset/CVC-ColonDB,TestDataset/CVC-ColonDB/images/168.png,0,0,0
TestDataset/CVC-300,TestDataset/CVC-300/images/169.png,TestDataset/CVC-ColonDB,TestDataset/CVC-ColonDB/images/156.png,2,7,10
TestDataset/CVC-300,TestDataset/CVC-300/images/169.png,TestDataset/CVC-ColonDB,TestDataset/CVC-ColonDB/images/169.png,0,0,0
TestDataset/CVC-300,TestDataset/CVC-300/images/169.png,TestDataset/CVC-ColonDB,TestDataset/CVC-ColonDB/images/170.png,2,4,6
TestDataset/CVC-300,TestDataset/CVC-300/images/170.png,TestDataset/CVC-ColonDB,TestDataset/CVC-ColonDB/images/156.png,4,7,10
TestDataset/CVC-300,TestDataset/CVC-300/images/170.png,TestDataset/CVC-ColonDB,TestDataset/CVC-ColonDB/images/157.png,4,9,8
TestDataset/CVC-300,TestDataset/CVC-300/images/170.png,TestDataset/CVC-ColonDB,TestDataset/CVC-ColonDB/images/158.png,4,11,8
TestDataset/CVC-300,TestDataset/CVC-300/images/170.png,TestDataset/CVC-ColonDB,TestDataset/CVC-ColonDB/images/166.png,3,12,6
TestDataset/CVC-300,TestDataset/CVC-300/images/170.png,TestDataset/CVC-ColonDB,TestDataset/CVC-ColonDB/images/169.png,2,4,6
TestDataset/CVC-300,TestDataset/CVC-300/images/170.png,TestDataset/CVC-ColonDB,TestDataset/CVC-ColonDB/images/170.png,0,0,0
TestDataset/CVC-300,TestDataset/CVC-300/images/170.png,TestDataset/CVC-ColonDB,TestDataset/CVC-ColonDB/images/175.png,5,13,8
TestDataset/CVC-300,TestDataset/CVC-300/images/170.png,TestDataset/CVC-ColonDB,TestDataset/CVC-ColonDB/images/184.png,4,17,8
TestDataset/CVC-300,TestDataset/CVC-300/images/171.png,TestDataset/CVC-ColonDB,TestDataset/CVC-ColonDB/images/160.png,6,19,8
TestDataset/CVC-300,TestDataset/CVC-300/images/171.png,TestDataset/CVC-ColonDB,TestDataset/CVC-ColonDB/images/161.png,8,16,8
TestDataset/CVC-300,TestDataset/CVC-300/images/171.png,TestDataset/CVC-ColonDB,TestDataset/CVC-ColonDB/images/162.png,6,18,8
TestDataset/CVC-300,TestDataset/CVC-300/images/171.png,TestDataset/CVC-ColonDB,TestDataset/CVC-ColonDB/images/171.png,0,0,0
TestDataset/CVC-300,TestDataset/CVC-300/images/171.png,TestDataset/CVC-ColonDB,TestDataset/CVC-ColonDB/images/173.png,7,18,8
TestDataset/CVC-300,TestDataset/CVC-300/images/171.png,TestDataset/CVC-ColonDB,TestDataset/CVC-ColonDB/images/191.png,4,11,8
TestDataset/CVC-300,TestDataset/CVC-300/images/171.png,TestDataset/CVC-ColonDB,TestDataset/CVC-ColonDB/images/192.png,6,16,6
TestDataset/CVC-300,TestDataset/CVC-300/images/172.png,TestDataset/CVC-ColonDB,TestDataset/CVC-ColonDB/images/172.png,0,0,0
TestDataset/CVC-300,TestDataset/CVC-300/images/172.png,TestDataset/CVC-ColonDB,TestDataset/CVC-ColonDB/images/177.png,4,22,8
TestDataset/CVC-300,TestDataset/CVC-300/images/173.png,TestDataset/CVC-ColonDB,TestDataset/CVC-ColonDB/images/161.png,3,16,6
TestDataset/CVC-300,TestDataset/CVC-300/images/173.png,TestDataset/CVC-ColonDB,TestDataset/CVC-ColonDB/images/162.png,5,22,6
TestDataset/CVC-300,TestDataset/CVC-300/images/173.png,TestDataset/CVC-ColonDB,TestDataset/CVC-ColonDB/images/164.png,6,18,8
TestDataset/CVC-300,TestDataset/CVC-300/images/173.png,TestDataset/CVC-ColonDB,TestDataset/CVC-ColonDB/images/171.png,7,18,8
TestDataset/CVC-300,TestDataset/CVC-300/images/173.png,TestDataset/CVC-ColonDB,TestDataset/CVC-ColonDB/images/173.png,0,0,0
TestDataset/CVC-300,TestDataset/CVC-300/images/173.png,TestDataset/CVC-ColonDB,TestDataset/CVC-ColonDB/images/174.png,2,6,4
TestDataset/CVC-300,TestDataset/CVC-300/images/173.png,TestDataset/CVC-ColonDB,TestDataset/CVC-ColonDB/images/175.png,5,15,6
TestDataset/CVC-300,TestDataset/CVC-300/images/173.png,TestDataset/CVC-ColonDB,TestDataset/CVC-ColonDB/images/176.png,3,12,8
TestDataset/CVC-300,TestDataset/CVC-300/images/173.png,TestDataset/CVC-ColonDB,TestDataset/CVC-ColonDB/images/178.png,5,26,8
TestDataset/CVC-300,TestDataset/CVC-300/images/173.png,TestDataset/CVC-ColonDB,TestDataset/CVC-ColonDB/images/180.png,2,13,4
TestDataset/CVC-300,TestDataset/CVC-300/images/173.png,TestDataset/CVC-ColonDB,TestDataset/CVC-ColonDB/images/181.png,4,22,6
TestDataset/CVC-300,TestDataset/CVC-300/images/173.png,TestDataset/CVC-ColonDB,TestDataset/CVC-ColonDB/images/182.png,3,24,6
TestDataset/CVC-300,TestDataset/CVC-300/images/173.png,TestDataset/CVC-ColonDB,TestDataset/CVC-ColonDB/images/186.png,6,23,8
TestDataset/CVC-300,TestDataset/CVC-300/images/173.png,TestDataset/CVC-ColonDB,TestDataset/CVC-ColonDB/images/191.png,3,9,4
TestDataset/CVC-300,TestDataset/CVC-300/images/173.png,TestDataset/CVC-ColonDB,TestDataset/CVC-ColonDB/images/192.png,1,10,4
TestDataset/CVC-300,TestDataset/CVC-300/images/173.png,TestDataset/CVC-ColonDB,TestDataset/CVC-ColonDB/images/194.png,3,13,8
TestDataset/CVC-300,TestDataset/CVC-300/images/173.png,TestDataset/CVC-ColonDB,TestDataset/CVC-ColonDB/images/197.png,2,14,4
TestDataset/CVC-300,TestDataset/CVC-300/images/173.png,TestDataset/CVC-ColonDB,TestDataset/CVC-ColonDB/images/202.png,2,10,6
TestDataset/CVC-300,TestDataset/CVC-300/images/173.png,TestDataset/CVC-ColonDB,TestDataset/CVC-ColonDB/images/306.png,8,26,8
TestDataset/CVC-300,TestDataset/CVC-300/images/173.png,TestDataset/CVC-ColonDB,TestDataset/CVC-ColonDB/images/307.png,8,27,8
TestDataset/CVC-300,TestDataset/CVC-300/images/174.png,TestDataset/CVC-ColonDB,TestDataset/CVC-ColonDB/images/161.png,1,14,8
TestDataset/CVC-300,TestDataset/CVC-300/images/174.png,TestDataset/CVC-ColonDB,TestDataset/CVC-ColonDB/images/164.png,6,16,6
TestDataset/CVC-300,TestDataset/CVC-300/images/174.png,TestDataset/CVC-ColonDB,TestDataset/CVC-ColonDB/images/165.png,6,16,6
TestDataset/CVC-300,TestDataset/CVC-300/images/174.png,TestDataset/CVC-ColonDB,TestDataset/CVC-ColonDB/images/166.png,7,16,8
TestDataset/CVC-300,TestDataset/CVC-300/images/174.png,TestDataset/CVC-ColonDB,TestDataset/CVC-ColonDB/images/173.png,2,6,4
TestDataset/CVC-300,TestDataset/CVC-300/images/174.png,TestDataset/CVC-ColonDB,TestDataset/CVC-ColonDB/images/174.png,0,0,0
TestDataset/CVC-300,TestDataset/CVC-300/images/174.png,TestDataset/CVC-ColonDB,TestDataset/CVC-ColonDB/images/175.png,3,11,8
TestDataset/CVC-300,TestDataset/CVC-300/images/174.png,TestDataset/CVC-ColonDB,TestDataset/CVC-ColonDB/images/178.png,3,26,8
TestDataset/CVC-300,TestDataset/CVC-300/images/174.png,TestDataset/CVC-ColonDB,TestDataset/CVC-ColonDB/images/180.png,2,13,6
TestDataset/CVC-300,TestDataset/CVC-300/images/174.png,TestDataset/CVC-ColonDB,TestDataset/CVC-ColonDB/images/181.png,4,24,6
TestDataset/CVC-300,TestDataset/CVC-300/images/174.png,TestDataset/CVC-ColonDB,TestDataset/CVC-ColonDB/images/182.png,5,24,6
TestDataset/CVC-300,TestDataset/CVC-300/images/174.png,TestDataset/CVC-ColonDB,TestDataset/CVC-ColonDB/images/184.png,6,23,8
TestDataset/CVC-300,TestDataset/CVC-300/images/174.png,TestDataset/CVC-ColonDB,TestDataset/CVC-ColonDB/images/186.png,6,17,8
TestDataset/CVC-300,TestDataset/CVC-300/images/174.png,TestDataset/CVC-ColonDB,TestDataset/CVC-ColonDB/images/191.png,5,9,8
TestDataset/CVC-300,TestDataset/CVC-300/images/174.png,TestDataset/CVC-ColonDB,TestDataset/CVC-ColonDB/images/192.png,3,6,2
TestDataset/CVC-300,TestDataset/CVC-300/images/174.png,TestDataset/CVC-ColonDB,TestDataset/CVC-ColonDB/images/197.png,2,12,6
TestDataset/CVC-300,TestDataset/CVC-300/images/175.png,TestDataset/CVC-ColonDB,TestDataset/CVC-ColonDB/images/163.png,7,16,8
TestDataset/CVC-300,TestDataset/CVC-300/images/175.png,TestDataset/CVC-ColonDB,TestDataset/CVC-ColonDB/images/170.png,5,13,8
TestDataset/CVC-300,TestDataset/CVC-300/images/175.png,TestDataset/CVC-ColonDB,TestDataset/CVC-ColonDB/images/173.png,5,15,6
TestDataset/CVC-300,TestDataset/CVC-300/images/175.png,TestDataset/CVC-ColonDB,TestDataset/CVC-ColonDB/images/174.png,3,11,8
TestDataset/CVC-300,TestDataset/CVC-300/images/175.png,TestDataset/CVC-ColonDB,TestDataset/CVC-ColonDB/images/175.png,0,0,0
TestDataset/CVC-300,TestDataset/CVC-300/images/175.png,TestDataset/CVC-ColonDB,TestDataset/CVC-ColonDB/images/176.png,2,9,8
TestDataset/CVC-300,TestDataset/CVC-300/images/175.png,TestDataset/CVC-ColonDB,TestDataset/CVC-ColonDB/images/180.png,3,12,8
TestDataset/CVC-300,TestDataset/CVC-300/images/175.png,TestDataset/CVC-ColonDB,TestDataset/CVC-ColonDB/images/181.png,7,23,8
TestDataset/CVC-300,TestDataset/CVC-300/images/175.png,TestDataset/CVC-ColonDB,TestDataset/CVC-ColonDB/images/182.png,8,23,8
TestDataset/CVC-300,TestDataset/CVC-300/images/175.png,TestDataset/CVC-ColonDB,TestDataset/CVC-ColonDB/images/184.png,5,18,8
TestDataset/CVC-300,TestDataset/CVC-300/images/175.png,TestDataset/CVC-ColonDB,TestDataset/CVC-ColonDB/images/186.png,3,12,6
TestDataset/CVC-300,TestDataset/CVC-300/images/175.png,TestDataset/CVC-ColonDB,TestDataset/CVC-ColonDB/images/192.png,6,15,8
TestDataset/CVC-300,TestDataset/CVC-300/images/175.png,TestDataset/CVC-ColonDB,TestDataset/CVC-ColonDB/images/193.png,2,6,12
TestDataset/CVC-300,TestDataset/CVC-300/images/175.png,TestDataset/CVC-ColonDB,TestDataset/CVC-ColonDB/images/194.png,2,8,8
TestDataset/CVC-300,TestDataset/CVC-300/images/175.png,TestDataset/CVC-ColonDB,TestDataset/CVC-ColonDB/images/197.png,3,11,8
TestDataset/CVC-300,TestDataset/CVC-300/images/176.png,TestDataset/CVC-ColonDB,TestDataset/CVC-ColonDB/images/173.png,3,12,8
TestDataset/CVC-300,TestDataset/CVC-300/images/176.png,TestDataset/CVC-ColonDB,TestDataset/CVC-ColonDB/images/175.png,2,9,8
TestDataset/CVC-300,TestDataset/CVC-300/images/176.png,TestDataset/CVC-ColonDB,TestDataset/CVC-ColonDB/images/176.png,0,0,0
TestDataset/CVC-300,TestDataset/CVC-300/images/176.png,TestDataset/CVC-ColonDB,TestDataset/CVC-ColonDB/images/180.png,1,9,8
TestDataset/CVC-300,TestDataset/CVC-300/images/176.png,TestDataset/CVC-ColonDB,TestDataset/CVC-ColonDB/images/194.png,0,1,0
TestDataset/CVC-300,TestDataset/CVC-300/images/176.png,TestDataset/CVC-ColonDB,TestDataset/CVC-ColonDB/images/197.png,1,8,8
TestDataset/CVC-300,TestDataset/CVC-300/images/177.png,TestDataset/CVC-ColonDB,TestDataset/CVC-ColonDB/images/172.png,4,22,8
TestDataset/CVC-300,TestDataset/CVC-300/images/177.png,TestDataset/CVC-ColonDB,TestDataset/CVC-ColonDB/images/177.png,0,0,0
TestDataset/CVC-300,TestDataset/CVC-300/images/177.png,TestDataset/CVC-ColonDB,TestDataset/CVC-ColonDB/images/195.png,3,8,8
TestDataset/CVC-300,TestDataset/CVC-300/images/177.png,TestDataset/CVC-ColonDB,TestDataset/CVC-ColonDB/images/202.png,3,10,8
TestDataset/CVC-300,TestDataset/CVC-300/images/178.png,TestDataset/CVC-ColonDB,TestDataset/CVC-ColonDB/images/163.png,7,23,8
TestDataset/CVC-300,TestDataset/CVC-300/images/178.png,TestDataset/CVC-ColonDB,TestDataset/CVC-ColonDB/images/173.png,5,26,8
TestDataset/CVC-300,TestDataset/CVC-300/images/178.png,TestDataset/CVC-ColonDB,TestDataset/CVC-ColonDB/images/174.png,3,26,8
TestDataset/CVC-300,TestDataset/CVC-300/images/178.png,TestDataset/CVC-ColonDB,TestDataset/CVC-ColonDB/images/178.png,0,0,0
TestDataset/CVC-300,TestDataset/CVC-300/images/178.png,TestDataset/CVC-ColonDB,TestDataset/CVC-ColonDB/images/306.png,5,16,6
TestDataset/CVC-300,TestDataset/CVC-300/images/179.png,TestDataset/CVC-ColonDB,TestDataset/CVC-ColonDB/images/110.png,6,22,8
TestDataset/CVC-300,TestDataset/CVC-300/images/179.png,TestDataset/CVC-ColonDB,TestDataset/CVC-ColonDB/images/162.png,7,13,8
TestDataset/CVC-300,TestDataset/CVC-300/images/179.png,TestDataset/CVC-ColonDB,TestDataset/CVC-ColonDB/images/163.png,6,24,8
TestDataset/CVC-300,TestDataset/CVC-300/images/179.png,TestDataset/CVC-ColonDB,TestDataset/CVC-ColonDB/images/179.png,0,0,0
TestDataset/CVC-300,TestDataset/CVC-300/images/179.png,TestDataset/CVC-ColonDB,TestDataset/CVC-ColonDB/images/180.png,8,14,8
TestDataset/CVC-300,TestDataset/CVC-300/images/179.png,TestDataset/CVC-ColonDB,TestDataset/CVC-ColonDB/images/191.png,3,12,8
TestDataset/CVC-300,TestDataset/CVC-300/images/179.png,TestDataset/CVC-ColonDB,TestDataset/CVC-ColonDB/images/195.png,6,21,8
TestDataset/CVC-300,TestDataset/CVC-300/images/179.png,TestDataset/CVC-ColonDB,TestDataset/CVC-ColonDB/images/196.png,0,0,4
TestDataset/CVC-300,TestDataset/CVC-300/images/179.png,TestDataset/CVC-ColonDB,TestDataset/CVC-ColonDB/images/197.png,8,15,8
TestDataset/CVC-300,TestDataset/CVC-300/images/179.png,TestDataset/CVC-ColonDB,TestDataset/CVC-ColonDB/images/202.png,8,23,6
TestDataset/CVC-300,TestDataset/CVC-300/images/180.png,TestDataset/CVC-ColonDB,TestDataset/CVC-ColonDB/images/163.png,4,16,8
TestDataset/CVC-300,TestDataset/CVC-300/images/180.png,TestDataset/CVC-ColonDB,TestDataset/CVC-ColonDB/images/173.png,2,13,4
TestDataset/CVC-300,TestDataset/CVC-300/images/180.png,TestDataset/CVC-ColonDB,TestDataset/CVC-ColonDB/images/174.png,2,13,6
TestDataset/CVC-300,TestDataset/CVC-300/images/180.png,TestDataset/CVC-ColonDB,TestDataset/CVC-ColonDB/images/175.png,3,12,8
TestDataset/CVC-300,TestDataset/CVC-300/images/180.png,TestDataset/CVC-ColonDB,TestDataset/CVC-ColonDB/images/176.png,1,9,8
TestDataset/CVC-300,TestDataset/CVC-300/images/180.png,TestDataset/CVC-ColonDB,TestDataset/CVC-ColonDB/images/179.png,8,14,8
TestDataset/CVC-300,TestDataset/CVC-300/images/180.png,TestDataset/CVC-ColonDB,TestDataset/CVC-ColonDB/images/180.png,0,0,0
TestDataset/CVC-300,TestDataset/CVC-300/images/180.png,TestDataset/CVC-ColonDB,TestDataset/CVC-ColonDB/images/181.png,4,21,8
TestDataset/CVC-300,TestDataset/CVC-300/images/180.png,TestDataset/CVC-ColonDB,TestDataset/CVC-ColonDB/images/182.png,5,21,8
TestDataset/CVC-300,TestDataset/CVC-300/images/180.png,TestDataset/CVC-ColonDB,TestDataset/CVC-ColonDB/images/191.png,5,10,8
TestDataset/CVC-300,TestDataset/CVC-300/images/180.png,TestDataset/CVC-ColonDB,TestDataset/CVC-ColonDB/images/192.png,3,15,6
TestDataset/CVC-300,TestDataset/CVC-300/images/180.png,TestDataset/CVC-ColonDB,TestDataset/CVC-ColonDB/images/194.png,1,10,8
TestDataset/CVC-300,TestDataset/CVC-300/images/180.png,TestDataset/CVC-ColonDB,TestDataset/CVC-ColonDB/images/197.png,0,1,0
TestDataset/CVC-300,TestDataset/CVC-300/images/180.png,TestDataset/CVC-ColonDB,TestDataset/CVC-ColonDB/images/202.png,2,17,6
TestDataset/CVC-300,TestDataset/CVC-300/images/180.png,TestDataset/CVC-ColonDB,TestDataset/CVC-ColonDB/images/307.png,8,26,8
TestDataset/CVC-300,TestDataset/CVC-300/images/181.png,TestDataset/CVC-ColonDB,TestDataset/CVC-ColonDB/images/163.png,4,27,8
TestDataset/CVC-300,TestDataset/CVC-300/images/181.png,TestDataset/CVC-ColonDB,TestDataset/CVC-ColonDB/images/164.png,4,24,8
TestDataset/CVC-300,TestDataset/CVC-300/images/181.png,TestDataset/CVC-ColonDB,TestDataset/CVC-ColonDB/images/173.png,4,22,6
TestDataset/CVC-300,TestDataset/CVC-300/images/181.png,TestDataset/CVC-ColonDB,TestDataset/CVC-ColonDB/images/174.png,4,24,6
TestDataset/CVC-300,TestDataset/CVC-300/images/181.png,TestDataset/CVC-ColonDB,TestDataset/CVC-ColonDB/images/175.png,7,23,8
TestDataset/CVC-300,TestDataset/CVC-300/images/181.png,TestDataset/CVC-ColonDB,TestDataset/CVC-ColonDB/images/180.png,4,21,8
TestDataset/CVC-300,TestDataset/CVC-300/images/181.png,TestDataset/CVC-ColonDB,TestDataset/CVC-ColonDB/images/181.png,0,0,0
TestDataset/CVC-300,TestDataset/CVC-300/images/181.png,TestDataset/CVC-ColonDB,TestDataset/CVC-ColonDB/images/182.png,1,6,2
TestDataset/CVC-300,TestDataset/CVC-300/images/181.png,TestDataset/CVC-ColonDB,TestDataset/CVC-ColonDB/images/183.png,3,17,8
TestDataset/CVC-300,TestDataset/CVC-300/images/181.png,TestDataset/CVC-ColonDB,TestDataset/CVC-ColonDB/images/184.png,2,15,8
TestDataset/CVC-300,TestDataset/CVC-300/images/181.png,TestDataset/CVC-ColonDB,TestDataset/CVC-ColonDB/images/191.png,3,17,8
TestDataset/CVC-300,TestDataset/CVC-300/images/181.png,TestDataset/CVC-ColonDB,TestDataset/CVC-ColonDB/images/192.png,3,20,6
TestDataset/CVC-300,TestDataset/CVC-300/images/181.png,TestDataset/CVC-ColonDB,TestDataset/CVC-ColonDB/images/197.png,4,22,8
TestDataset/CVC-300,TestDataset/CVC-300/images/181.png,TestDataset/CVC-ColonDB,TestDataset/CVC-ColonDB/images/198.png,3,17,8
TestDataset/CVC-300,TestDataset/CVC-300/images/182.png,TestDataset/CVC-ColonDB,TestDataset/CVC-ColonDB/images/173.png,3,24,6
TestDataset/CVC-300,TestDataset/CVC-300/images/182.png,TestDataset/CVC-ColonDB,TestDataset/CVC-ColonDB/images/174.png,5,24,6
TestDataset/CVC-300,TestDataset/CVC-300/images/182.png,TestDataset/CVC-ColonDB,TestDataset/CVC-ColonDB/images/175.png,8,23,8
TestDataset/CVC-300,TestDataset/CVC-300/images/182.png,TestDataset/CVC-ColonDB,TestDataset/CVC-ColonDB/images/180.png,5,21,8
TestDataset/CVC-300,TestDataset/CVC-300/images/182.png,TestDataset/CVC-ColonDB,TestDataset/CVC-ColonDB/images/181.png,1,6,2
TestDataset/CVC-300,TestDataset/CVC-300/images/182.png,TestDataset/CVC-ColonDB,TestDataset/CVC-ColonDB/images/182.png,0,0,0
TestDataset/CVC-300,TestDataset/CVC-300/images/182.png,TestDataset/CVC-ColonDB,TestDataset/CVC-ColonDB/images/183.png,2,17,8
TestDataset/CVC-300,TestDataset/CVC-300/images/182.png,TestDataset/CVC-ColonDB,TestDataset/CVC-ColonDB/images/184.png,3,15,8
TestDataset/CVC-300,TestDataset/CVC-300/images/182.png,TestDataset/CVC-ColonDB,TestDataset/CVC-ColonDB/images/188.png,4,23,8
TestDataset/CVC-300,TestDataset/CVC-300/images/182.png,TestDataset/CVC-ColonDB,TestDataset/CVC-ColonDB/images/192.png,2,24,6
TestDataset/CVC-300,TestDataset/CVC-300/images/182.png,TestDataset/CVC-ColonDB,TestDataset/CVC-ColonDB/images/197.png,5,22,8
TestDataset/CVC-300,TestDataset/CVC-300/images/182.png,TestDataset/CVC-ColonDB,TestDataset/CVC-ColonDB/images/198.png,2,17,8
TestDataset/CVC-300,TestDataset/CVC-300/images/183.png,TestDataset/CVC-ColonDB,TestDataset/CVC-ColonDB/images/181.png,3,17,8
TestDataset/CVC-300,TestDataset/CVC-300/images/183.png,TestDataset/CVC-ColonDB,TestDataset/CVC-ColonDB/images/182.png,2,17,8
TestDataset/CVC-300,TestDataset/CVC-300/images/183.png,TestDataset/CVC-ColonDB,TestDataset/CVC-ColonDB/images/183.png,0,0,0
TestDataset/CVC-300,TestDataset/CVC-300/images/183.png,TestDataset/CVC-ColonDB,TestDataset/CVC-ColonDB/images/198.png,0,0,0
TestDataset/CVC-300,TestDataset/CVC-300/images/184.png,TestDataset/CVC-ColonDB,TestDataset/CVC-ColonDB/images/170.png,4,17,8
TestDataset/CVC-300,TestDataset/CVC-300/images/184.png,TestDataset/CVC-ColonDB,TestDataset/CVC-ColonDB/images/174.png,6,23,8
TestDataset/CVC-300,TestDataset/CVC-300/images/184.png,TestDataset/CVC-ColonDB,TestDataset/CVC-ColonDB/images/175.png,5,18,8
TestDataset/CVC-300,TestDataset/CVC-300/images/184.png,TestDataset/CVC-ColonDB,TestDataset/CVC-ColonDB/images/181.png,2,15,8
TestDataset/CVC-300,TestDataset/CVC-300/images/184.png,TestDataset/CVC-ColonDB,TestDataset/CVC-ColonDB/images/182.png,3,15,8
TestDataset/CVC-300,TestDataset/CVC-300/images/184.png,TestDataset/CVC-ColonDB,TestDataset/CVC-ColonDB/images/184.png,0,0,0
TestDataset/CVC-300,TestDataset/CVC-300/images/184.png,TestDataset/CVC-ColonDB,TestDataset/CVC-ColonDB/images/185.png,1,8,4
TestDataset/CVC-300,TestDataset/CVC-300/images/184.png,TestDataset/CVC-ColonDB,TestDataset/CVC-ColonDB/images/186.png,2,10,6
TestDataset/CVC-300,TestDataset/CVC-300/images/184.png,TestDataset/CVC-ColonDB,TestDataset/CVC-ColonDB/images/199.png,3,7,6
TestDataset/CVC-300,TestDataset/CVC-300/images/185.png,TestDataset/CVC-ColonDB,TestDataset/CVC-ColonDB/images/184.png,1,8,4
TestDataset/CVC-300,TestDataset/CVC-300/images/185.png,TestDataset/CVC-ColonDB,TestDataset/CVC-ColonDB/images/185.png,0,0,0
TestDataset/CVC-300,TestDataset/CVC-300/images/185.png,TestDataset/CVC-ColonDB,TestDataset/CVC-ColonDB/images/186.png,1,6,6
TestDataset/CVC-300,TestDataset/CVC-300/images/185.png,TestDataset/CVC-ColonDB,TestDataset/CVC-ColonDB/images/199.png,4,9,6
TestDataset/CVC-300,TestDataset/CVC-300/images/186.png,TestDataset/CVC-ColonDB,TestDataset/CVC-ColonDB/images/164.png,8,17,8
TestDataset/CVC-300,TestDataset/CVC-300/images/186.png,TestDataset/CVC-ColonDB,TestDataset/CVC-ColonDB/images/173.png,6,23,8
TestDataset/CVC-300,TestDataset/CVC-300/images/186.png,TestDataset/CVC-ColonDB,TestDataset/CVC-ColonDB/images/174.png,6,17,8
TestDataset/CVC-300,TestDataset/CVC-300/images/186.png,TestDataset/CVC-ColonDB,TestDataset/CVC-ColonDB/images/175.png,3,12,6
TestDataset/CVC-300,TestDataset/CVC-300/images/186.png,TestDataset/CVC-ColonDB,TestDataset/CVC-ColonDB/images/184.png,2,10,6
TestDataset/CVC-300,TestDataset/CVC-300/images/186.png,TestDataset/CVC-ColonDB,TestDataset/CVC-ColonDB/images/185.png,1,6,6
TestDataset/CVC-300,TestDataset/CVC-300/images/186.png,TestDataset/CVC-ColonDB,TestDataset/CVC-ColonDB/images/186.png,0,0,0
TestDataset/CVC-300,TestDataset/CVC-300/images/186.png,TestDataset/CVC-ColonDB,TestDataset/CVC-ColonDB/images/192.png,5,17,8
TestDataset/CVC-300,TestDataset/CVC-300/images/187.png,TestDataset/CVC-ColonDB,TestDataset/CVC-ColonDB/images/187.png,0,0,0
TestDataset/CVC-300,TestDataset/CVC-300/images/187.png,TestDataset/CVC-ColonDB,TestDataset/CVC-ColonDB/images/200.png,1,5,4
TestDataset/CVC-300,TestDataset/CVC-300/images/188.png,TestDataset/CVC-ColonDB,TestDataset/CVC-ColonDB/images/182.png,4,23,8
TestDataset/CVC-300,TestDataset/CVC-300/images/188.png,TestDataset/CVC-ColonDB,TestDataset/CVC-ColonDB/images/188.png,0,0,0
TestDataset/CVC-300,TestDataset/CVC-300/images/188.png,TestDataset/CVC-ColonDB,TestDataset/CVC-ColonDB/images/201.png,1,4,8
TestDataset/CVC-300,TestDataset/CVC-300/images/189.png,TestDataset/CVC-ColonDB,TestDataset/CVC-ColonDB/images/189.png,0,0,0
TestDataset/CVC-300,TestDataset/CVC-300/images/190.png,TestDataset/CVC-ColonDB,TestDataset/CVC-ColonDB/images/190.png,0,0,0
TestDataset/CVC-300,TestDataset/CVC-300/images/190.png,TestDataset/CVC-ColonDB,TestDataset/CVC-ColonDB/images/203.png,0,0,0
TestDataset/CVC-300,TestDataset/CVC-300/images/191.png,TestDataset/CVC-ColonDB,TestDataset/CVC-ColonDB/images/161.png,6,13,6
TestDataset/CVC-300,TestDataset/CVC-300/images/191.png,TestDataset/CVC-ColonDB,TestDataset/CVC-ColonDB/images/162.png,8,15,4
TestDataset/CVC-300,TestDataset/CVC-300/images/191.png,TestDataset/CVC-ColonDB,TestDataset/CVC-ColonDB/images/171.png,4,11,8
TestDataset/CVC-300,TestDataset/CVC-300/images/191.png,TestDataset/CVC-ColonDB,TestDataset/CVC-ColonDB/images/173.png,3,9,4
TestDataset/CVC-300,TestDataset/CVC-300/images/191.png,TestDataset/CVC-ColonDB,TestDataset/CVC-ColonDB/images/174.png,5,9,8
TestDataset/CVC-300,TestDataset/CVC-300/images/191.png,TestDataset/CVC-ColonDB,TestDataset/CVC-ColonDB/images/179.png,3,12,8
TestDataset/CVC-300,TestDataset/CVC-300/images/191.png,TestDataset/CVC-ColonDB,TestDataset/CVC-ColonDB/images/180.png,5,10,8
TestDataset/CVC-300,TestDataset/CVC-300/images/191.png,TestDataset/CVC-ColonDB,TestDataset/CVC-ColonDB/images/181.png,3,17,8
TestDataset/CVC-300,TestDataset/CVC-300/images/191.png,TestDataset/CVC-ColonDB,TestDataset/CVC-ColonDB/images/191.png,0,0,0
TestDataset/CVC-300,TestDataset/CVC-300/images/191.png,TestDataset/CVC-ColonDB,TestDataset/CVC-ColonDB/images/192.png,2,5,6
TestDataset/CVC-300,TestDataset/CVC-300/images/191.png,TestDataset/CVC-ColonDB,TestDataset/CVC-ColonDB/images/195.png,3,21,8
TestDataset/CVC-300,TestDataset/CVC-300/images/191.png,TestDataset/CVC-ColonDB,TestDataset/CVC-ColonDB/images/196.png,3,12,8
TestDataset/CVC-300,TestDataset/CVC-300/images/191.png,TestDataset/CVC-ColonDB,TestDataset/CVC-ColonDB/images/197.png,5,11,8
TestDataset/CVC-300,TestDataset/CVC-300/images/191.png,TestDataset/CVC-ColonDB,TestDataset/CVC-ColonDB/images/202.png,5,17,8
TestDataset/CVC-300,TestDataset/CVC-300/images/191.png,TestDataset/CVC-ColonDB,TestDataset/CVC-ColonDB/images/304.png,8,31,8
TestDataset/CVC-300,TestDataset/CVC-300/images/191.png,TestDataset/CVC-ColonDB,TestDataset/CVC-ColonDB/images/305.png,8,30,8
TestDataset/CVC-300,TestDataset/CVC-300/images/192.png,TestDataset/CVC-ColonDB,TestDataset/CVC-ColonDB/images/162.png,6,16,8
TestDataset/CVC-300,TestDataset/CVC-300/images/192.png,TestDataset/CVC-ColonDB,TestDataset/CVC-ColonDB/images/164.png,5,14,8
TestDataset/CVC-300,TestDataset/CVC-300/images/192.png,TestDataset/CVC-ColonDB,TestDataset/CVC-ColonDB/images/165.png,5,14,8
TestDataset/CVC-300,TestDataset/CVC-300/images/192.png,TestDataset/CVC-ColonDB,TestDataset/CVC-ColonDB/images/171.png,6,16,6
TestDataset/CVC-300,TestDataset/CVC-300/images/192.png,TestDataset/CVC-ColonDB,TestDataset/CVC-ColonDB/images/173.png,1,10,4
TestDataset/CVC-300,TestDataset/CVC-300/images/192.png,TestDataset/CVC-ColonDB,TestDataset/CVC-ColonDB/images/174.png,3,6,2
TestDataset/CVC-300,TestDataset/CVC-300/images/192.png,TestDataset/CVC-ColonDB,TestDataset/CVC-ColonDB/images/175.png,6,15,8
TestDataset/CVC-300,TestDataset/CVC-300/images/192.png,TestDataset/CVC-ColonDB,TestDataset/CVC-ColonDB/images/180.png,3,15,6
TestDataset/CVC-300,TestDataset/CVC-300/images/192.png,TestDataset/CVC-ColonDB,TestDataset/CVC-ColonDB/images/181.png,3,20,6
TestDataset/CVC-300,TestDataset/CVC-300/images/192.png,TestDataset/CVC-ColonDB,TestDataset/CVC-ColonDB/images/182.png,2,24,6
TestDataset/CVC-300,TestDataset/CVC-300/images/192.png,TestDataset/CVC-ColonDB,TestDataset/CVC-ColonDB/images/186.png,5,17,8
TestDataset/CVC-300,TestDataset/CVC-300/images/192.png,TestDataset/CVC-ColonDB,TestDataset/CVC-ColonDB/images/191.png,2,5,6
TestDataset/CVC-300,TestDataset/CVC-300/images/192.png,TestDataset/CVC-ColonDB,TestDataset/CVC-ColonDB/images/192.png,0,0,0
TestDataset/CVC-300,TestDataset/CVC-300/images/192.png,TestDataset/CVC-ColonDB,TestDataset/CVC-ColonDB/images/197.png,3,14,6
TestDataset/CVC-300,TestDataset/CVC-300/images/193.png,TestDataset/CVC-ColonDB,TestDataset/CVC-ColonDB/images/175.png,2,6,12
TestDataset/CVC-300,TestDataset/CVC-300/images/193.png,TestDataset/CVC-ColonDB,TestDataset/CVC-ColonDB/images/193.png,0,0,0
TestDataset/CVC-300,TestDataset/CVC-300/images/194.png,TestDataset/CVC-ColonDB,TestDataset/CVC-ColonDB/images/173.png,3,13,8
TestDataset/CVC-300,TestDataset/CVC-300/images/194.png,TestDataset/CVC-ColonDB,TestDataset/CVC-ColonDB/images/175.png,2,8,8
TestDataset/CVC-300,TestDataset/CVC-300/images/194.png,TestDataset/CVC-ColonDB,TestDataset/CVC-ColonDB/images/176.png,0,1,0
TestDataset/CVC-300,TestDataset/CVC-300/images/194.png,TestDataset/CVC-ColonDB,TestDataset/CVC-ColonDB/images/180.png,1,10,8
TestDataset/CVC-300,TestDataset/CVC-300/images/194.png,TestDataset/CVC-ColonDB,TestDataset/CVC-ColonDB/images/194.png,0,0,0
TestDataset/CVC-300,TestDataset/CVC-300/images/194.png,TestDataset/CVC-ColonDB,TestDataset/CVC-ColonDB/images/197.png,1,9,8
TestDataset/CVC-300,TestDataset/CVC-300/images/195.png,TestDataset/CVC-ColonDB,TestDataset/CVC-ColonDB/images/163.png,8,25,8
TestDataset/CVC-300,TestDataset/CVC-300/images/195.png,TestDataset/CVC-ColonDB,TestDataset/CVC-ColonDB/images/177.png,3,8,8
TestDataset/CVC-300,TestDataset/CVC-300/images/195.png,TestDataset/CVC-ColonDB,TestDataset/CVC-ColonDB/images/179.png,6,21,8
TestDataset/CVC-300,TestDataset/CVC-300/images/195.png,TestDataset/CVC-ColonDB,TestDataset/CVC-ColonDB/images/191.png,3,21,8
TestDataset/CVC-300,TestDataset/CVC-300/images/195.png,TestDataset/CVC-ColonDB,TestDataset/CVC-ColonDB/images/195.png,0,0,0
TestDataset/CVC-300,TestDataset/CVC-300/images/195.png,TestDataset/CVC-ColonDB,TestDataset/CVC-ColonDB/images/196.png,6,21,8
TestDataset/CVC-300,TestDataset/CVC-300/images/195.png,TestDataset/CVC-ColonDB,TestDataset/CVC-ColonDB/images/202.png,4,10,8
TestDataset/CVC-300,TestDataset/CVC-300/images/195.png,TestDataset/CVC-ColonDB,TestDataset/CVC-ColonDB/images/306.png,8,24,8
TestDataset/CVC-300,TestDataset/CVC-300/images/196.png,TestDataset/CVC-ColonDB,TestDataset/CVC-ColonDB/images/110.png,6,22,8
TestDataset/CVC-300,TestDataset/CVC-300/images/196.png,TestDataset/CVC-ColonDB,TestDataset/CVC-ColonDB/images/179.png,0,0,4
TestDataset/CVC-300,TestDataset/CVC-300/images/196.png,TestDataset/CVC-ColonDB,TestDataset/CVC-ColonDB/images/191.png,3,12,8
TestDataset/CVC-300,TestDataset/CVC-300/images/196.png,TestDataset/CVC-ColonDB,TestDataset/CVC-ColonDB/images/195.png,6,21,8
TestDataset/CVC-300,TestDataset/CVC-300/images/196.png,TestDataset/CVC-ColonDB,TestDataset/CVC-ColonDB/images/196.png,0,0,0
TestDataset/CVC-300,TestDataset/CVC-300/images/197.png,TestDataset/CVC-ColonDB,TestDataset/CVC-ColonDB/images/163.png,4,15,8
TestDataset/CVC-300,TestDataset/CVC-300/images/197.png,TestDataset/CVC-ColonDB,TestDataset/CVC-ColonDB/images/173.png,2,14,4
TestDataset/CVC-300,TestDataset/CVC-300/images/197.png,TestDataset/CVC-ColonDB,TestDataset/CVC-ColonDB/images/174.png,2,12,6
TestDataset/CVC-300,TestDataset/CVC-300/images/197.png,TestDataset/CVC-ColonDB,TestDataset/CVC-ColonDB/images/175.png,3,11,8
TestDataset/CVC-300,TestDataset/CVC-300/images/197.png,TestDataset/CVC-ColonDB,TestDataset/CVC-ColonDB/images/176.png,1,8,8
TestDataset/CVC-300,TestDataset/CVC-300/images/197.png,TestDataset/CVC-ColonDB,TestDataset/CVC-ColonDB/images/179.png,8,15,8
TestDataset/CVC-300,TestDataset/CVC-300/images/197.png,TestDataset/CVC-ColonDB,TestDataset/CVC-ColonDB/images/180.png,0,1,0
TestDataset/CVC-300,TestDataset/CVC-300/images/197.png,TestDataset/CVC-ColonDB,TestDataset/CVC-ColonDB/images/181.png,4,22,8
TestDataset/CVC-300,TestDataset/CVC-300/images/197.png,TestDataset/CVC-ColonDB,TestDataset/CVC-ColonDB/images/182.png,5,22,8
TestDataset/CVC-300,TestDataset/CVC-300/images/197.png,TestDataset/CVC-ColonDB,TestDataset/CVC-ColonDB/images/191.png,5,11,8
TestDataset/CVC-300,TestDataset/CVC-300/images/197.png,TestDataset/CVC-ColonDB,TestDataset/CVC-ColonDB/images/192.png,3,14,6
TestDataset/CVC-300,TestDataset/CVC-300/images/197.png,TestDataset/CVC-ColonDB,TestDataset/CVC-ColonDB/images/194.png,1,9,8
TestDataset/CVC-300,TestDataset/CVC-300/images/197.png,TestDataset/CVC-ColonDB,TestDataset/CVC-ColonDB/images/197.png,0,0,0
TestDataset/CVC-300,TestDataset/CVC-300/images/197.png,TestDataset/CVC-ColonDB,TestDataset/CVC-ColonDB/images/202.png,2,18,6
TestDataset/CVC-300,TestDataset/CVC-300/images/197.png,TestDataset/CVC-ColonDB,TestDataset/CVC-ColonDB/images/307.png,8,27,8
TestDataset/CVC-300,TestDataset/CVC-300/images/198.png,TestDataset/CVC-ColonDB,TestDataset/CVC-ColonDB/images/181.png,3,17,8
TestDataset/CVC-300,TestDataset/CVC-300/images/198.png,TestDataset/CVC-ColonDB,TestDataset/CVC-ColonDB/images/182.png,2,17,8
TestDataset/CVC-300,TestDataset/CVC-300/images/198.png,TestDataset/CVC-ColonDB,TestDataset/CVC-ColonDB/images/183.png,0,0,0
TestDataset/CVC-300,TestDataset/CVC-300/images/198.png,TestDataset/CVC-ColonDB,TestDataset/CVC-ColonDB/images/198.png,0,0,0
TestDataset/CVC-300,TestDataset/CVC-300/images/199.png,TestDataset/CVC-ColonDB,TestDataset/CVC-ColonDB/images/184.png,3,7,6
TestDataset/CVC-300,TestDataset/CVC-300/images/199.png,TestDataset/CVC-ColonDB,TestDataset/CVC-ColonDB/images/185.png,4,9,6
TestDataset/CVC-300,TestDataset/CVC-300/images/199.png,TestDataset/CVC-ColonDB,TestDataset/CVC-ColonDB/images/199.png,0,0,0
TestDataset/CVC-300,TestDataset/CVC-300/images/200.png,TestDataset/CVC-ColonDB,TestDataset/CVC-ColonDB/images/187.png,1,5,4
TestDataset/CVC-300,TestDataset/CVC-300/images/200.png,TestDataset/CVC-ColonDB,TestDataset/CVC-ColonDB/images/200.png,0,0,0
TestDataset/CVC-300,TestDataset/CVC-300/images/201.png,TestDataset/CVC-ColonDB,TestDataset/CVC-ColonDB/images/188.png,1,4,8
TestDataset/CVC-300,TestDataset/CVC-300/images/201.png,TestDataset/CVC-ColonDB,TestDataset/CVC-ColonDB/images/201.png,0,0,0
TestDataset/CVC-300,TestDataset/CVC-300/images/202.png,TestDataset/CVC-ColonDB,TestDataset/CVC-ColonDB/images/161.png,3,22,8
TestDataset/CVC-300,TestDataset/CVC-300/images/202.png,TestDataset/CVC-ColonDB,TestDataset/CVC-ColonDB/images/162.png,5,26,8
TestDataset/CVC-300,TestDataset/CVC-300/images/202.png,TestDataset/CVC-ColonDB,TestDataset/CVC-ColonDB/images/163.png,6,21,8
TestDataset/CVC-300,TestDataset/CVC-300/images/202.png,TestDataset/CVC-ColonDB,TestDataset/CVC-ColonDB/images/173.png,2,10,6
TestDataset/CVC-300,TestDataset/CVC-300/images/202.png,TestDataset/CVC-ColonDB,TestDataset/CVC-ColonDB/images/177.png,3,10,8
TestDataset/CVC-300,TestDataset/CVC-300/images/202.png,TestDataset/CVC-ColonDB,TestDataset/CVC-ColonDB/images/179.png,8,23,6
TestDataset/CVC-300,TestDataset/CVC-300/images/202.png,TestDataset/CVC-ColonDB,TestDataset/CVC-ColonDB/images/180.png,2,17,6
TestDataset/CVC-300,TestDataset/CVC-300/images/202.png,TestDataset/CVC-ColonDB,TestDataset/CVC-ColonDB/images/191.png,5,17,8
TestDataset/CVC-300,TestDataset/CVC-300/images/202.png,TestDataset/CVC-ColonDB,TestDataset/CVC-ColonDB/images/195.png,4,10,8
TestDataset/CVC-300,TestDataset/CVC-300/images/202.png,TestDataset/CVC-ColonDB,TestDataset/CVC-ColonDB/images/197.png,2,18,6
TestDataset/CVC-300,TestDataset/CVC-300/images/202.png,TestDataset/CVC-ColonDB,TestDataset/CVC-ColonDB/images/202.png,0,0,0
TestDataset/CVC-300,TestDataset/CVC-300/images/203.png,TestDataset/CVC-ColonDB,TestDataset/CVC-ColonDB/images/190.png,0,0,0
TestDataset/CVC-300,TestDataset/CVC-300/images/203.png,TestDataset/CVC-ColonDB,TestDataset/CVC-ColonDB/images/203.png,0,0,0
TestDataset/CVC-300,TestDataset/CVC-300/images/204.png,TestDataset/CVC-ColonDB,TestDataset/CVC-ColonDB/images/204.png,0,0,0
TestDataset/CVC-300,TestDataset/CVC-300/images/204.png,TestDataset/CVC-ColonDB,TestDataset/CVC-ColonDB/images/207.png,12,6,8
TestDataset/CVC-300,TestDataset/CVC-300/images/205.png,TestDataset/CVC-ColonDB,TestDataset/CVC-ColonDB/images/205.png,0,0,0
TestDataset/CVC-300,TestDataset/CVC-300/images/205.png,TestDataset/CVC-ColonDB,TestDataset/CVC-ColonDB/images/207.png,5,8,14
TestDataset/CVC-300,TestDataset/CVC-300/images/206.png,TestDataset/CVC-ColonDB,TestDataset/CVC-ColonDB/images/206.png,0,0,0
TestDataset/CVC-300,TestDataset/CVC-300/images/206.png,TestDataset/CVC-ColonDB,TestDataset/CVC-ColonDB/images/208.png,2,5,2
TestDataset/CVC-300,TestDataset/CVC-300/images/207.png,TestDataset/CVC-ColonDB,TestDataset/CVC-ColonDB/images/204.png,12,6,8
TestDataset/CVC-300,TestDataset/CVC-300/images/207.png,TestDataset/CVC-ColonDB,TestDataset/CVC-ColonDB/images/205.png,5,8,14
TestDataset/CVC-300,TestDataset/CVC-300/images/207.png,TestDataset/CVC-ColonDB,TestDataset/CVC-ColonDB/images/207.png,0,0,0
TestDataset/CVC-300,TestDataset/CVC-300/images/208.png,TestDataset/CVC-ColonDB,TestDataset/CVC-ColonDB/images/206.png,2,5,2
TestDataset/CVC-300,TestDataset/CVC-300/images/208.png,TestDataset/CVC-ColonDB,TestDataset/CVC-ColonDB/images/208.png,0,0,0
TestDataset/CVC-300,TestDataset/CVC-300/images/206.png,TrainDataset,TrainDataset/images/462.png,4,8,14
TestDataset/CVC-300,TestDataset/CVC-300/images/208.png,TrainDataset,TrainDataset/images/330.png,8,8,16
TestDataset/CVC-ClinicDB,TestDataset/CVC-ClinicDB/images/163.png,TestDataset/CVC-ClinicDB,TestDataset/CVC-ClinicDB/images/429.png,8,7,18
TestDataset/CVC-ClinicDB,TestDataset/CVC-ClinicDB/images/163.png,TestDataset/CVC-ClinicDB,TestDataset/CVC-ClinicDB/images/442.png,7,8,22
TestDataset/CVC-ClinicDB,TestDataset/CVC-ClinicDB/images/163.png,TestDataset/CVC-ClinicDB,TestDataset/CVC-ClinicDB/images/50.png,5,9,8
TestDataset/CVC-ClinicDB,TestDataset/CVC-ClinicDB/images/179.png,TestDataset/CVC-ClinicDB,TestDataset/CVC-ClinicDB/images/181.png,1,8,6
TestDataset/CVC-ClinicDB,TestDataset/CVC-ClinicDB/images/179.png,TestDataset/CVC-ClinicDB,TestDataset/CVC-ClinicDB/images/307.png,5,16,8
TestDataset/CVC-ClinicDB,TestDataset/CVC-ClinicDB/images/181.png,TestDataset/CVC-ClinicDB,TestDataset/CVC-ClinicDB/images/191.png,4,8,18
TestDataset/CVC-ClinicDB,TestDataset/CVC-ClinicDB/images/181.png,TestDataset/CVC-ClinicDB,TestDataset/CVC-ClinicDB/images/307.png,4,10,8
TestDataset/CVC-ClinicDB,TestDataset/CVC-ClinicDB/images/185.png,TestDataset/CVC-ClinicDB,TestDataset/CVC-ClinicDB/images/191.png,5,10,8
TestDataset/CVC-ClinicDB,TestDataset/CVC-ClinicDB/images/185.png,TestDataset/CVC-ClinicDB,TestDataset/CVC-ClinicDB/images/374.png,7,17,8
TestDataset/CVC-ClinicDB,TestDataset/CVC-ClinicDB/images/240.png,TestDataset/CVC-ClinicDB,TestDataset/CVC-ClinicDB/images/251.png,2,2,10
TestDataset/CVC-ClinicDB,TestDataset/CVC-ClinicDB/images/25.png,TestDataset/CVC-ClinicDB,TestDataset/CVC-ClinicDB/images/442.png,5,8,22
TestDataset/CVC-ClinicDB,TestDataset/CVC-ClinicDB/images/31.png,TestDataset/CVC-ClinicDB,TestDataset/CVC-ClinicDB/images/442.png,6,6,16
TestDataset/CVC-ClinicDB,TestDataset/CVC-ClinicDB/images/31.png,TestDataset/CVC-ClinicDB,TestDataset/CVC-ClinicDB/images/50.png,4,9,6
TestDataset/CVC-ClinicDB,TestDataset/CVC-ClinicDB/images/374.png,TestDataset/CVC-ClinicDB,TestDataset/CVC-ClinicDB/images/381.png,2,5,6
TestDataset/CVC-ClinicDB,TestDataset/CVC-ClinicDB/images/381.png,TestDataset/CVC-ClinicDB,TestDataset/CVC-ClinicDB/images/474.png,6,11,8
TestDataset/CVC-ClinicDB,TestDataset/CVC-ClinicDB/images/381.png,TestDataset/CVC-ClinicDB,TestDataset/CVC-ClinicDB/images/555.png,7,11,8
TestDataset/CVC-ClinicDB,TestDataset/CVC-ClinicDB/images/400.png,TestDataset/CVC-ClinicDB,TestDataset/CVC-ClinicDB/images/404.png,5,6,12
TestDataset/CVC-ClinicDB,TestDataset/CVC-ClinicDB/images/429.png,TestDataset/CVC-ClinicDB,TestDataset/CVC-ClinicDB/images/431.png,1,6,10
TestDataset/CVC-ClinicDB,TestDataset/CVC-ClinicDB/images/453.png,TestDataset/CVC-ClinicDB,TestDataset/CVC-ClinicDB/images/459.png,3,18,6
TestDataset/CVC-ClinicDB,TestDataset/CVC-ClinicDB/images/459.png,TestDataset/CVC-ClinicDB,TestDataset/CVC-ClinicDB/images/464.png,3,16,6
TestDataset/CVC-ClinicDB,TestDataset/CVC-ClinicDB/images/481.png,TestDataset/CVC-ClinicDB,TestDataset/CVC-ClinicDB/images/483.png,1,3,12
TestDataset/CVC-ClinicDB,TestDataset/CVC-ClinicDB/images/80.png,TestDataset/CVC-ClinicDB,TestDataset/CVC-ClinicDB/images/89.png,3,7,12
TestDataset/CVC-ClinicDB,TestDataset/CVC-ClinicDB/images/119.png,TestDataset/CVC-ColonDB,TestDataset/CVC-ColonDB/images/59.png,5,8,20
TestDataset/CVC-ClinicDB,TestDataset/CVC-ClinicDB/images/134.png,TestDataset/CVC-ColonDB,TestDataset/CVC-ColonDB/images/67.png,7,8,16
TestDataset/CVC-ClinicDB,TestDataset/CVC-ClinicDB/images/148.png,TestDataset/CVC-ColonDB,TestDataset/CVC-ColonDB/images/226.png,7,8,16
TestDataset/CVC-ClinicDB,TestDataset/CVC-ClinicDB/images/163.png,TestDataset/CVC-ColonDB,TestDataset/CVC-ColonDB/images/233.png,7,7,12
TestDataset/CVC-ClinicDB,TestDataset/CVC-ClinicDB/images/163.png,TestDataset/CVC-ColonDB,TestDataset/CVC-ColonDB/images/236.png,4,7,14
TestDataset/CVC-ClinicDB,TestDataset/CVC-ClinicDB/images/163.png,TestDataset/CVC-ColonDB,TestDataset/CVC-ColonDB/images/237.png,6,8,20
TestDataset/CVC-ClinicDB,TestDataset/CVC-ClinicDB/images/163.png,TestDataset/CVC-ColonDB,TestDataset/CVC-ColonDB/images/282.png,4,8,18
TestDataset/CVC-ClinicDB,TestDataset/CVC-ClinicDB/images/163.png,TestDataset/CVC-ColonDB,TestDataset/CVC-ColonDB/images/43.png,6,6,24
TestDataset/CVC-ClinicDB,TestDataset/CVC-ClinicDB/images/163.png,TestDataset/CVC-ColonDB,TestDataset/CVC-ColonDB/images/45.png,7,8,28
TestDataset/CVC-ClinicDB,TestDataset/CVC-ClinicDB/images/163.png,TestDataset/CVC-ColonDB,TestDataset/CVC-ColonDB/images/47.png,6,7,24
TestDataset/CVC-ClinicDB,TestDataset/CVC-ClinicDB/images/163.png,TestDataset/CVC-ColonDB,TestDataset/CVC-ColonDB/images/49.png,8,5,22
TestDataset/CVC-ClinicDB,TestDataset/CVC-ClinicDB/images/163.png,TestDataset/CVC-ColonDB,TestDataset/CVC-ColonDB/images/52.png,7,8,26
TestDataset/CVC-ClinicDB,TestDataset/CVC-ClinicDB/images/163.png,TestDataset/CVC-ColonDB,TestDataset/CVC-ColonDB/images/57.png,8,8,28
TestDataset/CVC-ClinicDB,TestDataset/CVC-ClinicDB/images/31.png,TestDataset/CVC-ColonDB,TestDataset/CVC-ColonDB/images/45.png,6,8,28
TestDataset/CVC-ClinicDB,TestDataset/CVC-ClinicDB/images/31.png,TestDataset/CVC-ColonDB,TestDataset/CVC-ColonDB/images/57.png,7,8,28
TestDataset/CVC-ClinicDB,TestDataset/CVC-ClinicDB/images/31.png,TestDataset/CVC-ColonDB,TestDataset/CVC-ColonDB/images/58.png,6,7,28
TestDataset/CVC-ClinicDB,TestDataset/CVC-ClinicDB/images/31.png,TestDataset/CVC-ColonDB,TestDataset/CVC-ColonDB/images/59.png,7,7,28
TestDataset/CVC-ClinicDB,TestDataset/CVC-ClinicDB/images/431.png,TestDataset/CVC-ColonDB,TestDataset/CVC-ColonDB/images/5.png,8,8,20
TestDataset/CVC-ClinicDB,TestDataset/CVC-ClinicDB/images/481.png,TestDataset/CVC-ColonDB,TestDataset/CVC-ColonDB/images/57.png,8,7,24
TestDataset/CVC-ClinicDB,TestDataset/CVC-ClinicDB/images/483.png,TestDataset/CVC-ColonDB,TestDataset/CVC-ColonDB/images/57.png,7,8,30
TestDataset/CVC-ClinicDB,TestDataset/CVC-ClinicDB/images/50.png,TestDataset/CVC-ColonDB,TestDataset/CVC-ColonDB/images/236.png,7,8,16
TestDataset/CVC-ClinicDB,TestDataset/CVC-ClinicDB/images/50.png,TestDataset/CVC-ColonDB,TestDataset/CVC-ColonDB/images/26.png,6,4,16
TestDataset/CVC-ClinicDB,TestDataset/CVC-ClinicDB/images/50.png,TestDataset/CVC-ColonDB,TestDataset/CVC-ColonDB/images/283.png,7,7,16
TestDataset/CVC-ClinicDB,TestDataset/CVC-ClinicDB/images/50.png,TestDataset/CVC-ColonDB,TestDataset/CVC-ColonDB/images/6.png,7,4,20
TestDataset/CVC-ClinicDB,TestDataset/CVC-ClinicDB/images/50.png,TestDataset/CVC-ColonDB,TestDataset/CVC-ColonDB/images/8.png,5,2,16
TestDataset/CVC-ClinicDB,TestDataset/CVC-ClinicDB/images/50.png,TestDataset/CVC-ColonDB,TestDataset/CVC-ColonDB/images/9.png,8,3,18
TestDataset/CVC-ClinicDB,TestDataset/CVC-ClinicDB/images/555.png,TestDataset/CVC-ColonDB,TestDataset/CVC-ColonDB/images/67.png,5,12,8
TestDataset/CVC-ClinicDB,TestDataset/CVC-ClinicDB/images/555.png,TestDataset/CVC-ColonDB,TestDataset/CVC-ColonDB/images/68.png,7,7,12
TestDataset/CVC-ClinicDB,TestDataset/CVC-ClinicDB/images/89.png,TestDataset/CVC-ColonDB,TestDataset/CVC-ColonDB/images/229.png,3,6,14
TestDataset/CVC-ClinicDB,TestDataset/CVC-ClinicDB/images/89.png,TestDataset/CVC-ColonDB,TestDataset/CVC-ColonDB/images/230.png,7,8,14
TestDataset/CVC-ClinicDB,TestDataset/CVC-ClinicDB/images/89.png,TestDataset/CVC-ColonDB,TestDataset/CVC-ColonDB/images/231.png,8,8,20
TestDataset/CVC-ClinicDB,TestDataset/CVC-ClinicDB/images/89.png,TestDataset/CVC-ColonDB,TestDataset/CVC-ColonDB/images/237.png,8,8,18
TestDataset/CVC-ClinicDB,TestDataset/CVC-ClinicDB/images/89.png,TestDataset/CVC-ColonDB,TestDataset/CVC-ColonDB/images/238.png,8,8,14
TestDataset/CVC-ClinicDB,TestDataset/CVC-ClinicDB/images/89.png,TestDataset/CVC-ColonDB,TestDataset/CVC-ColonDB/images/274.png,8,7,14
TestDataset/CVC-ClinicDB,TestDataset/CVC-ClinicDB/images/89.png,TestDataset/CVC-ColonDB,TestDataset/CVC-ColonDB/images/282.png,4,8,14
TestDataset/CVC-ClinicDB,TestDataset/CVC-ClinicDB/images/89.png,TestDataset/CVC-ColonDB,TestDataset/CVC-ColonDB/images/283.png,4,8,12
TestDataset/CVC-ClinicDB,TestDataset/CVC-ClinicDB/images/89.png,TestDataset/CVC-ColonDB,TestDataset/CVC-ColonDB/images/294.png,8,7,14
TestDataset/CVC-ClinicDB,TestDataset/CVC-ClinicDB/images/89.png,TestDataset/CVC-ColonDB,TestDataset/CVC-ColonDB/images/47.png,6,7,18
TestDataset/CVC-ClinicDB,TestDataset/CVC-ClinicDB/images/31.png,TestDataset/ETIS-LaribPolypDB,TestDataset/ETIS-LaribPolypDB/images/41.png,8,7,18
TestDataset/CVC-ClinicDB,TestDataset/CVC-ClinicDB/images/431.png,TestDataset/Kvasir,TestDataset/Kvasir/images/cju7awzmu1ncs0871hziy65zx.png,8,7,26
TestDataset/CVC-ClinicDB,TestDataset/CVC-ClinicDB/images/89.png,TestDataset/Kvasir,TestDataset/Kvasir/images/cju84hibuktj80871u519o71q.png,8,5,22
TestDataset/CVC-ClinicDB,TestDataset/CVC-ClinicDB/images/100.png,TrainDataset,TrainDataset/images/98.png,5,13,8
TestDataset/CVC-ClinicDB,TestDataset/CVC-ClinicDB/images/106.png,TrainDataset,TrainDataset/images/125.png,8,18,8
TestDataset/CVC-ClinicDB,TestDataset/CVC-ClinicDB/images/119.png,TrainDataset,TrainDataset/images/115.png,2,6,4
TestDataset/CVC-ClinicDB,TestDataset/CVC-ClinicDB/images/119.png,TrainDataset,TrainDataset/images/120.png,3,7,8
TestDataset/CVC-ClinicDB,TestDataset/CVC-ClinicDB/images/119.png,TrainDataset,TrainDataset/images/121.png,3,7,8
TestDataset/CVC-ClinicDB,TestDataset/CVC-ClinicDB/images/119.png,TrainDataset,TrainDataset/images/30.png,5,8,22
TestDataset/CVC-ClinicDB,TestDataset/CVC-ClinicDB/images/119.png,TrainDataset,TrainDataset/images/451.png,6,8,14
TestDataset/CVC-ClinicDB,TestDataset/CVC-ClinicDB/images/119.png,TrainDataset,TrainDataset/images/452.png,7,12,6
TestDataset/CVC-ClinicDB,TestDataset/CVC-ClinicDB/images/134.png,TrainDataset,TrainDataset/images/130.png,6,8,16
TestDataset/CVC-ClinicDB,TestDataset/CVC-ClinicDB/images/134.png,TrainDataset,TrainDataset/images/151.png,3,8,18
TestDataset/CVC-ClinicDB,TestDataset/CVC-ClinicDB/images/134.png,TrainDataset,TrainDataset/images/327.png,7,8,20
TestDataset/CVC-ClinicDB,TestDataset/CVC-ClinicDB/images/134.png,TrainDataset,TrainDataset/images/34.png,8,7,20
TestDataset/CVC-ClinicDB,TestDataset/CVC-ClinicDB/images/134.png,TrainDataset,TrainDataset/images/551.png,5,8,14
TestDataset/CVC-ClinicDB,TestDataset/CVC-ClinicDB/images/148.png,TrainDataset,TrainDataset/images/150.png,3,7,16
TestDataset/CVC-ClinicDB,TestDataset/CVC-ClinicDB/images/148.png,TrainDataset,TrainDataset/images/322.png,6,8,18
TestDataset/CVC-ClinicDB,TestDataset/CVC-ClinicDB/images/154.png,TrainDataset,TrainDataset/images/172.png,8,6,18
TestDataset/CVC-ClinicDB,TestDataset/CVC-ClinicDB/images/163.png,TrainDataset,TrainDataset/images/102.png,8,8,26
TestDataset/CVC-ClinicDB,TestDataset/CVC-ClinicDB/images/163.png,TrainDataset,TrainDataset/images/159.png,2,10,8
TestDataset/CVC-ClinicDB,TestDataset/CVC-ClinicDB/images/163.png,TrainDataset,TrainDataset/images/169.png,2,8,14
TestDataset/CVC-ClinicDB,TestDataset/CVC-ClinicDB/images/163.png,TrainDataset,TrainDataset/images/36.png,4,8,12
TestDataset/CVC-ClinicDB,TestDataset/CVC-ClinicDB/images/163.png,TrainDataset,TrainDataset/images/430.png,7,7,16
TestDataset/CVC-ClinicDB,TestDataset/CVC-ClinicDB/images/163.png,TrainDataset,TrainDataset/images/456.png,8,8,16
TestDataset/CVC-ClinicDB,TestDataset/CVC-ClinicDB/images/163.png,TrainDataset,TrainDataset/images/48.png,5,8,8
TestDataset/CVC-ClinicDB,TestDataset/CVC-ClinicDB/images/163.png,TrainDataset,TrainDataset/images/90.png,7,8,14
TestDataset/CVC-ClinicDB,TestDataset/CVC-ClinicDB/images/166.png,TrainDataset,TrainDataset/images/230.png,4,8,18
TestDataset/CVC-ClinicDB,TestDataset/CVC-ClinicDB/images/171.png,TrainDataset,TrainDataset/images/169.png,2,5,8
TestDataset/CVC-ClinicDB,TestDataset/CVC-ClinicDB/images/171.png,TrainDataset,TrainDataset/images/cju3wstckialg0871xs0vevsj.png,8,8,20
TestDataset/CVC-ClinicDB,TestDataset/CVC-ClinicDB/images/179.png,TrainDataset,TrainDataset/images/180.png,1,8,4
TestDataset/CVC-ClinicDB,TestDataset/CVC-ClinicDB/images/179.png,TrainDataset,TrainDataset/images/193.png,1,5,2
TestDataset/CVC-ClinicDB,TestDataset/CVC-ClinicDB/images/179.png,TrainDataset,TrainDataset/images/194.png,7,12,8
TestDataset/CVC-ClinicDB,TestDataset/CVC-ClinicDB/images/179.png,TrainDataset,TrainDataset/images/195.png,7,10,8
TestDataset/CVC-ClinicDB,TestDataset/CVC-ClinicDB/images/179.png,TrainDataset,TrainDataset/images/196.png,7,11,8
TestDataset/CVC-ClinicDB,TestDataset/CVC-ClinicDB/images/179.png,TrainDataset,TrainDataset/images/215.png,4,10,8
TestDataset/CVC-ClinicDB,TestDataset/CVC-ClinicDB/images/179.png,TrainDataset,TrainDataset/images/216.png,5,10,6
TestDataset/CVC-ClinicDB,TestDataset/CVC-ClinicDB/images/179.png,TrainDataset,TrainDataset/images/219.png,5,12,8
TestDataset/CVC-ClinicDB,TestDataset/CVC-ClinicDB/images/179.png,TrainDataset,TrainDataset/images/226.png,6,14,8
TestDataset/CVC-ClinicDB,TestDataset/CVC-ClinicDB/images/179.png,TrainDataset,TrainDataset/images/375.png,8,14,8
TestDataset/CVC-ClinicDB,TestDataset/CVC-ClinicDB/images/179.png,TrainDataset,TrainDataset/images/379.png,8,15,8
TestDataset/CVC-ClinicDB,TestDataset/CVC-ClinicDB/images/181.png,TrainDataset,TrainDataset/images/180.png,0,0,2
TestDataset/CVC-ClinicDB,TestDataset/CVC-ClinicDB/images/181.png,TrainDataset,TrainDataset/images/183.png,2,3,4
TestDataset/CVC-ClinicDB,TestDataset/CVC-ClinicDB/images/181.png,TrainDataset,TrainDataset/images/193.png,2,7,6
TestDataset/CVC-ClinicDB,TestDataset/CVC-ClinicDB/images/181.png,TrainDataset,TrainDataset/images/194.png,6,8,8
TestDataset/CVC-ClinicDB,TestDataset/CVC-ClinicDB/images/181.png,TrainDataset,TrainDataset/images/195.png,6,6,8
TestDataset/CVC-ClinicDB,TestDataset/CVC-ClinicDB/images/181.png,TrainDataset,TrainDataset/images/196.png,6,7,8
TestDataset/CVC-ClinicDB,TestDataset/CVC-ClinicDB/images/181.png,TrainDataset,TrainDataset/images/197.png,4,8,6
TestDataset/CVC-ClinicDB,TestDataset/CVC-ClinicDB/images/181.png,TrainDataset,TrainDataset/images/198.png,3,6,8
TestDataset/CVC-ClinicDB,TestDataset/CVC-ClinicDB/images/181.png,TrainDataset,TrainDataset/images/199.png,3,6,8
TestDataset/CVC-ClinicDB,TestDataset/CVC-ClinicDB/images/181.png,TrainDataset,TrainDataset/images/215.png,5,8,14
TestDataset/CVC-ClinicDB,TestDataset/CVC-ClinicDB/images/181.png,TrainDataset,TrainDataset/images/216.png,6,8,6
TestDataset/CVC-ClinicDB,TestDataset/CVC-ClinicDB/images/181.png,TrainDataset,TrainDataset/images/226.png,7,8,10
TestDataset/CVC-ClinicDB,TestDataset/CVC-ClinicDB/images/181.png,TrainDataset,TrainDataset/images/368.png,7,15,8
TestDataset/CVC-ClinicDB,TestDataset/CVC-ClinicDB/images/181.png,TrainDataset,TrainDataset/images/369.png,7,15,8
TestDataset/CVC-ClinicDB,TestDataset/CVC-ClinicDB/images/181.png,TrainDataset,TrainDataset/images/382.png,8,17,8
TestDataset/CVC-ClinicDB,TestDataset/CVC-ClinicDB/images/185.png,TrainDataset,TrainDataset/images/184.png,3,11,8
TestDataset/CVC-ClinicDB,TestDataset/CVC-ClinicDB/images/185.png,TrainDataset,TrainDataset/images/186.png,1,9,6
TestDataset/CVC-ClinicDB,TestDataset/CVC-ClinicDB/images/185.png,TrainDataset,TrainDataset/images/192.png,2,11,6
TestDataset/CVC-ClinicDB,TestDataset/CVC-ClinicDB/images/185.png,TrainDataset,TrainDataset/images/377.png,7,15,8
TestDataset/CVC-ClinicDB,TestDataset/CVC-ClinicDB/images/185.png,TrainDataset,TrainDataset/images/378.png,7,14,8
TestDataset/CVC-ClinicDB,TestDataset/CVC-ClinicDB/images/191.png,TrainDataset,TrainDataset/images/180.png,4,8,20
TestDataset/CVC-ClinicDB,TestDataset/CVC-ClinicDB/images/191.png,TrainDataset,TrainDataset/images/184.png,2,13,8
TestDataset/CVC-ClinicDB,TestDataset/CVC-ClinicDB/images/191.png,TrainDataset,TrainDataset/images/192.png,3,5,10
TestDataset/CVC-ClinicDB,TestDataset/CVC-ClinicDB/images/191.png,TrainDataset,TrainDataset/images/224.png,8,8,16
TestDataset/CVC-ClinicDB,TestDataset/CVC-ClinicDB/images/191.png,TrainDataset,TrainDataset/images/256.png,8,16,8
TestDataset/CVC-ClinicDB,TestDataset/CVC-ClinicDB/images/191.png,TrainDataset,TrainDataset/images/544.png,8,8,22
TestDataset/CVC-ClinicDB,TestDataset/CVC-ClinicDB/images/191.png,TrainDataset,TrainDataset/images/cju34ymm8d6700799uop0cw33.png,6,7,26
TestDataset/CVC-ClinicDB,TestDataset/CVC-ClinicDB/images/205.png,TrainDataset,TrainDataset/images/232.png,4,18,8
TestDataset/CVC-ClinicDB,TestDataset/CVC-ClinicDB/images/205.png,TrainDataset,TrainDataset/images/233.png,4,18,8
TestDataset/CVC-ClinicDB,TestDataset/CVC-ClinicDB/images/205.png,TrainDataset,TrainDataset/images/234.png,5,16,8
TestDataset/CVC-ClinicDB,TestDataset/CVC-ClinicDB/images/205.png,TrainDataset,TrainDataset/images/235.png,5,16,8
TestDataset/CVC-ClinicDB,TestDataset/CVC-ClinicDB/images/205.png,TrainDataset,TrainDataset/images/246.png,6,18,6
TestDataset/CVC-ClinicDB,TestDataset/CVC-ClinicDB/images/205.png,TrainDataset,TrainDataset/images/247.png,4,13,8
TestDataset/CVC-ClinicDB,TestDataset/CVC-ClinicDB/images/205.png,TrainDataset,TrainDataset/images/448.png,4,6,12
TestDataset/CVC-ClinicDB,TestDataset/CVC-ClinicDB/images/205.png,TrainDataset,TrainDataset/images/456.png,4,14,8
TestDataset/CVC-ClinicDB,TestDataset/CVC-ClinicDB/images/205.png,TrainDataset,TrainDataset/images/466.png,4,10,6
TestDataset/CVC-ClinicDB,TestDataset/CVC-ClinicDB/images/240.png,TrainDataset,TrainDataset/images/228.png,2,5,14
TestDataset/CVC-ClinicDB,TestDataset/CVC-ClinicDB/images/240.png,TrainDataset,TrainDataset/images/236.png,2,8,12
TestDataset/CVC-ClinicDB,TestDataset/CVC-ClinicDB/images/240.png,TrainDataset,TrainDataset/images/238.png,2,6,6
TestDataset/CVC-ClinicDB,TestDataset/CVC-ClinicDB/images/240.png,TrainDataset,TrainDataset/images/239.png,1,3,2
TestDataset/CVC-ClinicDB,TestDataset/CVC-ClinicDB/images/240.png,TrainDataset,TrainDataset/images/241.png,2,7,14
TestDataset/CVC-ClinicDB,TestDataset/CVC-ClinicDB/images/240.png,TrainDataset,TrainDataset/images/243.png,3,6,12
TestDataset/CVC-ClinicDB,TestDataset/CVC-ClinicDB/images/240.png,TrainDataset,TrainDataset/images/244.png,2,6,10
TestDataset/CVC-ClinicDB,TestDataset/CVC-ClinicDB/images/240.png,TrainDataset,TrainDataset/images/245.png,2,6,18
TestDataset/CVC-ClinicDB,TestDataset/CVC-ClinicDB/images/240.png,TrainDataset,TrainDataset/images/249.png,2,5,12
TestDataset/CVC-ClinicDB,TestDataset/CVC-ClinicDB/images/240.png,TrainDataset,TrainDataset/images/250.png,2,2,12
TestDataset/CVC-ClinicDB,TestDataset/CVC-ClinicDB/images/240.png,TrainDataset,TrainDataset/images/252.png,2,8,14
TestDataset/CVC-ClinicDB,TestDataset/CVC-ClinicDB/images/240.png,TrainDataset,TrainDataset/images/cju5yclrymlgj0818k426ud6z.png,8,8,30
TestDataset/CVC-ClinicDB,TestDataset/CVC-ClinicDB/images/251.png,TrainDataset,TrainDataset/images/228.png,0,7,10
TestDataset/CVC-ClinicDB,TestDataset/CVC-ClinicDB/images/251.png,TrainDataset,TrainDataset/images/229.png,0,8,8
TestDataset/CVC-ClinicDB,TestDataset/CVC-ClinicDB/images/251.png,TrainDataset,TrainDataset/images/236.png,2,8,12
TestDataset/CVC-ClinicDB,TestDataset/CVC-ClinicDB/images/251.png,TrainDataset,TrainDataset/images/238.png,4,8,10
TestDataset/CVC-ClinicDB,TestDataset/CVC-ClinicDB/images/251.png,TrainDataset,TrainDataset/images/239.png,3,5,8
TestDataset/CVC-ClinicDB,TestDataset/CVC-ClinicDB/images/251.png,TrainDataset,TrainDataset/images/241.png,4,7,14
TestDataset/CVC-ClinicDB,TestDataset/CVC-ClinicDB/images/251.png,TrainDataset,TrainDataset/images/243.png,3,8,14
TestDataset/CVC-ClinicDB,TestDataset/CVC-ClinicDB/images/251.png,TrainDataset,TrainDataset/images/244.png,0,8,14
TestDataset/CVC-ClinicDB,TestDataset/CVC-ClinicDB/images/251.png,TrainDataset,TrainDataset/images/245.png,0,8,16
TestDataset/CVC-ClinicDB,TestDataset/CVC-ClinicDB/images/251.png,TrainDataset,TrainDataset/images/249.png,0,3,6
TestDataset/CVC-ClinicDB,TestDataset/CVC-ClinicDB/images/251.png,TrainDataset,TrainDataset/images/250.png,0,0,6
TestDataset/CVC-ClinicDB,TestDataset/CVC-ClinicDB/images/251.png,TrainDataset,TrainDataset/images/252.png,0,8,10
TestDataset/CVC-ClinicDB,TestDataset/CVC-ClinicDB/images/251.png,TrainDataset,TrainDataset/images/461.png,6,7,16
TestDataset/CVC-ClinicDB,TestDataset/CVC-ClinicDB/images/251.png,TrainDataset,TrainDataset/images/544.png,4,21,8
TestDataset/CVC-ClinicDB,TestDataset/CVC-ClinicDB/images/251.png,TrainDataset,TrainDataset/images/cju5yclrymlgj0818k426ud6z.png,8,8,30
TestDataset/CVC-ClinicDB,TestDataset/CVC-ClinicDB/images/266.png,TrainDataset,TrainDataset/images/258.png,6,7,16
TestDataset/CVC-ClinicDB,TestDataset/CVC-ClinicDB/images/266.png,TrainDataset,TrainDataset/images/259.png,0,2,4
TestDataset/CVC-ClinicDB,TestDataset/CVC-ClinicDB/images/266.png,TrainDataset,TrainDataset/images/260.png,3,12,6
TestDataset/CVC-ClinicDB,TestDataset/CVC-ClinicDB/images/266.png,TrainDataset,TrainDataset/images/275.png,1,4,4
TestDataset/CVC-ClinicDB,TestDataset/CVC-ClinicDB/images/266.png,TrainDataset,TrainDataset/images/335.png,7,18,8
TestDataset/CVC-ClinicDB,TestDataset/CVC-ClinicDB/images/279.png,TrainDataset,TrainDataset/images/280.png,2,8,6
TestDataset/CVC-ClinicDB,TestDataset/CVC-ClinicDB/images/279.png,TrainDataset,TrainDataset/images/281.png,4,10,8
TestDataset/CVC-ClinicDB,TestDataset/CVC-ClinicDB/images/287.png,TrainDataset,TrainDataset/images/228.png,4,14,8
TestDataset/CVC-ClinicDB,TestDataset/CVC-ClinicDB/images/287.png,TrainDataset,TrainDataset/images/280.png,8,8,18
TestDataset/CVC-ClinicDB,TestDataset/CVC-ClinicDB/images/287.png,TrainDataset,TrainDataset/images/282.png,7,6,14
TestDataset/CVC-ClinicDB,TestDataset/CVC-ClinicDB/images/287.png,TrainDataset,TrainDataset/images/289.png,4,5,14
TestDataset/CVC-ClinicDB,TestDataset/CVC-ClinicDB/images/287.png,TrainDataset,TrainDataset/images/293.png,6,7,18
TestDataset/CVC-ClinicDB,TestDataset/CVC-ClinicDB/images/287.png,TrainDataset,TrainDataset/images/295.png,2,8,24
TestDataset/CVC-ClinicDB,TestDataset/CVC-ClinicDB/images/287.png,TrainDataset,TrainDataset/images/297.png,6,5,14
TestDataset/CVC-ClinicDB,TestDataset/CVC-ClinicDB/images/287.png,TrainDataset,TrainDataset/images/541.png,8,15,8
TestDataset/CVC-ClinicDB,TestDataset/CVC-ClinicDB/images/300.png,TrainDataset,TrainDataset/images/298.png,5,8,16
TestDataset/CVC-ClinicDB,TestDataset/CVC-ClinicDB/images/300.png,TrainDataset,TrainDataset/images/301.png,12,8,8
TestDataset/CVC-ClinicDB,TestDataset/CVC-ClinicDB/images/307.png,TrainDataset,TrainDataset/images/180.png,4,10,6
TestDataset/CVC-ClinicDB,TestDataset/CVC-ClinicDB/images/31.png,TrainDataset,TrainDataset/images/164.png,3,7,18
TestDataset/CVC-ClinicDB,TestDataset/CVC-ClinicDB/images/31.png,TrainDataset,TrainDataset/images/169.png,1,8,10
TestDataset/CVC-ClinicDB,TestDataset/CVC-ClinicDB/images/31.png,TrainDataset,TrainDataset/images/27.png,4,9,8
TestDataset/CVC-ClinicDB,TestDataset/CVC-ClinicDB/images/31.png,TrainDataset,TrainDataset/images/29.png,1,7,4
TestDataset/CVC-ClinicDB,TestDataset/CVC-ClinicDB/images/31.png,TrainDataset,TrainDataset/images/30.png,1,3,6
TestDataset/CVC-ClinicDB,TestDataset/CVC-ClinicDB/images/31.png,TrainDataset,TrainDataset/images/32.png,2,9,8
TestDataset/CVC-ClinicDB,TestDataset/CVC-ClinicDB/images/31.png,TrainDataset,TrainDataset/images/34.png,1,5,14
TestDataset/CVC-ClinicDB,TestDataset/CVC-ClinicDB/images/31.png,TrainDataset,TrainDataset/images/35.png,3,4,4
TestDataset/CVC-ClinicDB,TestDataset/CVC-ClinicDB/images/31.png,TrainDataset,TrainDataset/images/36.png,3,4,8
TestDataset/CVC-ClinicDB,TestDataset/CVC-ClinicDB/images/31.png,TrainDataset,TrainDataset/images/37.png,2,3,4
TestDataset/CVC-ClinicDB,TestDataset/CVC-ClinicDB/images/31.png,TrainDataset,TrainDataset/images/38.png,2,7,4
TestDataset/CVC-ClinicDB,TestDataset/CVC-ClinicDB/images/31.png,TrainDataset,TrainDataset/images/39.png,2,6,4
TestDataset/CVC-ClinicDB,TestDataset/CVC-ClinicDB/images/31.png,TrainDataset,TrainDataset/images/40.png,3,4,8
TestDataset/CVC-ClinicDB,TestDataset/CVC-ClinicDB/images/31.png,TrainDataset,TrainDataset/images/41.png,2,4,6
TestDataset/CVC-ClinicDB,TestDataset/CVC-ClinicDB/images/31.png,TrainDataset,TrainDataset/images/43.png,0,5,10
TestDataset/CVC-ClinicDB,TestDataset/CVC-ClinicDB/images/31.png,TrainDataset,TrainDataset/images/430.png,8,7,14
TestDataset/CVC-ClinicDB,TestDataset/CVC-ClinicDB/images/31.png,TrainDataset,TrainDataset/images/45.png,4,7,14
TestDataset/CVC-ClinicDB,TestDataset/CVC-ClinicDB/images/31.png,TrainDataset,TrainDataset/images/47.png,1,7,10
TestDataset/CVC-ClinicDB,TestDataset/CVC-ClinicDB/images/31.png,TrainDataset,TrainDataset/images/48.png,4,10,6
TestDataset/CVC-ClinicDB,TestDataset/CVC-ClinicDB/images/31.png,TrainDataset,TrainDataset/images/487.png,5,4,24
TestDataset/CVC-ClinicDB,TestDataset/CVC-ClinicDB/images/31.png,TrainDataset,TrainDataset/images/49.png,3,2,14
TestDataset/CVC-ClinicDB,TestDataset/CVC-ClinicDB/images/31.png,TrainDataset,TrainDataset/images/606.png,8,14,6
TestDataset/CVC-ClinicDB,TestDataset/CVC-ClinicDB/images/31.png,TrainDataset,TrainDataset/images/90.png,6,10,8
TestDataset/CVC-ClinicDB,TestDataset/CVC-ClinicDB/images/31.png,TrainDataset,TrainDataset/images/cju1hirfi7ekp0855q0vgm9qq.png,8,8,24
TestDataset/CVC-ClinicDB,TestDataset/CVC-ClinicDB/images/349.png,TrainDataset,TrainDataset/images/360.png,3,8,16
TestDataset/CVC-ClinicDB,TestDataset/CVC-ClinicDB/images/349.png,TrainDataset,TrainDataset/images/361.png,3,6,14
TestDataset/CVC-ClinicDB,TestDataset/CVC-ClinicDB/images/349.png,TrainDataset,TrainDataset/images/362.png,2,8,8
TestDataset/CVC-ClinicDB,TestDataset/CVC-ClinicDB/images/353.png,TrainDataset,TrainDataset/images/347.png,7,6,24
TestDataset/CVC-ClinicDB,TestDataset/CVC-ClinicDB/images/353.png,TrainDataset,TrainDataset/images/354.png,2,0,2
TestDataset/CVC-ClinicDB,TestDataset/CVC-ClinicDB/images/353.png,TrainDataset,TrainDataset/images/359.png,4,8,8
TestDataset/CVC-ClinicDB,TestDataset/CVC-ClinicDB/images/353.png,TrainDataset,TrainDataset/images/41.png,8,15,8
TestDataset/CVC-ClinicDB,TestDataset/CVC-ClinicDB/images/374.png,TrainDataset,TrainDataset/images/364.png,3,7,8
TestDataset/CVC-ClinicDB,TestDataset/CVC-ClinicDB/images/374.png,TrainDataset,TrainDataset/images/365.png,3,9,8
TestDataset/CVC-ClinicDB,TestDataset/CVC-ClinicDB/images/374.png,TrainDataset,TrainDataset/images/366.png,3,10,8
TestDataset/CVC-ClinicDB,TestDataset/CVC-ClinicDB/images/374.png,TrainDataset,TrainDataset/images/367.png,2,8,8
TestDataset/CVC-ClinicDB,TestDataset/CVC-ClinicDB/images/374.png,TrainDataset,TrainDataset/images/368.png,1,8,10
TestDataset/CVC-ClinicDB,TestDataset/CVC-ClinicDB/images/374.png,TrainDataset,TrainDataset/images/369.png,1,8,10
TestDataset/CVC-ClinicDB,TestDataset/CVC-ClinicDB/images/374.png,TrainDataset,TrainDataset/images/370.png,1,9,8
TestDataset/CVC-ClinicDB,TestDataset/CVC-ClinicDB/images/374.png,TrainDataset,TrainDataset/images/371.png,1,7,8
TestDataset/CVC-ClinicDB,TestDataset/CVC-ClinicDB/images/374.png,TrainDataset,TrainDataset/images/372.png,1,7,8
TestDataset/CVC-ClinicDB,TestDataset/CVC-ClinicDB/images/374.png,TrainDataset,TrainDataset/images/375.png,1,7,10
TestDataset/CVC-ClinicDB,TestDataset/CVC-ClinicDB/images/374.png,TrainDataset,TrainDataset/images/376.png,3,9,8
TestDataset/CVC-ClinicDB,TestDataset/CVC-ClinicDB/images/374.png,TrainDataset,TrainDataset/images/377.png,2,4,4
TestDataset/CVC-ClinicDB,TestDataset/CVC-ClinicDB/images/374.png,TrainDataset,TrainDataset/images/378.png,2,5,4
TestDataset/CVC-ClinicDB,TestDataset/CVC-ClinicDB/images/374.png,TrainDataset,TrainDataset/images/379.png,1,8,10
TestDataset/CVC-ClinicDB,TestDataset/CVC-ClinicDB/images/374.png,TrainDataset,TrainDataset/images/380.png,3,11,8
TestDataset/CVC-ClinicDB,TestDataset/CVC-ClinicDB/images/374.png,TrainDataset,TrainDataset/images/382.png,2,6,8
TestDataset/CVC-ClinicDB,TestDataset/CVC-ClinicDB/images/374.png,TrainDataset,TrainDataset/images/490.png,6,6,18
TestDataset/CVC-ClinicDB,TestDataset/CVC-ClinicDB/images/374.png,TrainDataset,TrainDataset/images/532.png,7,12,8
TestDataset/CVC-ClinicDB,TestDataset/CVC-ClinicDB/images/381.png,TrainDataset,TrainDataset/images/137.png,3,12,6
TestDataset/CVC-ClinicDB,TestDataset/CVC-ClinicDB/images/381.png,TrainDataset,TrainDataset/images/215.png,7,14,8
TestDataset/CVC-ClinicDB,TestDataset/CVC-ClinicDB/images/381.png,TrainDataset,TrainDataset/images/225.png,8,19,6
TestDataset/CVC-ClinicDB,TestDataset/CVC-ClinicDB/images/381.png,TrainDataset,TrainDataset/images/364.png,1,2,4
TestDataset/CVC-ClinicDB,TestDataset/CVC-ClinicDB/images/381.png,TrainDataset,TrainDataset/images/365.png,1,4,4
TestDataset/CVC-ClinicDB,TestDataset/CVC-ClinicDB/images/381.png,TrainDataset,TrainDataset/images/366.png,1,5,4
TestDataset/CVC-ClinicDB,TestDataset/CVC-ClinicDB/images/381.png,TrainDataset,TrainDataset/images/367.png,0,3,4
TestDataset/CVC-ClinicDB,TestDataset/CVC-ClinicDB/images/381.png,TrainDataset,TrainDataset/images/368.png,1,5,6
TestDataset/CVC-ClinicDB,TestDataset/CVC-ClinicDB/images/381.png,TrainDataset,TrainDataset/images/369.png,1,5,4
TestDataset/CVC-ClinicDB,TestDataset/CVC-ClinicDB/images/381.png,TrainDataset,TrainDataset/images/370.png,3,6,6
TestDataset/CVC-ClinicDB,TestDataset/CVC-ClinicDB/images/381.png,TrainDataset,TrainDataset/images/371.png,3,6,4
TestDataset/CVC-ClinicDB,TestDataset/CVC-ClinicDB/images/381.png,TrainDataset,TrainDataset/images/372.png,3,6,4
TestDataset/CVC-ClinicDB,TestDataset/CVC-ClinicDB/images/381.png,TrainDataset,TrainDataset/images/375.png,3,4,4
TestDataset/CVC-ClinicDB,TestDataset/CVC-ClinicDB/images/381.png,TrainDataset,TrainDataset/images/376.png,5,8,2
TestDataset/CVC-ClinicDB,TestDataset/CVC-ClinicDB/images/381.png,TrainDataset,TrainDataset/images/377.png,4,7,4
TestDataset/CVC-ClinicDB,TestDataset/CVC-ClinicDB/images/381.png,TrainDataset,TrainDataset/images/378.png,4,8,4
TestDataset/CVC-ClinicDB,TestDataset/CVC-ClinicDB/images/381.png,TrainDataset,TrainDataset/images/379.png,1,3,6
TestDataset/CVC-ClinicDB,TestDataset/CVC-ClinicDB/images/381.png,TrainDataset,TrainDataset/images/380.png,1,6,4
TestDataset/CVC-ClinicDB,TestDataset/CVC-ClinicDB/images/381.png,TrainDataset,TrainDataset/images/382.png,0,1,4
TestDataset/CVC-ClinicDB,TestDataset/CVC-ClinicDB/images/381.png,TrainDataset,TrainDataset/images/383.png,3,8,10
TestDataset/CVC-ClinicDB,TestDataset/CVC-ClinicDB/images/381.png,TrainDataset,TrainDataset/images/490.png,8,5,16
TestDataset/CVC-ClinicDB,TestDataset/CVC-ClinicDB/images/388.png,TrainDataset,TrainDataset/images/384.png,3,8,10
TestDataset/CVC-ClinicDB,TestDataset/CVC-ClinicDB/images/388.png,TrainDataset,TrainDataset/images/385.png,2,6,6
TestDataset/CVC-ClinicDB,TestDataset/CVC-ClinicDB/images/397.png,TrainDataset,TrainDataset/images/396.png,7,5,12
TestDataset/CVC-ClinicDB,TestDataset/CVC-ClinicDB/images/397.png,TrainDataset,TrainDataset/images/399.png,8,6,8
TestDataset/CVC-ClinicDB,TestDataset/CVC-ClinicDB/images/397.png,TrainDataset,TrainDataset/images/402.png,5,7,16
TestDataset/CVC-ClinicDB,TestDataset/CVC-ClinicDB/images/397.png,TrainDataset,TrainDataset/images/405.png,7,4,16
TestDataset/CVC-ClinicDB,TestDataset/CVC-ClinicDB/images/400.png,TrainDataset,TrainDataset/images/389.png,7,8,16
TestDataset/CVC-ClinicDB,TestDataset/CVC-ClinicDB/images/400.png,TrainDataset,TrainDataset/images/393.png,8,9,8
TestDataset/CVC-ClinicDB,TestDataset/CVC-ClinicDB/images/400.png,TrainDataset,TrainDataset/images/406.png,2,5,14
TestDataset/CVC-ClinicDB,TestDataset/CVC-ClinicDB/images/404.png,TrainDataset,TrainDataset/images/389.png,4,6,14
TestDataset/CVC-ClinicDB,TestDataset/CVC-ClinicDB/images/404.png,TrainDataset,TrainDataset/images/403.png,3,8,16
TestDataset/CVC-ClinicDB,TestDataset/CVC-ClinicDB/images/404.png,TrainDataset,TrainDataset/images/406.png,5,3,12
TestDataset/CVC-ClinicDB,TestDataset/CVC-ClinicDB/images/42.png,TrainDataset,TrainDataset/images/242.png,7,7,16
TestDataset/CVC-ClinicDB,TestDataset/CVC-ClinicDB/images/42.png,TrainDataset,TrainDataset/images/29.png,1,6,10
TestDataset/CVC-ClinicDB,TestDataset/CVC-ClinicDB/images/42.png,TrainDataset,TrainDataset/images/30.png,1,6,8
TestDataset/CVC-ClinicDB,TestDataset/CVC-ClinicDB/images/42.png,TrainDataset,TrainDataset/images/32.png,2,6,14
TestDataset/CVC-ClinicDB,TestDataset/CVC-ClinicDB/images/42.png,TrainDataset,TrainDataset/images/33.png,3,4,8
TestDataset/CVC-ClinicDB,TestDataset/CVC-ClinicDB/images/42.png,TrainDataset,TrainDataset/images/34.png,1,4,14
TestDataset/CVC-ClinicDB,TestDataset/CVC-ClinicDB/images/42.png,TrainDataset,TrainDataset/images/35.png,3,5,14
TestDataset/CVC-ClinicDB,TestDataset/CVC-ClinicDB/images/42.png,TrainDataset,TrainDataset/images/36.png,3,7,14
TestDataset/CVC-ClinicDB,TestDataset/CVC-ClinicDB/images/42.png,TrainDataset,TrainDataset/images/37.png,2,6,10
TestDataset/CVC-ClinicDB,TestDataset/CVC-ClinicDB/images/42.png,TrainDataset,TrainDataset/images/39.png,4,7,14
TestDataset/CVC-ClinicDB,TestDataset/CVC-ClinicDB/images/42.png,TrainDataset,TrainDataset/images/40.png,1,5,8
TestDataset/CVC-ClinicDB,TestDataset/CVC-ClinicDB/images/42.png,TrainDataset,TrainDataset/images/41.png,2,5,12
TestDataset/CVC-ClinicDB,TestDataset/CVC-ClinicDB/images/42.png,TrainDataset,TrainDataset/images/43.png,2,8,12
TestDataset/CVC-ClinicDB,TestDataset/CVC-ClinicDB/images/42.png,TrainDataset,TrainDataset/images/45.png,4,8,18
TestDataset/CVC-ClinicDB,TestDataset/CVC-ClinicDB/images/42.png,TrainDataset,TrainDataset/images/47.png,3,8,10
TestDataset/CVC-ClinicDB,TestDataset/CVC-ClinicDB/images/429.png,TrainDataset,TrainDataset/images/27.png,7,8,16
TestDataset/CVC-ClinicDB,TestDataset/CVC-ClinicDB/images/429.png,TrainDataset,TrainDataset/images/358.png,8,8,24
TestDataset/CVC-ClinicDB,TestDataset/CVC-ClinicDB/images/429.png,TrainDataset,TrainDataset/images/430.png,3,6,8
TestDataset/CVC-ClinicDB,TestDataset/CVC-ClinicDB/images/429.png,TrainDataset,TrainDataset/images/432.png,0,5,6
TestDataset/CVC-ClinicDB,TestDataset/CVC-ClinicDB/images/429.png,TrainDataset,TrainDataset/images/436.png,0,2,4
TestDataset/CVC-ClinicDB,TestDataset/CVC-ClinicDB/images/429.png,TrainDataset,TrainDataset/images/437.png,0,5,8
TestDataset/CVC-ClinicDB,TestDataset/CVC-ClinicDB/images/429.png,TrainDataset,TrainDataset/images/cju2t2ivz43i10878zeg8r1br.png,7,8,30
TestDataset/CVC-ClinicDB,TestDataset/CVC-ClinicDB/images/429.png,TrainDataset,TrainDataset/images/cju33x0f22peh0988g0ln7w5v.png,6,8,22
TestDataset/CVC-ClinicDB,TestDataset/CVC-ClinicDB/images/429.png,TrainDataset,TrainDataset/images/cju6z9a9kwsl007552s49rx6i.png,8,5,22
TestDataset/CVC-ClinicDB,TestDataset/CVC-ClinicDB/images/431.png,TrainDataset,TrainDataset/images/164.png,7,8,24
TestDataset/CVC-ClinicDB,TestDataset/CVC-ClinicDB/images/431.png,TrainDataset,TrainDataset/images/27.png,8,8,14
TestDataset/CVC-ClinicDB,TestDataset/CVC-ClinicDB/images/431.png,TrainDataset,TrainDataset/images/36.png,7,7,18
TestDataset/CVC-ClinicDB,TestDataset/CVC-ClinicDB/images/431.png,TrainDataset,TrainDataset/images/430.png,4,6,8
TestDataset/CVC-ClinicDB,TestDataset/CVC-ClinicDB/images/431.png,TrainDataset,TrainDataset/images/432.png,1,7,6
TestDataset/CVC-ClinicDB,TestDataset/CVC-ClinicDB/images/431.png,TrainDataset,TrainDataset/images/436.png,1,6,10
TestDataset/CVC-ClinicDB,TestDataset/CVC-ClinicDB/images/431.png,TrainDataset,TrainDataset/images/437.png,1,7,16
TestDataset/CVC-ClinicDB,TestDataset/CVC-ClinicDB/images/431.png,TrainDataset,TrainDataset/images/cju33x0f22peh0988g0ln7w5v.png,5,8,20
TestDataset/CVC-ClinicDB,TestDataset/CVC-ClinicDB/images/442.png,TrainDataset,TrainDataset/images/32.png,6,7,18
TestDataset/CVC-ClinicDB,TestDataset/CVC-ClinicDB/images/442.png,TrainDataset,TrainDataset/images/35.png,5,8,14
TestDataset/CVC-ClinicDB,TestDataset/CVC-ClinicDB/images/442.png,TrainDataset,TrainDataset/images/38.png,6,7,12
TestDataset/CVC-ClinicDB,TestDataset/CVC-ClinicDB/images/442.png,TrainDataset,TrainDataset/images/39.png,6,8,14
TestDataset/CVC-ClinicDB,TestDataset/CVC-ClinicDB/images/442.png,TrainDataset,TrainDataset/images/430.png,8,3,20
TestDataset/CVC-ClinicDB,TestDataset/CVC-ClinicDB/images/442.png,TrainDataset,TrainDataset/images/49.png,7,6,20
TestDataset/CVC-ClinicDB,TestDataset/CVC-ClinicDB/images/442.png,TrainDataset,TrainDataset/images/71.png,4,8,18
TestDataset/CVC-ClinicDB,TestDataset/CVC-ClinicDB/images/442.png,TrainDataset,TrainDataset/images/76.png,6,5,12
TestDataset/CVC-ClinicDB,TestDataset/CVC-ClinicDB/images/442.png,TrainDataset,TrainDataset/images/cju3xtufwiv9c0818djsc4cqd.png,8,8,22
TestDataset/CVC-ClinicDB,TestDataset/CVC-ClinicDB/images/442.png,TrainDataset,TrainDataset/images/cju6z9a9kwsl007552s49rx6i.png,5,6,24
TestDataset/CVC-ClinicDB,TestDataset/CVC-ClinicDB/images/442.png,TrainDataset,TrainDataset/images/cju8ayeq7r1fb0818z1junacy.png,8,7,22
TestDataset/CVC-ClinicDB,TestDataset/CVC-ClinicDB/images/453.png,TrainDataset,TrainDataset/images/112.png,2,10,8
TestDataset/CVC-ClinicDB,TestDataset/CVC-ClinicDB/images/453.png,TrainDataset,TrainDataset/images/113.png,2,10,8
TestDataset/CVC-ClinicDB,TestDataset/CVC-ClinicDB/images/453.png,TrainDataset,TrainDataset/images/122.png,7,13,8
TestDataset/CVC-ClinicDB,TestDataset/CVC-ClinicDB/images/453.png,TrainDataset,TrainDataset/images/448.png,3,17,6
TestDataset/CVC-ClinicDB,TestDataset/CVC-ClinicDB/images/453.png,TrainDataset,TrainDataset/images/450.png,2,13,4
TestDataset/CVC-ClinicDB,TestDataset/CVC-ClinicDB/images/453.png,TrainDataset,TrainDataset/images/451.png,2,16,6
TestDataset/CVC-ClinicDB,TestDataset/CVC-ClinicDB/images/453.png,TrainDataset,TrainDataset/images/461.png,2,16,6
TestDataset/CVC-ClinicDB,TestDataset/CVC-ClinicDB/images/453.png,TrainDataset,TrainDataset/images/466.png,3,11,8
TestDataset/CVC-ClinicDB,TestDataset/CVC-ClinicDB/images/459.png,TrainDataset,TrainDataset/images/122.png,8,17,6
TestDataset/CVC-ClinicDB,TestDataset/CVC-ClinicDB/images/459.png,TrainDataset,TrainDataset/images/123.png,8,18,8
TestDataset/CVC-ClinicDB,TestDataset/CVC-ClinicDB/images/459.png,TrainDataset,TrainDataset/images/233.png,2,13,8
TestDataset/CVC-ClinicDB,TestDataset/CVC-ClinicDB/images/459.png,TrainDataset,TrainDataset/images/234.png,1,15,8
TestDataset/CVC-ClinicDB,TestDataset/CVC-ClinicDB/images/459.png,TrainDataset,TrainDataset/images/448.png,0,15,8
TestDataset/CVC-ClinicDB,TestDataset/CVC-ClinicDB/images/459.png,TrainDataset,TrainDataset/images/450.png,1,11,4
TestDataset/CVC-ClinicDB,TestDataset/CVC-ClinicDB/images/459.png,TrainDataset,TrainDataset/images/451.png,3,14,6
TestDataset/CVC-ClinicDB,TestDataset/CVC-ClinicDB/images/459.png,TrainDataset,TrainDataset/images/454.png,2,22,8
TestDataset/CVC-ClinicDB,TestDataset/CVC-ClinicDB/images/459.png,TrainDataset,TrainDataset/images/456.png,2,13,6
TestDataset/CVC-ClinicDB,TestDataset/CVC-ClinicDB/images/459.png,TrainDataset,TrainDataset/images/457.png,5,20,8
TestDataset/CVC-ClinicDB,TestDataset/CVC-ClinicDB/images/459.png,TrainDataset,TrainDataset/images/461.png,3,10,2
TestDataset/CVC-ClinicDB,TestDataset/CVC-ClinicDB/images/459.png,TrainDataset,TrainDataset/images/466.png,2,17,6
TestDataset/CVC-ClinicDB,TestDataset/CVC-ClinicDB/images/464.png,TrainDataset,TrainDataset/images/232.png,3,15,8
TestDataset/CVC-ClinicDB,TestDataset/CVC-ClinicDB/images/464.png,TrainDataset,TrainDataset/images/233.png,3,13,8
TestDataset/CVC-ClinicDB,TestDataset/CVC-ClinicDB/images/464.png,TrainDataset,TrainDataset/images/234.png,4,13,8
TestDataset/CVC-ClinicDB,TestDataset/CVC-ClinicDB/images/464.png,TrainDataset,TrainDataset/images/448.png,3,19,6
TestDataset/CVC-ClinicDB,TestDataset/CVC-ClinicDB/images/464.png,TrainDataset,TrainDataset/images/454.png,3,10,6
TestDataset/CVC-ClinicDB,TestDataset/CVC-ClinicDB/images/464.png,TrainDataset,TrainDataset/images/456.png,3,7,6
TestDataset/CVC-ClinicDB,TestDataset/CVC-ClinicDB/images/464.png,TrainDataset,TrainDataset/images/461.png,2,14,6
TestDataset/CVC-ClinicDB,TestDataset/CVC-ClinicDB/images/464.png,TrainDataset,TrainDataset/images/466.png,3,7,8
TestDataset/CVC-ClinicDB,TestDataset/CVC-ClinicDB/images/474.png,TrainDataset,TrainDataset/images/137.png,7,15,6
TestDataset/CVC-ClinicDB,TestDataset/CVC-ClinicDB/images/474.png,TrainDataset,TrainDataset/images/368.png,5,6,8
TestDataset/CVC-ClinicDB,TestDataset/CVC-ClinicDB/images/474.png,TrainDataset,TrainDataset/images/369.png,5,6,8
TestDataset/CVC-ClinicDB,TestDataset/CVC-ClinicDB/images/474.png,TrainDataset,TrainDataset/images/370.png,5,7,10
TestDataset/CVC-ClinicDB,TestDataset/CVC-ClinicDB/images/474.png,TrainDataset,TrainDataset/images/371.png,5,7,10
TestDataset/CVC-ClinicDB,TestDataset/CVC-ClinicDB/images/474.png,TrainDataset,TrainDataset/images/372.png,5,7,8
TestDataset/CVC-ClinicDB,TestDataset/CVC-ClinicDB/images/474.png,TrainDataset,TrainDataset/images/379.png,7,8,12
TestDataset/CVC-ClinicDB,TestDataset/CVC-ClinicDB/images/474.png,TrainDataset,TrainDataset/images/380.png,7,11,8
TestDataset/CVC-ClinicDB,TestDataset/CVC-ClinicDB/images/474.png,TrainDataset,TrainDataset/images/468.png,1,8,8
TestDataset/CVC-ClinicDB,TestDataset/CVC-ClinicDB/images/474.png,TrainDataset,TrainDataset/images/473.png,2,2,4
TestDataset/CVC-ClinicDB,TestDataset/CVC-ClinicDB/images/474.png,TrainDataset,TrainDataset/images/475.png,4,3,6
TestDataset/CVC-ClinicDB,TestDataset/CVC-ClinicDB/images/474.png,TrainDataset,TrainDataset/images/533.png,7,8,12
TestDataset/CVC-ClinicDB,TestDataset/CVC-ClinicDB/images/481.png,TrainDataset,TrainDataset/images/145.png,8,8,26
TestDataset/CVC-ClinicDB,TestDataset/CVC-ClinicDB/images/481.png,TrainDataset,TrainDataset/images/146.png,7,7,22
TestDataset/CVC-ClinicDB,TestDataset/CVC-ClinicDB/images/481.png,TrainDataset,TrainDataset/images/30.png,8,8,24
TestDataset/CVC-ClinicDB,TestDataset/CVC-ClinicDB/images/481.png,TrainDataset,TrainDataset/images/479.png,1,3,6
TestDataset/CVC-ClinicDB,TestDataset/CVC-ClinicDB/images/481.png,TrainDataset,TrainDataset/images/480.png,1,2,4
TestDataset/CVC-ClinicDB,TestDataset/CVC-ClinicDB/images/481.png,TrainDataset,TrainDataset/images/482.png,1,5,14
TestDataset/CVC-ClinicDB,TestDataset/CVC-ClinicDB/images/481.png,TrainDataset,TrainDataset/images/485.png,1,8,6
TestDataset/CVC-ClinicDB,TestDataset/CVC-ClinicDB/images/481.png,TrainDataset,TrainDataset/images/498.png,7,7,26
TestDataset/CVC-ClinicDB,TestDataset/CVC-ClinicDB/images/481.png,TrainDataset,TrainDataset/images/501.png,4,8,18
TestDataset/CVC-ClinicDB,TestDataset/CVC-ClinicDB/images/483.png,TrainDataset,TrainDataset/images/146.png,8,8,24
TestDataset/CVC-ClinicDB,TestDataset/CVC-ClinicDB/images/483.png,TrainDataset,TrainDataset/images/479.png,0,4,6
TestDataset/CVC-ClinicDB,TestDataset/CVC-ClinicDB/images/483.png,TrainDataset,TrainDataset/images/480.png,0,5,8
TestDataset/CVC-ClinicDB,TestDataset/CVC-ClinicDB/images/483.png,TrainDataset,TrainDataset/images/482.png,0,2,4
TestDataset/CVC-ClinicDB,TestDataset/CVC-ClinicDB/images/483.png,TrainDataset,TrainDataset/images/487.png,5,8,22
TestDataset/CVC-ClinicDB,TestDataset/CVC-ClinicDB/images/483.png,TrainDataset,TrainDataset/images/489.png,7,8,20
TestDataset/CVC-ClinicDB,TestDataset/CVC-ClinicDB/images/483.png,TrainDataset,TrainDataset/images/498.png,6,6,20
TestDataset/CVC-ClinicDB,TestDataset/CVC-ClinicDB/images/492.png,TrainDataset,TrainDataset/images/230.png,5,7,20
TestDataset/CVC-ClinicDB,TestDataset/CVC-ClinicDB/images/492.png,TrainDataset,TrainDataset/images/33.png,1,7,18
TestDataset/CVC-ClinicDB,TestDataset/CVC-ClinicDB/images/492.png,TrainDataset,TrainDataset/images/448.png,3,6,18
TestDataset/CVC-ClinicDB,TestDataset/CVC-ClinicDB/images/492.png,TrainDataset,TrainDataset/images/493.png,2,6,12
TestDataset/CVC-ClinicDB,TestDataset/CVC-ClinicDB/images/50.png,TrainDataset,TrainDataset/images/164.png,5,8,12
TestDataset/CVC-ClinicDB,TestDataset/CVC-ClinicDB/images/50.png,TrainDataset,TrainDataset/images/169.png,3,11,8
TestDataset/CVC-ClinicDB,TestDataset/CVC-ClinicDB/images/50.png,TrainDataset,TrainDataset/images/26.png,4,10,6
TestDataset/CVC-ClinicDB,TestDataset/CVC-ClinicDB/images/50.png,TrainDataset,TrainDataset/images/27.png,0,6,10
TestDataset/CVC-ClinicDB,TestDataset/CVC-ClinicDB/images/50.png,TrainDataset,TrainDataset/images/29.png,5,10,8
TestDataset/CVC-ClinicDB,TestDataset/CVC-ClinicDB/images/50.png,TrainDataset,TrainDataset/images/30.png,5,8,8
TestDataset/CVC-ClinicDB,TestDataset/CVC-ClinicDB/images/50.png,TrainDataset,TrainDataset/images/32.png,4,14,8
TestDataset/CVC-ClinicDB,TestDataset/CVC-ClinicDB/images/50.png,TrainDataset,TrainDataset/images/344.png,8,7,12
TestDataset/CVC-ClinicDB,TestDataset/CVC-ClinicDB/images/50.png,TrainDataset,TrainDataset/images/345.png,6,5,18
TestDataset/CVC-ClinicDB,TestDataset/CVC-ClinicDB/images/50.png,TrainDataset,TrainDataset/images/36.png,1,7,10
TestDataset/CVC-ClinicDB,TestDataset/CVC-ClinicDB/images/50.png,TrainDataset,TrainDataset/images/37.png,4,12,8
TestDataset/CVC-ClinicDB,TestDataset/CVC-ClinicDB/images/50.png,TrainDataset,TrainDataset/images/39.png,2,9,8
TestDataset/CVC-ClinicDB,TestDataset/CVC-ClinicDB/images/50.png,TrainDataset,TrainDataset/images/43.png,4,8,14
TestDataset/CVC-ClinicDB,TestDataset/CVC-ClinicDB/images/50.png,TrainDataset,TrainDataset/images/437.png,7,7,18
TestDataset/CVC-ClinicDB,TestDataset/CVC-ClinicDB/images/50.png,TrainDataset,TrainDataset/images/443.png,3,8,14
TestDataset/CVC-ClinicDB,TestDataset/CVC-ClinicDB/images/50.png,TrainDataset,TrainDataset/images/444.png,3,8,12
TestDataset/CVC-ClinicDB,TestDataset/CVC-ClinicDB/images/50.png,TrainDataset,TrainDataset/images/47.png,3,12,8
TestDataset/CVC-ClinicDB,TestDataset/CVC-ClinicDB/images/50.png,TrainDataset,TrainDataset/images/48.png,0,3,0
TestDataset/CVC-ClinicDB,TestDataset/CVC-ClinicDB/images/50.png,TrainDataset,TrainDataset/images/86.png,6,7,14
TestDataset/CVC-ClinicDB,TestDataset/CVC-ClinicDB/images/50.png,TrainDataset,TrainDataset/images/90.png,4,7,10
TestDataset/CVC-ClinicDB,TestDataset/CVC-ClinicDB/images/50.png,TrainDataset,TrainDataset/images/95.png,6,8,10
TestDataset/CVC-ClinicDB,TestDataset/CVC-ClinicDB/images/50.png,TrainDataset,TrainDataset/images/96.png,5,9,8
TestDataset/CVC-ClinicDB,TestDataset/CVC-ClinicDB/images/50.png,TrainDataset,TrainDataset/images/cju330ofbc2l30801th5g3hw6.png,6,7,18
TestDataset/CVC-ClinicDB,TestDataset/CVC-ClinicDB/images/50.png,TrainDataset,TrainDataset/images/cju33x0f22peh0988g0ln7w5v.png,7,8,22
TestDataset/CVC-ClinicDB,TestDataset/CVC-ClinicDB/images/52.png,TrainDataset,TrainDataset/images/413.png,8,8,24
TestDataset/CVC-ClinicDB,TestDataset/CVC-ClinicDB/images/52.png,TrainDataset,TrainDataset/images/51.png,8,6,16
TestDataset/CVC-ClinicDB,TestDataset/CVC-ClinicDB/images/545.png,TrainDataset,TrainDataset/images/533.png,1,11,8
TestDataset/CVC-ClinicDB,TestDataset/CVC-ClinicDB/images/545.png,TrainDataset,TrainDataset/images/542.png,2,4,10
TestDataset/CVC-ClinicDB,TestDataset/CVC-ClinicDB/images/545.png,TrainDataset,TrainDataset/images/543.png,3,9,8
TestDataset/CVC-ClinicDB,TestDataset/CVC-ClinicDB/images/545.png,TrainDataset,TrainDataset/images/546.png,2,5,4
TestDataset/CVC-ClinicDB,TestDataset/CVC-ClinicDB/images/555.png,TrainDataset,TrainDataset/images/376.png,6,7,8
TestDataset/CVC-ClinicDB,TestDataset/CVC-ClinicDB/images/555.png,TrainDataset,TrainDataset/images/380.png,8,13,8
TestDataset/CVC-ClinicDB,TestDataset/CVC-ClinicDB/images/555.png,TrainDataset,TrainDataset/images/552.png,1,6,6
TestDataset/CVC-ClinicDB,TestDataset/CVC-ClinicDB/images/555.png,TrainDataset,TrainDataset/images/553.png,3,7,18
TestDataset/CVC-ClinicDB,TestDataset/CVC-ClinicDB/images/555.png,TrainDataset,TrainDataset/images/554.png,2,6,14
TestDataset/CVC-ClinicDB,TestDataset/CVC-ClinicDB/images/555.png,TrainDataset,TrainDataset/images/556.png,0,7,8
TestDataset/CVC-ClinicDB,TestDataset/CVC-ClinicDB/images/555.png,TrainDataset,TrainDataset/images/557.png,3,8,6
TestDataset/CVC-ClinicDB,TestDataset/CVC-ClinicDB/images/555.png,TrainDataset,TrainDataset/images/558.png,2,6,4
TestDataset/CVC-ClinicDB,TestDataset/CVC-ClinicDB/images/555.png,TrainDataset,TrainDataset/images/565.png,6,8,14
TestDataset/CVC-ClinicDB,TestDataset/CVC-ClinicDB/images/559.png,TrainDataset,TrainDataset/images/489.png,7,8,18
TestDataset/CVC-ClinicDB,TestDataset/CVC-ClinicDB/images/561.png,TrainDataset,TrainDataset/images/547.png,3,9,8
TestDataset/CVC-ClinicDB,TestDataset/CVC-ClinicDB/images/561.png,TrainDataset,TrainDataset/images/549.png,7,17,6
TestDataset/CVC-ClinicDB,TestDataset/CVC-ClinicDB/images/561.png,TrainDataset,TrainDataset/images/560.png,3,11,6
TestDataset/CVC-ClinicDB,TestDataset/CVC-ClinicDB/images/561.png,TrainDataset,TrainDataset/images/562.png,3,11,8
TestDataset/CVC-ClinicDB,TestDataset/CVC-ClinicDB/images/575.png,TrainDataset,TrainDataset/images/576.png,4,6,8
TestDataset/CVC-ClinicDB,TestDataset/CVC-ClinicDB/images/575.png,TrainDataset,TrainDataset/images/577.png,4,6,8
TestDataset/CVC-ClinicDB,TestDataset/CVC-ClinicDB/images/575.png,TrainDataset,TrainDataset/images/578.png,8,7,14
TestDataset/CVC-ClinicDB,TestDataset/CVC-ClinicDB/images/575.png,TrainDataset,TrainDataset/images/580.png,4,6,18
TestDataset/CVC-ClinicDB,TestDataset/CVC-ClinicDB/images/575.png,TrainDataset,TrainDataset/images/581.png,6,8,16
TestDataset/CVC-ClinicDB,TestDataset/CVC-ClinicDB/images/61.png,TrainDataset,TrainDataset/images/57.png,3,14,8
TestDataset/CVC-ClinicDB,TestDataset/CVC-ClinicDB/images/61.png,TrainDataset,TrainDataset/images/62.png,5,12,8
TestDataset/CVC-ClinicDB,TestDataset/CVC-ClinicDB/images/61.png,TrainDataset,TrainDataset/images/63.png,5,14,8
TestDataset/CVC-ClinicDB,TestDataset/CVC-ClinicDB/images/65.png,TrainDataset,TrainDataset/images/62.png,2,15,4
TestDataset/CVC-ClinicDB,TestDataset/CVC-ClinicDB/images/65.png,TrainDataset,TrainDataset/images/63.png,2,17,4
TestDataset/CVC-ClinicDB,TestDataset/CVC-ClinicDB/images/65.png,TrainDataset,TrainDataset/images/64.png,3,9,8
TestDataset/CVC-ClinicDB,TestDataset/CVC-ClinicDB/images/66.png,TrainDataset,TrainDataset/images/352.png,7,8,16
TestDataset/CVC-ClinicDB,TestDataset/CVC-ClinicDB/images/66.png,TrainDataset,TrainDataset/images/67.png,1,9,6
TestDataset/CVC-ClinicDB,TestDataset/CVC-ClinicDB/images/73.png,TrainDataset,TrainDataset/images/79.png,8,8,18
TestDataset/CVC-ClinicDB,TestDataset/CVC-ClinicDB/images/80.png,TrainDataset,TrainDataset/images/79.png,1,8,6
TestDataset/CVC-ClinicDB,TestDataset/CVC-ClinicDB/images/80.png,TrainDataset,TrainDataset/images/81.png,4,8,8
TestDataset/CVC-ClinicDB,TestDataset/CVC-ClinicDB/images/80.png,TrainDataset,TrainDataset/images/83.png,3,7,14
TestDataset/CVC-ClinicDB,TestDataset/CVC-ClinicDB/images/80.png,TrainDataset,TrainDataset/images/84.png,2,6,12
TestDataset/CVC-ClinicDB,TestDataset/CVC-ClinicDB/images/80.png,TrainDataset,TrainDataset/images/85.png,3,8,16
TestDataset/CVC-ClinicDB,TestDataset/CVC-ClinicDB/images/80.png,TrainDataset,TrainDataset/images/87.png,3,8,12
TestDataset/CVC-ClinicDB,TestDataset/CVC-ClinicDB/images/80.png,TrainDataset,TrainDataset/images/91.png,2,7,12
TestDataset/CVC-ClinicDB,TestDataset/CVC-ClinicDB/images/80.png,TrainDataset,TrainDataset/images/93.png,3,7,8
TestDataset/CVC-ClinicDB,TestDataset/CVC-ClinicDB/images/80.png,TrainDataset,TrainDataset/images/95.png,4,8,14
TestDataset/CVC-ClinicDB,TestDataset/CVC-ClinicDB/images/80.png,TrainDataset,TrainDataset/images/96.png,3,7,12
TestDataset/CVC-ClinicDB,TestDataset/CVC-ClinicDB/images/89.png,TrainDataset,TrainDataset/images/102.png,4,8,18
TestDataset/CVC-ClinicDB,TestDataset/CVC-ClinicDB/images/89.png,TrainDataset,TrainDataset/images/26.png,5,5,12
TestDataset/CVC-ClinicDB,TestDataset/CVC-ClinicDB/images/89.png,TrainDataset,TrainDataset/images/27.png,5,3,6
TestDataset/CVC-ClinicDB,TestDataset/CVC-ClinicDB/images/89.png,TrainDataset,TrainDataset/images/29.png,6,11,8
TestDataset/CVC-ClinicDB,TestDataset/CVC-ClinicDB/images/89.png,TrainDataset,TrainDataset/images/36.png,4,10,8
TestDataset/CVC-ClinicDB,TestDataset/CVC-ClinicDB/images/89.png,TrainDataset,TrainDataset/images/38.png,7,7,14
TestDataset/CVC-ClinicDB,TestDataset/CVC-ClinicDB/images/89.png,TrainDataset,TrainDataset/images/48.png,5,8,14
TestDataset/CVC-ClinicDB,TestDataset/CVC-ClinicDB/images/89.png,TrainDataset,TrainDataset/images/488.png,7,7,24
TestDataset/CVC-ClinicDB,TestDataset/CVC-ClinicDB/images/89.png,TrainDataset,TrainDataset/images/79.png,2,5,14
TestDataset/CVC-ClinicDB,TestDataset/CVC-ClinicDB/images/89.png,TrainDataset,TrainDataset/images/81.png,3,5,12
TestDataset/CVC-ClinicDB,TestDataset/CVC-ClinicDB/images/89.png,TrainDataset,TrainDataset/images/83.png,2,0,12
TestDataset/CVC-ClinicDB,TestDataset/CVC-ClinicDB/images/89.png,TrainDataset,TrainDataset/images/84.png,1,1,6
TestDataset/CVC-ClinicDB,TestDataset/CVC-ClinicDB/images/89.png,TrainDataset,TrainDataset/images/85.png,2,1,12
TestDataset/CVC-ClinicDB,TestDataset/CVC-ClinicDB/images/89.png,TrainDataset,TrainDataset/images/86.png,1,2,8
TestDataset/CVC-ClinicDB,TestDataset/CVC-ClinicDB/images/89.png,TrainDataset,TrainDataset/images/87.png,2,1,8
TestDataset/CVC-ClinicDB,TestDataset/CVC-ClinicDB/images/89.png,TrainDataset,TrainDataset/images/90.png,1,2,4
TestDataset/CVC-ClinicDB,TestDataset/CVC-ClinicDB/images/89.png,TrainDataset,TrainDataset/images/91.png,1,2,6
TestDataset/CVC-ClinicDB,TestDataset/CVC-ClinicDB/images/89.png,TrainDataset,TrainDataset/images/92.png,10,3,8
TestDataset/CVC-ClinicDB,TestDataset/CVC-ClinicDB/images/89.png,TrainDataset,TrainDataset/images/93.png,2,4,12
TestDataset/CVC-ClinicDB,TestDataset/CVC-ClinicDB/images/89.png,TrainDataset,TrainDataset/images/94.png,1,2,10
TestDataset/CVC-ClinicDB,TestDataset/CVC-ClinicDB/images/89.png,TrainDataset,TrainDataset/images/95.png,3,1,10
TestDataset/CVC-ClinicDB,TestDataset/CVC-ClinicDB/images/89.png,TrainDataset,TrainDataset/images/96.png,2,0,10
TestDataset/CVC-ClinicDB,TestDataset/CVC-ClinicDB/images/89.png,TrainDataset,TrainDataset/images/cju330ofbc2l30801th5g3hw6.png,7,8,22
TestDataset/CVC-ClinicDB,TestDataset/CVC-ClinicDB/images/100.png,ValidationDataset,ValidationDataset/images/99.png,0,4,4
TestDataset/CVC-ClinicDB,TestDataset/CVC-ClinicDB/images/134.png,ValidationDataset,ValidationDataset/images/147.png,7,6,12
TestDataset/CVC-ClinicDB,TestDataset/CVC-ClinicDB/images/134.png,ValidationDataset,ValidationDataset/images/326.png,5,8,20
TestDataset/CVC-ClinicDB,TestDataset/CVC-ClinicDB/images/163.png,ValidationDataset,ValidationDataset/images/170.png,3,8,12
TestDataset/CVC-ClinicDB,TestDataset/CVC-ClinicDB/images/163.png,ValidationDataset,ValidationDataset/images/28.png,4,8,14
TestDataset/CVC-ClinicDB,TestDataset/CVC-ClinicDB/images/163.png,ValidationDataset,ValidationDataset/images/435.png,8,7,16
TestDataset/CVC-ClinicDB,TestDataset/CVC-ClinicDB/images/163.png,ValidationDataset,ValidationDataset/images/82.png,7,6,22
TestDataset/CVC-ClinicDB,TestDataset/CVC-ClinicDB/images/171.png,ValidationDataset,ValidationDataset/images/170.png,1,5,8
TestDataset/CVC-ClinicDB,TestDataset/CVC-ClinicDB/images/179.png,ValidationDataset,ValidationDataset/images/182.png,3,11,8
TestDataset/CVC-ClinicDB,TestDataset/CVC-ClinicDB/images/181.png,ValidationDataset,ValidationDataset/images/182.png,2,3,2
TestDataset/CVC-ClinicDB,TestDataset/CVC-ClinicDB/images/205.png,ValidationDataset,ValidationDataset/images/455.png,6,14,8
TestDataset/CVC-ClinicDB,TestDataset/CVC-ClinicDB/images/287.png,ValidationDataset,ValidationDataset/images/288.png,4,3,8
TestDataset/CVC-ClinicDB,TestDataset/CVC-ClinicDB/images/31.png,ValidationDataset,ValidationDataset/images/28.png,3,2,6
TestDataset/CVC-ClinicDB,TestDataset/CVC-ClinicDB/images/31.png,ValidationDataset,ValidationDataset/images/44.png,6,6,10
TestDataset/CVC-ClinicDB,TestDataset/CVC-ClinicDB/images/374.png,ValidationDataset,ValidationDataset/images/373.png,0,4,10
TestDataset/CVC-ClinicDB,TestDataset/CVC-ClinicDB/images/381.png,ValidationDataset,ValidationDataset/images/373.png,2,5,8
TestDataset/CVC-ClinicDB,TestDataset/CVC-ClinicDB/images/381.png,ValidationDataset,ValidationDataset/images/563.png,5,15,6
TestDataset/CVC-ClinicDB,TestDataset/CVC-ClinicDB/images/388.png,ValidationDataset,ValidationDataset/images/386.png,3,8,8
TestDataset/CVC-ClinicDB,TestDataset/CVC-ClinicDB/images/42.png,ValidationDataset,ValidationDataset/images/44.png,6,7,18
TestDataset/CVC-ClinicDB,TestDataset/CVC-ClinicDB/images/442.png,ValidationDataset,ValidationDataset/images/28.png,3,4,16
TestDataset/CVC-ClinicDB,TestDataset/CVC-ClinicDB/images/442.png,ValidationDataset,ValidationDataset/images/356.png,7,8,12
TestDataset/CVC-ClinicDB,TestDataset/CVC-ClinicDB/images/442.png,ValidationDataset,ValidationDataset/images/357.png,5,8,26
TestDataset/CVC-ClinicDB,TestDataset/CVC-ClinicDB/images/459.png,ValidationDataset,ValidationDataset/images/455.png,2,13,4
TestDataset/CVC-ClinicDB,TestDataset/CVC-ClinicDB/images/464.png,ValidationDataset,ValidationDataset/images/455.png,3,9,8
TestDataset/CVC-ClinicDB,TestDataset/CVC-ClinicDB/images/481.png,ValidationDataset,ValidationDataset/images/484.png,0,2,8
TestDataset/CVC-ClinicDB,TestDataset/CVC-ClinicDB/images/483.png,ValidationDataset,ValidationDataset/images/484.png,1,5,10
TestDataset/CVC-ClinicDB,TestDataset/CVC-ClinicDB/images/50.png,ValidationDataset,ValidationDataset/images/510.png,9,7,8
TestDataset/CVC-ClinicDB,TestDataset/CVC-ClinicDB/images/50.png,ValidationDataset,ValidationDataset/images/88.png,4,6,16
TestDataset/CVC-ClinicDB,TestDataset/CVC-ClinicDB/images/526.png,ValidationDataset,ValidationDataset/images/521.png,5,6,10
TestDataset/CVC-ClinicDB,TestDataset/CVC-ClinicDB/images/555.png,ValidationDataset,ValidationDataset/images/147.png,7,14,8
TestDataset/CVC-ClinicDB,TestDataset/CVC-ClinicDB/images/575.png,ValidationDataset,ValidationDataset/images/579.png,5,7,20
TestDataset/CVC-ClinicDB,TestDataset/CVC-ClinicDB/images/80.png,ValidationDataset,ValidationDataset/images/88.png,2,10,8
TestDataset/CVC-ClinicDB,TestDataset/CVC-ClinicDB/images/89.png,ValidationDataset,ValidationDataset/images/82.png,5,8,14
TestDataset/CVC-ClinicDB,TestDataset/CVC-ClinicDB/images/89.png,ValidationDataset,ValidationDataset/images/88.png,1,3,6
TestDataset/CVC-ColonDB,TestDataset/CVC-ColonDB/images/100.png,TestDataset/CVC-ColonDB,TestDataset/CVC-ColonDB/images/118.png,1,9,4
TestDataset/CVC-ColonDB,TestDataset/CVC-ColonDB/images/100.png,TestDataset/CVC-ColonDB,TestDataset/CVC-ColonDB/images/133.png,3,14,8
TestDataset/CVC-ColonDB,TestDataset/CVC-ColonDB/images/100.png,TestDataset/CVC-ColonDB,TestDataset/CVC-ColonDB/images/134.png,3,8,12
TestDataset/CVC-ColonDB,TestDataset/CVC-ColonDB/images/100.png,TestDataset/CVC-ColonDB,TestDataset/CVC-ColonDB/images/135.png,5,8,10
TestDataset/CVC-ColonDB,TestDataset/CVC-ColonDB/images/100.png,TestDataset/CVC-ColonDB,TestDataset/CVC-ColonDB/images/148.png,2,4,6
TestDataset/CVC-ColonDB,TestDataset/CVC-ColonDB/images/100.png,TestDataset/CVC-ColonDB,TestDataset/CVC-ColonDB/images/99.png,2,4,6
TestDataset/CVC-ColonDB,TestDataset/CVC-ColonDB/images/101.png,TestDataset/CVC-ColonDB,TestDataset/CVC-ColonDB/images/118.png,8,6,14
TestDataset/CVC-ColonDB,TestDataset/CVC-ColonDB/images/101.png,TestDataset/CVC-ColonDB,TestDataset/CVC-ColonDB/images/134.png,4,5,4
TestDataset/CVC-ColonDB,TestDataset/CVC-ColonDB/images/101.png,TestDataset/CVC-ColonDB,TestDataset/CVC-ColonDB/images/135.png,4,9,6
TestDataset/CVC-ColonDB,TestDataset/CVC-ColonDB/images/101.png,TestDataset/CVC-ColonDB,TestDataset/CVC-ColonDB/images/136.png,4,8,2
TestDataset/CVC-ColonDB,TestDataset/CVC-ColonDB/images/102.png,TestDataset/CVC-ColonDB,TestDataset/CVC-ColonDB/images/113.png,4,6,10
TestDataset/CVC-ColonDB,TestDataset/CVC-ColonDB/images/103.png,TestDataset/CVC-ColonDB,TestDataset/CVC-ColonDB/images/130.png,5,8,14
TestDataset/CVC-ColonDB,TestDataset/CVC-ColonDB/images/104.png,TestDataset/CVC-ColonDB,TestDataset/CVC-ColonDB/images/137.png,1,0,2
TestDataset/CVC-ColonDB,TestDataset/CVC-ColonDB/images/105.png,TestDataset/CVC-ColonDB,TestDataset/CVC-ColonDB/images/138.png,5,10,8
TestDataset/CVC-ColonDB,TestDataset/CVC-ColonDB/images/106.png,TestDataset/CVC-ColonDB,TestDataset/CVC-ColonDB/images/107.png,8,6,10
TestDataset/CVC-ColonDB,TestDataset/CVC-ColonDB/images/108.png,TestDataset/CVC-ColonDB,TestDataset/CVC-ColonDB/images/139.png,0,0,0
TestDataset/CVC-ColonDB,TestDataset/CVC-ColonDB/images/109.png,TestDataset/CVC-ColonDB,TestDataset/CVC-ColonDB/images/110.png,2,10,4
TestDataset/CVC-ColonDB,TestDataset/CVC-ColonDB/images/109.png,TestDataset/CVC-ColonDB,TestDataset/CVC-ColonDB/images/143.png,1,3,4
TestDataset/CVC-ColonDB,TestDataset/CVC-ColonDB/images/109.png,TestDataset/CVC-ColonDB,TestDataset/CVC-ColonDB/images/146.png,0,2,2
TestDataset/CVC-ColonDB,TestDataset/CVC-ColonDB/images/109.png,TestDataset/CVC-ColonDB,TestDataset/CVC-ColonDB/images/305.png,7,20,8
TestDataset/CVC-ColonDB,TestDataset/CVC-ColonDB/images/109.png,TestDataset/CVC-ColonDB,TestDataset/CVC-ColonDB/images/306.png,6,19,8
TestDataset/CVC-ColonDB,TestDataset/CVC-ColonDB/images/11.png,TestDataset/CVC-ColonDB,TestDataset/CVC-ColonDB/images/28.png,2,2,4
TestDataset/CVC-ColonDB,TestDataset/CVC-ColonDB/images/110.png,TestDataset/CVC-ColonDB,TestDataset/CVC-ColonDB/images/143.png,3,11,8
TestDataset/CVC-ColonDB,TestDataset/CVC-ColonDB/images/110.png,TestDataset/CVC-ColonDB,TestDataset/CVC-ColonDB/images/146.png,2,8,2
TestDataset/CVC-ColonDB,TestDataset/CVC-ColonDB/images/110.png,TestDataset/CVC-ColonDB,TestDataset/CVC-ColonDB/images/179.png,6,22,8
TestDataset/CVC-ColonDB,TestDataset/CVC-ColonDB/images/110.png,TestDataset/CVC-ColonDB,TestDataset/CVC-ColonDB/images/196.png,6,22,8
TestDataset/CVC-ColonDB,TestDataset/CVC-ColonDB/images/111.png,TestDataset/CVC-ColonDB,TestDataset/CVC-ColonDB/images/124.png,4,6,12
TestDataset/CVC-ColonDB,TestDataset/CVC-ColonDB/images/111.png,TestDataset/CVC-ColonDB,TestDataset/CVC-ColonDB/images/125.png,4,8,12
TestDataset/CVC-ColonDB,TestDataset/CVC-ColonDB/images/111.png,TestDataset/CVC-ColonDB,TestDataset/CVC-ColonDB/images/126.png,4,8,10
TestDataset/CVC-ColonDB,TestDataset/CVC-ColonDB/images/111.png,TestDataset/CVC-ColonDB,TestDataset/CVC-ColonDB/images/127.png,1,5,4
TestDataset/CVC-ColonDB,TestDataset/CVC-ColonDB/images/112.png,TestDataset/CVC-ColonDB,TestDataset/CVC-ColonDB/images/127.png,3,8,14
TestDataset/CVC-ColonDB,TestDataset/CVC-ColonDB/images/112.png,TestDataset/CVC-ColonDB,TestDataset/CVC-ColonDB/images/128.png,2,3,4
TestDataset/CVC-ColonDB,TestDataset/CVC-ColonDB/images/115.png,TestDataset/CVC-ColonDB,TestDataset/CVC-ColonDB/images/116.png,4,2,8
TestDataset/CVC-ColonDB,TestDataset/CVC-ColonDB/images/117.png,TestDataset/CVC-ColonDB,TestDataset/CVC-ColonDB/images/118.png,3,9,6
TestDataset/CVC-ColonDB,TestDataset/CVC-ColonDB/images/117.png,TestDataset/CVC-ColonDB,TestDataset/CVC-ColonDB/images/133.png,7,20,8
TestDataset/CVC-ColonDB,TestDataset/CVC-ColonDB/images/117.png,TestDataset/CVC-ColonDB,TestDataset/CVC-ColonDB/images/148.png,2,18,6
TestDataset/CVC-ColonDB,TestDataset/CVC-ColonDB/images/117.png,TestDataset/CVC-ColonDB,TestDataset/CVC-ColonDB/images/99.png,2,18,6
TestDataset/CVC-ColonDB,TestDataset/CVC-ColonDB/images/118.png,TestDataset/CVC-ColonDB,TestDataset/CVC-ColonDB/images/132.png,3,13,6
TestDataset/CVC-ColonDB,TestDataset/CVC-ColonDB/images/118.png,TestDataset/CVC-ColonDB,TestDataset/CVC-ColonDB/images/133.png,4,15,6
TestDataset/CVC-ColonDB,TestDataset/CVC-ColonDB/images/118.png,TestDataset/CVC-ColonDB,TestDataset/CVC-ColonDB/images/147.png,6,13,8
TestDataset/CVC-ColonDB,TestDataset/CVC-ColonDB/images/118.png,TestDataset/CVC-ColonDB,TestDataset/CVC-ColonDB/images/148.png,3,9,2
TestDataset/CVC-ColonDB,TestDataset/CVC-ColonDB/images/118.png,TestDataset/CVC-ColonDB,TestDataset/CVC-ColonDB/images/98.png,6,13,8
TestDataset/CVC-ColonDB,TestDataset/CVC-ColonDB/images/118.png,TestDataset/CVC-ColonDB,TestDataset/CVC-ColonDB/images/99.png,3,9,2
TestDataset/CVC-ColonDB,TestDataset/CVC-ColonDB/images/12.png,TestDataset/CVC-ColonDB,TestDataset/CVC-ColonDB/images/13.png,3,6,20
TestDataset/CVC-ColonDB,TestDataset/CVC-ColonDB/images/12.png,TestDataset/CVC-ColonDB,TestDataset/CVC-ColonDB/images/30.png,6,8,6
TestDataset/CVC-ColonDB,TestDataset/CVC-ColonDB/images/122.png,TestDataset/CVC-ColonDB,TestDataset/CVC-ColonDB/images/123.png,4,4,8
TestDataset/CVC-ColonDB,TestDataset/CVC-ColonDB/images/124.png,TestDataset/CVC-ColonDB,TestDataset/CVC-ColonDB/images/125.png,4,8,14
TestDataset/CVC-ColonDB,TestDataset/CVC-ColonDB/images/124.png,TestDataset/CVC-ColonDB,TestDataset/CVC-ColonDB/images/126.png,6,6,8
TestDataset/CVC-ColonDB,TestDataset/CVC-ColonDB/images/125.png,TestDataset/CVC-ColonDB,TestDataset/CVC-ColonDB/images/127.png,3,7,12
TestDataset/CVC-ColonDB,TestDataset/CVC-ColonDB/images/125.png,TestDataset/CVC-ColonDB,TestDataset/CVC-ColonDB/images/142.png,6,8,24
TestDataset/CVC-ColonDB,TestDataset/CVC-ColonDB/images/125.png,TestDataset/CVC-ColonDB,TestDataset/CVC-ColonDB/images/144.png,7,7,18
TestDataset/CVC-ColonDB,TestDataset/CVC-ColonDB/images/127.png,TestDataset/CVC-ColonDB,TestDataset/CVC-ColonDB/images/142.png,7,7,18
TestDataset/CVC-ColonDB,TestDataset/CVC-ColonDB/images/129.png,TestDataset/CVC-ColonDB,TestDataset/CVC-ColonDB/images/130.png,1,3,4
TestDataset/CVC-ColonDB,TestDataset/CVC-ColonDB/images/132.png,TestDataset/CVC-ColonDB,TestDataset/CVC-ColonDB/images/133.png,1,6,6
TestDataset/CVC-ColonDB,TestDataset/CVC-ColonDB/images/132.png,TestDataset/CVC-ColonDB,TestDataset/CVC-ColonDB/images/147.png,3,4,6
TestDataset/CVC-ColonDB,TestDataset/CVC-ColonDB/images/132.png,TestDataset/CVC-ColonDB,TestDataset/CVC-ColonDB/images/148.png,4,10,8
TestDataset/CVC-ColonDB,TestDataset/CVC-ColonDB/images/132.png,TestDataset/CVC-ColonDB,TestDataset/CVC-ColonDB/images/98.png,3,4,6
TestDataset/CVC-ColonDB,TestDataset/CVC-ColonDB/images/132.png,TestDataset/CVC-ColonDB,TestDataset/CVC-ColonDB/images/99.png,4,10,8
TestDataset/CVC-ColonDB,TestDataset/CVC-ColonDB/images/133.png,TestDataset/CVC-ColonDB,TestDataset/CVC-ColonDB/images/147.png,4,8,2
TestDataset/CVC-ColonDB,TestDataset/CVC-ColonDB/images/133.png,TestDataset/CVC-ColonDB,TestDataset/CVC-ColonDB/images/148.png,5,12,6
TestDataset/CVC-ColonDB,TestDataset/CVC-ColonDB/images/133.png,TestDataset/CVC-ColonDB,TestDataset/CVC-ColonDB/images/98.png,4,8,2
TestDataset/CVC-ColonDB,TestDataset/CVC-ColonDB/images/133.png,TestDataset/CVC-ColonDB,TestDataset/CVC-ColonDB/images/99.png,5,12,6
TestDataset/CVC-ColonDB,TestDataset/CVC-ColonDB/images/134.png,TestDataset/CVC-ColonDB,TestDataset/CVC-ColonDB/images/135.png,2,4,4
TestDataset/CVC-ColonDB,TestDataset/CVC-ColonDB/images/134.png,TestDataset/CVC-ColonDB,TestDataset/CVC-ColonDB/images/136.png,2,3,2
TestDataset/CVC-ColonDB,TestDataset/CVC-ColonDB/images/134.png,TestDataset/CVC-ColonDB,TestDataset/CVC-ColonDB/images/148.png,3,6,12
TestDataset/CVC-ColonDB,TestDataset/CVC-ColonDB/images/134.png,TestDataset/CVC-ColonDB,TestDataset/CVC-ColonDB/images/99.png,3,6,12
TestDataset/CVC-ColonDB,TestDataset/CVC-ColonDB/images/135.png,TestDataset/CVC-ColonDB,TestDataset/CVC-ColonDB/images/136.png,4,7,6
TestDataset/CVC-ColonDB,TestDataset/CVC-ColonDB/images/135.png,TestDataset/CVC-ColonDB,TestDataset/CVC-ColonDB/images/147.png,6,8,12
TestDataset/CVC-ColonDB,TestDataset/CVC-ColonDB/images/135.png,TestDataset/CVC-ColonDB,TestDataset/CVC-ColonDB/images/148.png,5,4,10
TestDataset/CVC-ColonDB,TestDataset/CVC-ColonDB/images/135.png,TestDataset/CVC-ColonDB,TestDataset/CVC-ColonDB/images/98.png,6,8,12
TestDataset/CVC-ColonDB,TestDataset/CVC-ColonDB/images/135.png,TestDataset/CVC-ColonDB,TestDataset/CVC-ColonDB/images/99.png,5,4,10
TestDataset/CVC-ColonDB,TestDataset/CVC-ColonDB/images/138.png,TestDataset/CVC-ColonDB,TestDataset/CVC-ColonDB/images/145.png,8,7,14
TestDataset/CVC-ColonDB,TestDataset/CVC-ColonDB/images/14.png,TestDataset/CVC-ColonDB,TestDataset/CVC-ColonDB/images/19.png,5,8,24
TestDataset/CVC-ColonDB,TestDataset/CVC-ColonDB/images/14.png,TestDataset/CVC-ColonDB,TestDataset/CVC-ColonDB/images/31.png,1,5,6
TestDataset/CVC-ColonDB,TestDataset/CVC-ColonDB/images/140.png,TestDataset/CVC-ColonDB,TestDataset/CVC-ColonDB/images/141.png,5,8,10
TestDataset/CVC-ColonDB,TestDataset/CVC-ColonDB/images/141.png,TestDataset/CVC-ColonDB,TestDataset/CVC-ColonDB/images/142.png,2,7,6
TestDataset/CVC-ColonDB,TestDataset/CVC-ColonDB/images/142.png,TestDataset/CVC-ColonDB,TestDataset/CVC-ColonDB/images/144.png,3,7,14
TestDataset/CVC-ColonDB,TestDataset/CVC-ColonDB/images/143.png,TestDataset/CVC-ColonDB,TestDataset/CVC-ColonDB/images/146.png,1,5,6
TestDataset/CVC-ColonDB,TestDataset/CVC-ColonDB/images/146.png,TestDataset/CVC-ColonDB,TestDataset/CVC-ColonDB/images/305.png,7,22,8
TestDataset/CVC-ColonDB,TestDataset/CVC-ColonDB/images/146.png,TestDataset/CVC-ColonDB,TestDataset/CVC-ColonDB/images/306.png,6,21,8
TestDataset/CVC-ColonDB,TestDataset/CVC-ColonDB/images/147.png,TestDataset/CVC-ColonDB,TestDataset/CVC-ColonDB/images/148.png,7,10,8
TestDataset/CVC-ColonDB,TestDataset/CVC-ColonDB/images/147.png,TestDataset/CVC-ColonDB,TestDataset/CVC-ColonDB/images/98.png,0,0,0
TestDataset/CVC-ColonDB,TestDataset/CVC-ColonDB/images/147.png,TestDataset/CVC-ColonDB,TestDataset/CVC-ColonDB/images/99.png,7,10,8
TestDataset/CVC-ColonDB,TestDataset/CVC-ColonDB/images/148.png,TestDataset/CVC-ColonDB,TestDataset/CVC-ColonDB/images/98.png,7,10,8
TestDataset/CVC-ColonDB,TestDataset/CVC-ColonDB/images/148.png,TestDataset/CVC-ColonDB,TestDataset/CVC-ColonDB/images/99.png,0,0,0
TestDataset/CVC-ColonDB,TestDataset/CVC-ColonDB/images/15.png,TestDataset/CVC-ColonDB,TestDataset/CVC-ColonDB/images/18.png,4,5,4
TestDataset/CVC-ColonDB,TestDataset/CVC-ColonDB/images/15.png,TestDataset/CVC-ColonDB,TestDataset/CVC-ColonDB/images/33.png,4,6,6
TestDataset/CVC-ColonDB,TestDataset/CVC-ColonDB/images/156.png,TestDataset/CVC-ColonDB,TestDataset/CVC-ColonDB/images/169.png,2,7,10
TestDataset/CVC-ColonDB,TestDataset/CVC-ColonDB/images/156.png,TestDataset/CVC-ColonDB,TestDataset/CVC-ColonDB/images/170.png,4,7,10
TestDataset/CVC-ColonDB,TestDataset/CVC-ColonDB/images/157.png,TestDataset/CVC-ColonDB,TestDataset/CVC-ColonDB/images/158.png,4,10,8
TestDataset/CVC-ColonDB,TestDataset/CVC-ColonDB/images/157.png,TestDataset/CVC-ColonDB,TestDataset/CVC-ColonDB/images/166.png,3,11,8
TestDataset/CVC-ColonDB,TestDataset/CVC-ColonDB/images/157.png,TestDataset/CVC-ColonDB,TestDataset/CVC-ColonDB/images/170.png,4,9,8
TestDataset/CVC-ColonDB,TestDataset/CVC-ColonDB/images/158.png,TestDataset/CVC-ColonDB,TestDataset/CVC-ColonDB/images/159.png,3,13,6
TestDataset/CVC-ColonDB,TestDataset/CVC-ColonDB/images/158.png,TestDataset/CVC-ColonDB,TestDataset/CVC-ColonDB/images/166.png,1,9,8
TestDataset/CVC-ColonDB,TestDataset/CVC-ColonDB/images/158.png,TestDataset/CVC-ColonDB,TestDataset/CVC-ColonDB/images/167.png,1,5,14
TestDataset/CVC-ColonDB,TestDataset/CVC-ColonDB/images/158.png,TestDataset/CVC-ColonDB,TestDataset/CVC-ColonDB/images/170.png,4,11,8
TestDataset/CVC-ColonDB,TestDataset/CVC-ColonDB/images/159.png,TestDataset/CVC-ColonDB,TestDataset/CVC-ColonDB/images/160.png,4,17,8
TestDataset/CVC-ColonDB,TestDataset/CVC-ColonDB/images/159.png,TestDataset/CVC-ColonDB,TestDataset/CVC-ColonDB/images/164.png,1,14,8
TestDataset/CVC-ColonDB,TestDataset/CVC-ColonDB/images/159.png,TestDataset/CVC-ColonDB,TestDataset/CVC-ColonDB/images/165.png,1,12,8
TestDataset/CVC-ColonDB,TestDataset/CVC-ColonDB/images/160.png,TestDataset/CVC-ColonDB,TestDataset/CVC-ColonDB/images/161.png,2,9,6
TestDataset/CVC-ColonDB,TestDataset/CVC-ColonDB/images/160.png,TestDataset/CVC-ColonDB,TestDataset/CVC-ColonDB/images/164.png,3,21,6
TestDataset/CVC-ColonDB,TestDataset/CVC-ColonDB/images/160.png,TestDataset/CVC-ColonDB,TestDataset/CVC-ColonDB/images/171.png,6,19,8
TestDataset/CVC-ColonDB,TestDataset/CVC-ColonDB/images/161.png,TestDataset/CVC-ColonDB,TestDataset/CVC-ColonDB/images/162.png,4,20,6
TestDataset/CVC-ColonDB,TestDataset/CVC-ColonDB/images/161.png,TestDataset/CVC-ColonDB,TestDataset/CVC-ColonDB/images/164.png,5,18,6
TestDataset/CVC-ColonDB,TestDataset/CVC-ColonDB/images/161.png,TestDataset/CVC-ColonDB,TestDataset/CVC-ColonDB/images/171.png,8,16,8
TestDataset/CVC-ColonDB,TestDataset/CVC-ColonDB/images/161.png,TestDataset/CVC-ColonDB,TestDataset/CVC-ColonDB/images/173.png,3,16,6
TestDataset/CVC-ColonDB,TestDataset/CVC-ColonDB/images/161.png,TestDataset/CVC-ColonDB,TestDataset/CVC-ColonDB/images/174.png,1,14,8
TestDataset/CVC-ColonDB,TestDataset/CVC-ColonDB/images/161.png,TestDataset/CVC-ColonDB,TestDataset/CVC-ColonDB/images/191.png,6,13,6
TestDataset/CVC-ColonDB,TestDataset/CVC-ColonDB/images/161.png,TestDataset/CVC-ColonDB,TestDataset/CVC-ColonDB/images/202.png,3,22,8
TestDataset/CVC-ColonDB,TestDataset/CVC-ColonDB/images/162.png,TestDataset/CVC-ColonDB,TestDataset/CVC-ColonDB/images/171.png,6,18,8
TestDataset/CVC-ColonDB,TestDataset/CVC-ColonDB/images/162.png,TestDataset/CVC-ColonDB,TestDataset/CVC-ColonDB/images/173.png,5,22,6
TestDataset/CVC-ColonDB,TestDataset/CVC-ColonDB/images/162.png,TestDataset/CVC-ColonDB,TestDataset/CVC-ColonDB/images/179.png,7,13,8
TestDataset/CVC-ColonDB,TestDataset/CVC-ColonDB/images/162.png,TestDataset/CVC-ColonDB,TestDataset/CVC-ColonDB/images/191.png,8,15,4
TestDataset/CVC-ColonDB,TestDataset/CVC-ColonDB/images/162.png,TestDataset/CVC-ColonDB,TestDataset/CVC-ColonDB/images/192.png,6,16,8
TestDataset/CVC-ColonDB,TestDataset/CVC-ColonDB/images/162.png,TestDataset/CVC-ColonDB,TestDataset/CVC-ColonDB/images/202.png,5,26,8
TestDataset/CVC-ColonDB,TestDataset/CVC-ColonDB/images/162.png,TestDataset/CVC-ColonDB,TestDataset/CVC-ColonDB/images/304.png,6,34,8
TestDataset/CVC-ColonDB,TestDataset/CVC-ColonDB/images/163.png,TestDataset/CVC-ColonDB,TestDataset/CVC-ColonDB/images/164.png,2,11,8
TestDataset/CVC-ColonDB,TestDataset/CVC-ColonDB/images/163.png,TestDataset/CVC-ColonDB,TestDataset/CVC-ColonDB/images/175.png,7,16,8
TestDataset/CVC-ColonDB,TestDataset/CVC-ColonDB/images/163.png,TestDataset/CVC-ColonDB,TestDataset/CVC-ColonDB/images/178.png,7,23,8
TestDataset/CVC-ColonDB,TestDataset/CVC-ColonDB/images/163.png,TestDataset/CVC-ColonDB,TestDataset/CVC-ColonDB/images/179.png,6,24,8
TestDataset/CVC-ColonDB,TestDataset/CVC-ColonDB/images/163.png,TestDataset/CVC-ColonDB,TestDataset/CVC-ColonDB/images/180.png,4,16,8
TestDataset/CVC-ColonDB,TestDataset/CVC-ColonDB/images/163.png,TestDataset/CVC-ColonDB,TestDataset/CVC-ColonDB/images/181.png,4,27,8
TestDataset/CVC-ColonDB,TestDataset/CVC-ColonDB/images/163.png,TestDataset/CVC-ColonDB,TestDataset/CVC-ColonDB/images/195.png,8,25,8
TestDataset/CVC-ColonDB,TestDataset/CVC-ColonDB/images/163.png,TestDataset/CVC-ColonDB,TestDataset/CVC-ColonDB/images/197.png,4,15,8
TestDataset/CVC-ColonDB,TestDataset/CVC-ColonDB/images/163.png,TestDataset/CVC-ColonDB,TestDataset/CVC-ColonDB/images/202.png,6,21,8
TestDataset/CVC-ColonDB,TestDataset/CVC-ColonDB/images/163.png,TestDataset/CVC-ColonDB,TestDataset/CVC-ColonDB/images/306.png,6,25,8
TestDataset/CVC-ColonDB,TestDataset/CVC-ColonDB/images/163.png,TestDataset/CVC-ColonDB,TestDataset/CVC-ColonDB/images/320.png,8,24,8
TestDataset/CVC-ColonDB,TestDataset/CVC-ColonDB/images/164.png,TestDataset/CVC-ColonDB,TestDataset/CVC-ColonDB/images/165.png,2,4,4
TestDataset/CVC-ColonDB,TestDataset/CVC-ColonDB/images/164.png,TestDataset/CVC-ColonDB,TestDataset/CVC-ColonDB/images/166.png,3,8,10
TestDataset/CVC-ColonDB,TestDataset/CVC-ColonDB/images/164.png,TestDataset/CVC-ColonDB,TestDataset/CVC-ColonDB/images/173.png,6,18,8
TestDataset/CVC-ColonDB,TestDataset/CVC-ColonDB/images/164.png,TestDataset/CVC-ColonDB,TestDataset/CVC-ColonDB/images/174.png,6,16,6
TestDataset/CVC-ColonDB,TestDataset/CVC-ColonDB/images/164.png,TestDataset/CVC-ColonDB,TestDataset/CVC-ColonDB/images/181.png,4,24,8
TestDataset/CVC-ColonDB,TestDataset/CVC-ColonDB/images/164.png,TestDataset/CVC-ColonDB,TestDataset/CVC-ColonDB/images/186.png,8,17,8
TestDataset/CVC-ColonDB,TestDataset/CVC-ColonDB/images/164.png,TestDataset/CVC-ColonDB,TestDataset/CVC-ColonDB/images/192.png,5,14,8
TestDataset/CVC-ColonDB,TestDataset/CVC-ColonDB/images/164.png,TestDataset/CVC-ColonDB,TestDataset/CVC-ColonDB/images/304.png,7,28,8
TestDataset/CVC-ColonDB,TestDataset/CVC-ColonDB/images/165.png,TestDataset/CVC-ColonDB,TestDataset/CVC-ColonDB/images/166.png,1,4,6
TestDataset/CVC-ColonDB,TestDataset/CVC-ColonDB/images/165.png,TestDataset/CVC-ColonDB,TestDataset/CVC-ColonDB/images/174.png,6,16,6
TestDataset/CVC-ColonDB,TestDataset/CVC-ColonDB/images/165.png,TestDataset/CVC-ColonDB,TestDataset/CVC-ColonDB/images/192.png,5,14,8
TestDataset/CVC-ColonDB,TestDataset/CVC-ColonDB/images/166.png,TestDataset/CVC-ColonDB,TestDataset/CVC-ColonDB/images/170.png,3,12,6
TestDataset/CVC-ColonDB,TestDataset/CVC-ColonDB/images/166.png,TestDataset/CVC-ColonDB,TestDataset/CVC-ColonDB/images/174.png,7,16,8
TestDataset/CVC-ColonDB,TestDataset/CVC-ColonDB/images/167.png,TestDataset/CVC-ColonDB,TestDataset/CVC-ColonDB/images/168.png,0,4,6
TestDataset/CVC-ColonDB,TestDataset/CVC-ColonDB/images/169.png,TestDataset/CVC-ColonDB,TestDataset/CVC-ColonDB/images/170.png,2,4,6
TestDataset/CVC-ColonDB,TestDataset/CVC-ColonDB/images/170.png,TestDataset/CVC-ColonDB,TestDataset/CVC-ColonDB/images/175.png,5,13,8
TestDataset/CVC-ColonDB,TestDataset/CVC-ColonDB/images/170.png,TestDataset/CVC-ColonDB,TestDataset/CVC-ColonDB/images/184.png,4,17,8
TestDataset/CVC-ColonDB,TestDataset/CVC-ColonDB/images/171.png,TestDataset/CVC-ColonDB,TestDataset/CVC-ColonDB/images/173.png,7,18,8
TestDataset/CVC-ColonDB,TestDataset/CVC-ColonDB/images/171.png,TestDataset/CVC-ColonDB,TestDataset/CVC-ColonDB/images/191.png,4,11,8
TestDataset/CVC-ColonDB,TestDataset/CVC-ColonDB/images/171.png,TestDataset/CVC-ColonDB,TestDataset/CVC-ColonDB/images/192.png,6,16,6
TestDataset/CVC-ColonDB,TestDataset/CVC-ColonDB/images/172.png,TestDataset/CVC-ColonDB,TestDataset/CVC-ColonDB/images/177.png,4,22,8
TestDataset/CVC-ColonDB,TestDataset/CVC-ColonDB/images/173.png,TestDataset/CVC-ColonDB,TestDataset/CVC-ColonDB/images/174.png,2,6,4
TestDataset/CVC-ColonDB,TestDataset/CVC-ColonDB/images/173.png,TestDataset/CVC-ColonDB,TestDataset/CVC-ColonDB/images/175.png,5,15,6
TestDataset/CVC-ColonDB,TestDataset/CVC-ColonDB/images/173.png,TestDataset/CVC-ColonDB,TestDataset/CVC-ColonDB/images/176.png,3,12,8
TestDataset/CVC-ColonDB,TestDataset/CVC-ColonDB/images/173.png,TestDataset/CVC-ColonDB,TestDataset/CVC-ColonDB/images/178.png,5,26,8
TestDataset/CVC-ColonDB,TestDataset/CVC-ColonDB/images/173.png,TestDataset/CVC-ColonDB,TestDataset/CVC-ColonDB/images/180.png,2,13,4
TestDataset/CVC-ColonDB,TestDataset/CVC-ColonDB/images/173.png,TestDataset/CVC-ColonDB,TestDataset/CVC-ColonDB/images/181.png,4,22,6
TestDataset/CVC-ColonDB,TestDataset/CVC-ColonDB/images/173.png,TestDataset/CVC-ColonDB,TestDataset/CVC-ColonDB/images/182.png,3,24,6
TestDataset/CVC-ColonDB,TestDataset/CVC-ColonDB/images/173.png,TestDataset/CVC-ColonDB,TestDataset/CVC-ColonDB/images/186.png,6,23,8
TestDataset/CVC-ColonDB,TestDataset/CVC-ColonDB/images/173.png,TestDataset/CVC-ColonDB,TestDataset/CVC-ColonDB/images/191.png,3,9,4
TestDataset/CVC-ColonDB,TestDataset/CVC-ColonDB/images/173.png,TestDataset/CVC-ColonDB,TestDataset/CVC-ColonDB/images/192.png,1,10,4
TestDataset/CVC-ColonDB,TestDataset/CVC-ColonDB/images/173.png,TestDataset/CVC-ColonDB,TestDataset/CVC-ColonDB/images/194.png,3,13,8
TestDataset/CVC-ColonDB,TestDataset/CVC-ColonDB/images/173.png,TestDataset/CVC-ColonDB,TestDataset/CVC-ColonDB/images/197.png,2,14,4
TestDataset/CVC-ColonDB,TestDataset/CVC-ColonDB/images/173.png,TestDataset/CVC-ColonDB,TestDataset/CVC-ColonDB/images/202.png,2,10,6
TestDataset/CVC-ColonDB,TestDataset/CVC-ColonDB/images/173.png,TestDataset/CVC-ColonDB,TestDataset/CVC-ColonDB/images/306.png,8,26,8
TestDataset/CVC-ColonDB,TestDataset/CVC-ColonDB/images/173.png,TestDataset/CVC-ColonDB,TestDataset/CVC-ColonDB/images/307.png,8,27,8
TestDataset/CVC-ColonDB,TestDataset/CVC-ColonDB/images/174.png,TestDataset/CVC-ColonDB,TestDataset/CVC-ColonDB/images/175.png,3,11,8
TestDataset/CVC-ColonDB,TestDataset/CVC-ColonDB/images/174.png,TestDataset/CVC-ColonDB,TestDataset/CVC-ColonDB/images/178.png,3,26,8
TestDataset/CVC-ColonDB,TestDataset/CVC-ColonDB/images/174.png,TestDataset/CVC-ColonDB,TestDataset/CVC-ColonDB/images/180.png,2,13,6
TestDataset/CVC-ColonDB,TestDataset/CVC-ColonDB/images/174.png,TestDataset/CVC-ColonDB,TestDataset/CVC-ColonDB/images/181.png,4,24,6
TestDataset/CVC-ColonDB,TestDataset/CVC-ColonDB/images/174.png,TestDataset/CVC-ColonDB,TestDataset/CVC-ColonDB/images/182.png,5,24,6
TestDataset/CVC-ColonDB,TestDataset/CVC-ColonDB/images/174.png,TestDataset/CVC-ColonDB,TestDataset/CVC-ColonDB/images/184.png,6,23,8
TestDataset/CVC-ColonDB,TestDataset/CVC-ColonDB/images/174.png,TestDataset/CVC-ColonDB,TestDataset/CVC-ColonDB/images/186.png,6,17,8
TestDataset/CVC-ColonDB,TestDataset/CVC-ColonDB/images/174.png,TestDataset/CVC-ColonDB,TestDataset/CVC-ColonDB/images/191.png,5,9,8
TestDataset/CVC-ColonDB,TestDataset/CVC-ColonDB/images/174.png,TestDataset/CVC-ColonDB,TestDataset/CVC-ColonDB/images/192.png,3,6,2
TestDataset/CVC-ColonDB,TestDataset/CVC-ColonDB/images/174.png,TestDataset/CVC-ColonDB,TestDataset/CVC-ColonDB/images/197.png,2,12,6
TestDataset/CVC-ColonDB,TestDataset/CVC-ColonDB/images/175.png,TestDataset/CVC-ColonDB,TestDataset/CVC-ColonDB/images/176.png,2,9,8
TestDataset/CVC-ColonDB,TestDataset/CVC-ColonDB/images/175.png,TestDataset/CVC-ColonDB,TestDataset/CVC-ColonDB/images/180.png,3,12,8
TestDataset/CVC-ColonDB,TestDataset/CVC-ColonDB/images/175.png,TestDataset/CVC-ColonDB,TestDataset/CVC-ColonDB/images/181.png,7,23,8
TestDataset/CVC-ColonDB,TestDataset/CVC-ColonDB/images/175.png,TestDataset/CVC-ColonDB,TestDataset/CVC-ColonDB/images/182.png,8,23,8
TestDataset/CVC-ColonDB,TestDataset/CVC-ColonDB/images/175.png,TestDataset/CVC-ColonDB,TestDataset/CVC-ColonDB/images/184.png,5,18,8
TestDataset/CVC-ColonDB,TestDataset/CVC-ColonDB/images/175.png,TestDataset/CVC-ColonDB,TestDataset/CVC-ColonDB/images/186.png,3,12,6
TestDataset/CVC-ColonDB,TestDataset/CVC-ColonDB/images/175.png,TestDataset/CVC-ColonDB,TestDataset/CVC-ColonDB/images/192.png,6,15,8
TestDataset/CVC-ColonDB,TestDataset/CVC-ColonDB/images/175.png,TestDataset/CVC-ColonDB,TestDataset/CVC-ColonDB/images/193.png,2,6,12
TestDataset/CVC-ColonDB,TestDataset/CVC-ColonDB/images/175.png,TestDataset/CVC-ColonDB,TestDataset/CVC-ColonDB/images/194.png,2,8,8
TestDataset/CVC-ColonDB,TestDataset/CVC-ColonDB/images/175.png,TestDataset/CVC-ColonDB,TestDataset/CVC-ColonDB/images/197.png,3,11,8
TestDataset/CVC-ColonDB,TestDataset/CVC-ColonDB/images/176.png,TestDataset/CVC-ColonDB,TestDataset/CVC-ColonDB/images/180.png,1,9,8
TestDataset/CVC-ColonDB,TestDataset/CVC-ColonDB/images/176.png,TestDataset/CVC-ColonDB,TestDataset/CVC-ColonDB/images/194.png,0,1,0
TestDataset/CVC-ColonDB,TestDataset/CVC-ColonDB/images/176.png,TestDataset/CVC-ColonDB,TestDataset/CVC-ColonDB/images/197.png,1,8,8
TestDataset/CVC-ColonDB,TestDataset/CVC-ColonDB/images/177.png,TestDataset/CVC-ColonDB,TestDataset/CVC-ColonDB/images/195.png,3,8,8
TestDataset/CVC-ColonDB,TestDataset/CVC-ColonDB/images/177.png,TestDataset/CVC-ColonDB,TestDataset/CVC-ColonDB/images/202.png,3,10,8
TestDataset/CVC-ColonDB,TestDataset/CVC-ColonDB/images/178.png,TestDataset/CVC-ColonDB,TestDataset/CVC-ColonDB/images/306.png,5,16,6
TestDataset/CVC-ColonDB,TestDataset/CVC-ColonDB/images/179.png,TestDataset/CVC-ColonDB,TestDataset/CVC-ColonDB/images/180.png,8,14,8
TestDataset/CVC-ColonDB,TestDataset/CVC-ColonDB/images/179.png,TestDataset/CVC-ColonDB,TestDataset/CVC-ColonDB/images/191.png,3,12,8
TestDataset/CVC-ColonDB,TestDataset/CVC-ColonDB/images/179.png,TestDataset/CVC-ColonDB,TestDataset/CVC-ColonDB/images/195.png,6,21,8
TestDataset/CVC-ColonDB,TestDataset/CVC-ColonDB/images/179.png,TestDataset/CVC-ColonDB,TestDataset/CVC-ColonDB/images/196.png,0,0,4
TestDataset/CVC-ColonDB,TestDataset/CVC-ColonDB/images/179.png,TestDataset/CVC-ColonDB,TestDataset/CVC-ColonDB/images/197.png,8,15,8
TestDataset/CVC-ColonDB,TestDataset/CVC-ColonDB/images/179.png,TestDataset/CVC-ColonDB,TestDataset/CVC-ColonDB/images/202.png,8,23,6
TestDataset/CVC-ColonDB,TestDataset/CVC-ColonDB/images/18.png,TestDataset/CVC-ColonDB,TestDataset/CVC-ColonDB/images/33.png,0,1,2
TestDataset/CVC-ColonDB,TestDataset/CVC-ColonDB/images/18.png,TestDataset/CVC-ColonDB,TestDataset/CVC-ColonDB/images/37.png,5,8,14
TestDataset/CVC-ColonDB,TestDataset/CVC-ColonDB/images/180.png,TestDataset/CVC-ColonDB,TestDataset/CVC-ColonDB/images/181.png,4,21,8
TestDataset/CVC-ColonDB,TestDataset/CVC-ColonDB/images/180.png,TestDataset/CVC-ColonDB,TestDataset/CVC-ColonDB/images/182.png,5,21,8
TestDataset/CVC-ColonDB,TestDataset/CVC-ColonDB/images/180.png,TestDataset/CVC-ColonDB,TestDataset/CVC-ColonDB/images/191.png,5,10,8
TestDataset/CVC-ColonDB,TestDataset/CVC-ColonDB/images/180.png,TestDataset/CVC-ColonDB,TestDataset/CVC-ColonDB/images/192.png,3,15,6
TestDataset/CVC-ColonDB,TestDataset/CVC-ColonDB/images/180.png,TestDataset/CVC-ColonDB,TestDataset/CVC-ColonDB/images/194.png,1,10,8
TestDataset/CVC-ColonDB,TestDataset/CVC-ColonDB/images/180.png,TestDataset/CVC-ColonDB,TestDataset/CVC-ColonDB/images/197.png,0,1,0
TestDataset/CVC-ColonDB,TestDataset/CVC-ColonDB/images/180.png,TestDataset/CVC-ColonDB,TestDataset/CVC-ColonDB/images/202.png,2,17,6
TestDataset/CVC-ColonDB,TestDataset/CVC-ColonDB/images/180.png,TestDataset/CVC-ColonDB,TestDataset/CVC-ColonDB/images/307.png,8,26,8
TestDataset/CVC-ColonDB,TestDataset/CVC-ColonDB/images/181.png,TestDataset/CVC-ColonDB,TestDataset/CVC-ColonDB/images/182.png,1,6,2
TestDataset/CVC-ColonDB,TestDataset/CVC-ColonDB/images/181.png,TestDataset/CVC-ColonDB,TestDataset/CVC-ColonDB/images/183.png,3,17,8
TestDataset/CVC-ColonDB,TestDataset/CVC-ColonDB/images/181.png,TestDataset/CVC-ColonDB,TestDataset/CVC-ColonDB/images/184.png,2,15,8
TestDataset/CVC-ColonDB,TestDataset/CVC-ColonDB/images/181.png,TestDataset/CVC-ColonDB,TestDataset/CVC-ColonDB/images/191.png,3,17,8
TestDataset/CVC-ColonDB,TestDataset/CVC-ColonDB/images/181.png,TestDataset/CVC-ColonDB,TestDataset/CVC-ColonDB/images/192.png,3,20,6
TestDataset/CVC-ColonDB,TestDataset/CVC-ColonDB/images/181.png,TestDataset/CVC-ColonDB,TestDataset/CVC-ColonDB/images/197.png,4,22,8
TestDataset/CVC-ColonDB,TestDataset/CVC-ColonDB/images/181.png,TestDataset/CVC-ColonDB,TestDataset/CVC-ColonDB/images/198.png,3,17,8
TestDataset/CVC-ColonDB,TestDataset/CVC-ColonDB/images/182.png,TestDataset/CVC-ColonDB,TestDataset/CVC-ColonDB/images/183.png,2,17,8
TestDataset/CVC-ColonDB,TestDataset/CVC-ColonDB/images/182.png,TestDataset/CVC-ColonDB,TestDataset/CVC-ColonDB/images/184.png,3,15,8
TestDataset/CVC-ColonDB,TestDataset/CVC-ColonDB/images/182.png,TestDataset/CVC-ColonDB,TestDataset/CVC-ColonDB/images/188.png,4,23,8
TestDataset/CVC-ColonDB,TestDataset/CVC-ColonDB/images/182.png,TestDataset/CVC-ColonDB,TestDataset/CVC-ColonDB/images/192.png,2,24,6
TestDataset/CVC-ColonDB,TestDataset/CVC-ColonDB/images/182.png,TestDataset/CVC-ColonDB,TestDataset/CVC-ColonDB/images/197.png,5,22,8
TestDataset/CVC-ColonDB,TestDataset/CVC-ColonDB/images/182.png,TestDataset/CVC-ColonDB,TestDataset/CVC-ColonDB/images/198.png,2,17,8
TestDataset/CVC-ColonDB,TestDataset/CVC-ColonDB/images/183.png,TestDataset/CVC-ColonDB,TestDataset/CVC-ColonDB/images/198.png,0,0,0
TestDataset/CVC-ColonDB,TestDataset/CVC-ColonDB/images/184.png,TestDataset/CVC-ColonDB,TestDataset/CVC-ColonDB/images/185.png,1,8,4
TestDataset/CVC-ColonDB,TestDataset/CVC-ColonDB/images/184.png,TestDataset/CVC-ColonDB,TestDataset/CVC-ColonDB/images/186.png,2,10,6
TestDataset/CVC-ColonDB,TestDataset/CVC-ColonDB/images/184.png,TestDataset/CVC-ColonDB,TestDataset/CVC-ColonDB/images/199.png,3,7,6
TestDataset/CVC-ColonDB,TestDataset/CVC-ColonDB/images/185.png,TestDataset/CVC-ColonDB,TestDataset/CVC-ColonDB/images/186.png,1,6,6
TestDataset/CVC-ColonDB,TestDataset/CVC-ColonDB/images/185.png,TestDataset/CVC-ColonDB,TestDataset/CVC-ColonDB/images/199.png,4,9,6
TestDataset/CVC-ColonDB,TestDataset/CVC-ColonDB/images/186.png,TestDataset/CVC-ColonDB,TestDataset/CVC-ColonDB/images/192.png,5,17,8
TestDataset/CVC-ColonDB,TestDataset/CVC-ColonDB/images/187.png,TestDataset/CVC-ColonDB,TestDataset/CVC-ColonDB/images/200.png,1,5,4
TestDataset/CVC-ColonDB,TestDataset/CVC-ColonDB/images/188.png,TestDataset/CVC-ColonDB,TestDataset/CVC-ColonDB/images/201.png,1,4,8
TestDataset/CVC-ColonDB,TestDataset/CVC-ColonDB/images/19.png,TestDataset/CVC-ColonDB,TestDataset/CVC-ColonDB/images/31.png,6,5,22
TestDataset/CVC-ColonDB,TestDataset/CVC-ColonDB/images/190.png,TestDataset/CVC-ColonDB,TestDataset/CVC-ColonDB/images/203.png,0,0,0
TestDataset/CVC-ColonDB,TestDataset/CVC-ColonDB/images/191.png,TestDataset/CVC-ColonDB,TestDataset/CVC-ColonDB/images/192.png,2,5,6
TestDataset/CVC-ColonDB,TestDataset/CVC-ColonDB/images/191.png,TestDataset/CVC-ColonDB,TestDataset/CVC-ColonDB/images/195.png,3,21,8
TestDataset/CVC-ColonDB,TestDataset/CVC-ColonDB/images/191.png,TestDataset/CVC-ColonDB,TestDataset/CVC-ColonDB/images/196.png,3,12,8
TestDataset/CVC-ColonDB,TestDataset/CVC-ColonDB/images/191.png,TestDataset/CVC-ColonDB,TestDataset/CVC-ColonDB/images/197.png,5,11,8
TestDataset/CVC-ColonDB,TestDataset/CVC-ColonDB/images/191.png,TestDataset/CVC-ColonDB,TestDataset/CVC-ColonDB/images/202.png,5,17,8
TestDataset/CVC-ColonDB,TestDataset/CVC-ColonDB/images/191.png,TestDataset/CVC-ColonDB,TestDataset/CVC-ColonDB/images/304.png,8,31,8
TestDataset/CVC-ColonDB,TestDataset/CVC-ColonDB/images/191.png,TestDataset/CVC-ColonDB,TestDataset/CVC-ColonDB/images/305.png,8,30,8
TestDataset/CVC-ColonDB,TestDataset/CVC-ColonDB/images/192.png,TestDataset/CVC-ColonDB,TestDataset/CVC-ColonDB/images/197.png,3,14,6
TestDataset/CVC-ColonDB,TestDataset/CVC-ColonDB/images/194.png,TestDataset/CVC-ColonDB,TestDataset/CVC-ColonDB/images/197.png,1,9,8
TestDataset/CVC-ColonDB,TestDataset/CVC-ColonDB/images/195.png,TestDataset/CVC-ColonDB,TestDataset/CVC-ColonDB/images/196.png,6,21,8
TestDataset/CVC-ColonDB,TestDataset/CVC-ColonDB/images/195.png,TestDataset/CVC-ColonDB,TestDataset/CVC-ColonDB/images/202.png,4,10,8
TestDataset/CVC-ColonDB,TestDataset/CVC-ColonDB/images/195.png,TestDataset/CVC-ColonDB,TestDataset/CVC-ColonDB/images/306.png,8,24,8
TestDataset/CVC-ColonDB,TestDataset/CVC-ColonDB/images/197.png,TestDataset/CVC-ColonDB,TestDataset/CVC-ColonDB/images/202.png,2,18,6
TestDataset/CVC-ColonDB,TestDataset/CVC-ColonDB/images/197.png,TestDataset/CVC-ColonDB,TestDataset/CVC-ColonDB/images/307.png,8,27,8
TestDataset/CVC-ColonDB,TestDataset/CVC-ColonDB/images/204.png,TestDataset/CVC-ColonDB,TestDataset/CVC-ColonDB/images/207.png,12,6,8
TestDataset/CVC-ColonDB,TestDataset/CVC-ColonDB/images/205.png,TestDataset/CVC-ColonDB,TestDataset/CVC-ColonDB/images/207.png,5,8,14
TestDataset/CVC-ColonDB,TestDataset/CVC-ColonDB/images/206.png,TestDataset/CVC-ColonDB,TestDataset/CVC-ColonDB/images/208.png,2,5,2
TestDataset/CVC-ColonDB,TestDataset/CVC-ColonDB/images/212.png,TestDataset/CVC-ColonDB,TestDataset/CVC-ColonDB/images/213.png,1,4,0
TestDataset/CVC-ColonDB,TestDataset/CVC-ColonDB/images/212.png,TestDataset/CVC-ColonDB,TestDataset/CVC-ColonDB/images/214.png,6,10,8
TestDataset/CVC-ColonDB,TestDataset/CVC-ColonDB/images/213.png,TestDataset/CVC-ColonDB,TestDataset/CVC-ColonDB/images/214.png,5,8,8
TestDataset/CVC-ColonDB,TestDataset/CVC-ColonDB/images/214.png,TestDataset/CVC-ColonDB,TestDataset/CVC-ColonDB/images/215.png,7,7,16
TestDataset/CVC-ColonDB,TestDataset/CVC-ColonDB/images/214.png,TestDataset/CVC-ColonDB,TestDataset/CVC-ColonDB/images/216.png,3,7,14
TestDataset/CVC-ColonDB,TestDataset/CVC-ColonDB/images/214.png,TestDataset/CVC-ColonDB,TestDataset/CVC-ColonDB/images/220.png,7,16,8
TestDataset/CVC-ColonDB,TestDataset/CVC-ColonDB/images/215.png,TestDataset/CVC-ColonDB,TestDataset/CVC-ColonDB/images/216.png,4,0,2
TestDataset/CVC-ColonDB,TestDataset/CVC-ColonDB/images/217.png,TestDataset/CVC-ColonDB,TestDataset/CVC-ColonDB/images/228.png,8,8,16
TestDataset/CVC-ColonDB,TestDataset/CVC-ColonDB/images/217.png,TestDataset/CVC-ColonDB,TestDataset/CVC-ColonDB/images/281.png,0,12,8
TestDataset/CVC-ColonDB,TestDataset/CVC-ColonDB/images/217.png,TestDataset/CVC-ColonDB,TestDataset/CVC-ColonDB/images/282.png,4,11,6
TestDataset/CVC-ColonDB,TestDataset/CVC-ColonDB/images/218.png,TestDataset/CVC-ColonDB,TestDataset/CVC-ColonDB/images/242.png,5,8,16
TestDataset/CVC-ColonDB,TestDataset/CVC-ColonDB/images/218.png,TestDataset/CVC-ColonDB,TestDataset/CVC-ColonDB/images/245.png,5,8,16
TestDataset/CVC-ColonDB,TestDataset/CVC-ColonDB/images/218.png,TestDataset/CVC-ColonDB,TestDataset/CVC-ColonDB/images/248.png,5,8,16
TestDataset/CVC-ColonDB,TestDataset/CVC-ColonDB/images/218.png,TestDataset/CVC-ColonDB,TestDataset/CVC-ColonDB/images/251.png,5,8,16
TestDataset/CVC-ColonDB,TestDataset/CVC-ColonDB/images/218.png,TestDataset/CVC-ColonDB,TestDataset/CVC-ColonDB/images/254.png,5,8,16
TestDataset/CVC-ColonDB,TestDataset/CVC-ColonDB/images/218.png,TestDataset/CVC-ColonDB,TestDataset/CVC-ColonDB/images/257.png,5,8,16
TestDataset/CVC-ColonDB,TestDataset/CVC-ColonDB/images/218.png,TestDataset/CVC-ColonDB,TestDataset/CVC-ColonDB/images/260.png,5,8,16
TestDataset/CVC-ColonDB,TestDataset/CVC-ColonDB/images/218.png,TestDataset/CVC-ColonDB,TestDataset/CVC-ColonDB/images/263.png,5,8,16
TestDataset/CVC-ColonDB,TestDataset/CVC-ColonDB/images/218.png,TestDataset/CVC-ColonDB,TestDataset/CVC-ColonDB/images/281.png,0,8,16
TestDataset/CVC-ColonDB,TestDataset/CVC-ColonDB/images/218.png,TestDataset/CVC-ColonDB,TestDataset/CVC-ColonDB/images/291.png,4,8,14
TestDataset/CVC-ColonDB,TestDataset/CVC-ColonDB/images/218.png,TestDataset/CVC-ColonDB,TestDataset/CVC-ColonDB/images/43.png,8,7,18
TestDataset/CVC-ColonDB,TestDataset/CVC-ColonDB/images/218.png,TestDataset/CVC-ColonDB,TestDataset/CVC-ColonDB/images/47.png,6,6,20
TestDataset/CVC-ColonDB,TestDataset/CVC-ColonDB/images/219.png,TestDataset/CVC-ColonDB,TestDataset/CVC-ColonDB/images/220.png,2,8,10
TestDataset/CVC-ColonDB,TestDataset/CVC-ColonDB/images/22.png,TestDataset/CVC-ColonDB,TestDataset/CVC-ColonDB/images/34.png,0,3,2
TestDataset/CVC-ColonDB,TestDataset/CVC-ColonDB/images/221.png,TestDataset/CVC-ColonDB,TestDataset/CVC-ColonDB/images/222.png,2,8,18
TestDataset/CVC-ColonDB,TestDataset/CVC-ColonDB/images/222.png,TestDataset/CVC-ColonDB,TestDataset/CVC-ColonDB/images/223.png,3,10,8
TestDataset/CVC-ColonDB,TestDataset/CVC-ColonDB/images/224.png,TestDataset/CVC-ColonDB,TestDataset/CVC-ColonDB/images/225.png,6,5,12
TestDataset/CVC-ColonDB,TestDataset/CVC-ColonDB/images/226.png,TestDataset/CVC-ColonDB,TestDataset/CVC-ColonDB/images/227.png,8,9,2
TestDataset/CVC-ColonDB,TestDataset/CVC-ColonDB/images/226.png,TestDataset/CVC-ColonDB,TestDataset/CVC-ColonDB/images/228.png,8,7,6
TestDataset/CVC-ColonDB,TestDataset/CVC-ColonDB/images/226.png,TestDataset/CVC-ColonDB,TestDataset/CVC-ColonDB/images/229.png,7,14,6
TestDataset/CVC-ColonDB,TestDataset/CVC-ColonDB/images/226.png,TestDataset/CVC-ColonDB,TestDataset/CVC-ColonDB/images/236.png,6,11,6
TestDataset/CVC-ColonDB,TestDataset/CVC-ColonDB/images/226.png,TestDataset/CVC-ColonDB,TestDataset/CVC-ColonDB/images/237.png,4,10,8
TestDataset/CVC-ColonDB,TestDataset/CVC-ColonDB/images/226.png,TestDataset/CVC-ColonDB,TestDataset/CVC-ColonDB/images/238.png,8,8,2
TestDataset/CVC-ColonDB,TestDataset/CVC-ColonDB/images/226.png,TestDataset/CVC-ColonDB,TestDataset/CVC-ColonDB/images/239.png,8,13,6
TestDataset/CVC-ColonDB,TestDataset/CVC-ColonDB/images/226.png,TestDataset/CVC-ColonDB,TestDataset/CVC-ColonDB/images/240.png,4,8,12
TestDataset/CVC-ColonDB,TestDataset/CVC-ColonDB/images/226.png,TestDataset/CVC-ColonDB,TestDataset/CVC-ColonDB/images/242.png,7,13,8
TestDataset/CVC-ColonDB,TestDataset/CVC-ColonDB/images/226.png,TestDataset/CVC-ColonDB,TestDataset/CVC-ColonDB/images/245.png,7,13,8
TestDataset/CVC-ColonDB,TestDataset/CVC-ColonDB/images/226.png,TestDataset/CVC-ColonDB,TestDataset/CVC-ColonDB/images/248.png,7,13,8
TestDataset/CVC-ColonDB,TestDataset/CVC-ColonDB/images/226.png,TestDataset/CVC-ColonDB,TestDataset/CVC-ColonDB/images/251.png,7,13,8
TestDataset/CVC-ColonDB,TestDataset/CVC-ColonDB/images/226.png,TestDataset/CVC-ColonDB,TestDataset/CVC-ColonDB/images/254.png,7,13,8
TestDataset/CVC-ColonDB,TestDataset/CVC-ColonDB/images/226.png,TestDataset/CVC-ColonDB,TestDataset/CVC-ColonDB/images/257.png,7,13,8
TestDataset/CVC-ColonDB,TestDataset/CVC-ColonDB/images/226.png,TestDataset/CVC-ColonDB,TestDataset/CVC-ColonDB/images/260.png,7,13,8
TestDataset/CVC-ColonDB,TestDataset/CVC-ColonDB/images/226.png,TestDataset/CVC-ColonDB,TestDataset/CVC-ColonDB/images/263.png,7,13,8
TestDataset/CVC-ColonDB,TestDataset/CVC-ColonDB/images/226.png,TestDataset/CVC-ColonDB,TestDataset/CVC-ColonDB/images/275.png,6,12,8
TestDataset/CVC-ColonDB,TestDataset/CVC-ColonDB/images/226.png,TestDataset/CVC-ColonDB,TestDataset/CVC-ColonDB/images/276.png,8,10,4
TestDataset/CVC-ColonDB,TestDataset/CVC-ColonDB/images/226.png,TestDataset/CVC-ColonDB,TestDataset/CVC-ColonDB/images/277.png,7,12,8
TestDataset/CVC-ColonDB,TestDataset/CVC-ColonDB/images/226.png,TestDataset/CVC-ColonDB,TestDataset/CVC-ColonDB/images/280.png,1,18,8
TestDataset/CVC-ColonDB,TestDataset/CVC-ColonDB/images/226.png,TestDataset/CVC-ColonDB,TestDataset/CVC-ColonDB/images/281.png,2,13,8
TestDataset/CVC-ColonDB,TestDataset/CVC-ColonDB/images/226.png,TestDataset/CVC-ColonDB,TestDataset/CVC-ColonDB/images/282.png,6,10,8
TestDataset/CVC-ColonDB,TestDataset/CVC-ColonDB/images/226.png,TestDataset/CVC-ColonDB,TestDataset/CVC-ColonDB/images/283.png,6,14,8
TestDataset/CVC-ColonDB,TestDataset/CVC-ColonDB/images/226.png,TestDataset/CVC-ColonDB,TestDataset/CVC-ColonDB/images/289.png,8,10,4
TestDataset/CVC-ColonDB,TestDataset/CVC-ColonDB/images/226.png,TestDataset/CVC-ColonDB,TestDataset/CVC-ColonDB/images/290.png,6,11,8
TestDataset/CVC-ColonDB,TestDataset/CVC-ColonDB/images/226.png,TestDataset/CVC-ColonDB,TestDataset/CVC-ColonDB/images/295.png,6,12,8
TestDataset/CVC-ColonDB,TestDataset/CVC-ColonDB/images/226.png,TestDataset/CVC-ColonDB,TestDataset/CVC-ColonDB/images/296.png,8,10,4
TestDataset/CVC-ColonDB,TestDataset/CVC-ColonDB/images/226.png,TestDataset/CVC-ColonDB,TestDataset/CVC-ColonDB/images/297.png,7,12,8
TestDataset/CVC-ColonDB,TestDataset/CVC-ColonDB/images/226.png,TestDataset/CVC-ColonDB,TestDataset/CVC-ColonDB/images/300.png,1,18,8
TestDataset/CVC-ColonDB,TestDataset/CVC-ColonDB/images/227.png,TestDataset/CVC-ColonDB,TestDataset/CVC-ColonDB/images/228.png,4,12,4
TestDataset/CVC-ColonDB,TestDataset/CVC-ColonDB/images/227.png,TestDataset/CVC-ColonDB,TestDataset/CVC-ColonDB/images/229.png,7,15,6
TestDataset/CVC-ColonDB,TestDataset/CVC-ColonDB/images/227.png,TestDataset/CVC-ColonDB,TestDataset/CVC-ColonDB/images/233.png,3,12,8
TestDataset/CVC-ColonDB,TestDataset/CVC-ColonDB/images/227.png,TestDataset/CVC-ColonDB,TestDataset/CVC-ColonDB/images/236.png,2,12,6
TestDataset/CVC-ColonDB,TestDataset/CVC-ColonDB/images/227.png,TestDataset/CVC-ColonDB,TestDataset/CVC-ColonDB/images/237.png,6,9,8
TestDataset/CVC-ColonDB,TestDataset/CVC-ColonDB/images/227.png,TestDataset/CVC-ColonDB,TestDataset/CVC-ColonDB/images/238.png,12,7,2
TestDataset/CVC-ColonDB,TestDataset/CVC-ColonDB/images/227.png,TestDataset/CVC-ColonDB,TestDataset/CVC-ColonDB/images/239.png,12,8,6
TestDataset/CVC-ColonDB,TestDataset/CVC-ColonDB/images/227.png,TestDataset/CVC-ColonDB,TestDataset/CVC-ColonDB/images/242.png,3,12,8
TestDataset/CVC-ColonDB,TestDataset/CVC-ColonDB/images/227.png,TestDataset/CVC-ColonDB,TestDataset/CVC-ColonDB/images/245.png,3,12,8
TestDataset/CVC-ColonDB,TestDataset/CVC-ColonDB/images/227.png,TestDataset/CVC-ColonDB,TestDataset/CVC-ColonDB/images/248.png,3,12,8
TestDataset/CVC-ColonDB,TestDataset/CVC-ColonDB/images/227.png,TestDataset/CVC-ColonDB,TestDataset/CVC-ColonDB/images/251.png,3,12,8
TestDataset/CVC-ColonDB,TestDataset/CVC-ColonDB/images/227.png,TestDataset/CVC-ColonDB,TestDataset/CVC-ColonDB/images/254.png,3,12,8
TestDataset/CVC-ColonDB,TestDataset/CVC-ColonDB/images/227.png,TestDataset/CVC-ColonDB,TestDataset/CVC-ColonDB/images/257.png,3,12,8
TestDataset/CVC-ColonDB,TestDataset/CVC-ColonDB/images/227.png,TestDataset/CVC-ColonDB,TestDataset/CVC-ColonDB/images/260.png,3,12,8
TestDataset/CVC-ColonDB,TestDataset/CVC-ColonDB/images/227.png,TestDataset/CVC-ColonDB,TestDataset/CVC-ColonDB/images/263.png,3,12,8
TestDataset/CVC-ColonDB,TestDataset/CVC-ColonDB/images/227.png,TestDataset/CVC-ColonDB,TestDataset/CVC-ColonDB/images/280.png,7,15,8
TestDataset/CVC-ColonDB,TestDataset/CVC-ColonDB/images/227.png,TestDataset/CVC-ColonDB,TestDataset/CVC-ColonDB/images/281.png,6,10,8
TestDataset/CVC-ColonDB,TestDataset/CVC-ColonDB/images/227.png,TestDataset/CVC-ColonDB,TestDataset/CVC-ColonDB/images/282.png,4,9,8
TestDataset/CVC-ColonDB,TestDataset/CVC-ColonDB/images/227.png,TestDataset/CVC-ColonDB,TestDataset/CVC-ColonDB/images/283.png,4,11,8
TestDataset/CVC-ColonDB,TestDataset/CVC-ColonDB/images/227.png,TestDataset/CVC-ColonDB,TestDataset/CVC-ColonDB/images/290.png,10,8,8
TestDataset/CVC-ColonDB,TestDataset/CVC-ColonDB/images/227.png,TestDataset/CVC-ColonDB,TestDataset/CVC-ColonDB/images/300.png,7,15,8
TestDataset/CVC-ColonDB,TestDataset/CVC-ColonDB/images/228.png,TestDataset/CVC-ColonDB,TestDataset/CVC-ColonDB/images/229.png,7,13,8
TestDataset/CVC-ColonDB,TestDataset/CVC-ColonDB/images/228.png,TestDataset/CVC-ColonDB,TestDataset/CVC-ColonDB/images/237.png,6,9,8
TestDataset/CVC-ColonDB,TestDataset/CVC-ColonDB/images/228.png,TestDataset/CVC-ColonDB,TestDataset/CVC-ColonDB/images/238.png,12,7,4
TestDataset/CVC-ColonDB,TestDataset/CVC-ColonDB/images/228.png,TestDataset/CVC-ColonDB,TestDataset/CVC-ColonDB/images/43.png,4,7,16
TestDataset/CVC-ColonDB,TestDataset/CVC-ColonDB/images/229.png,TestDataset/CVC-ColonDB,TestDataset/CVC-ColonDB/images/230.png,6,8,8
TestDataset/CVC-ColonDB,TestDataset/CVC-ColonDB/images/229.png,TestDataset/CVC-ColonDB,TestDataset/CVC-ColonDB/images/236.png,5,11,6
TestDataset/CVC-ColonDB,TestDataset/CVC-ColonDB/images/229.png,TestDataset/CVC-ColonDB,TestDataset/CVC-ColonDB/images/237.png,7,10,6
TestDataset/CVC-ColonDB,TestDataset/CVC-ColonDB/images/229.png,TestDataset/CVC-ColonDB,TestDataset/CVC-ColonDB/images/239.png,7,11,6
TestDataset/CVC-ColonDB,TestDataset/CVC-ColonDB/images/229.png,TestDataset/CVC-ColonDB,TestDataset/CVC-ColonDB/images/275.png,11,4,6
TestDataset/CVC-ColonDB,TestDataset/CVC-ColonDB/images/229.png,TestDataset/CVC-ColonDB,TestDataset/CVC-ColonDB/images/280.png,6,10,6
TestDataset/CVC-ColonDB,TestDataset/CVC-ColonDB/images/229.png,TestDataset/CVC-ColonDB,TestDataset/CVC-ColonDB/images/281.png,5,11,6
TestDataset/CVC-ColonDB,TestDataset/CVC-ColonDB/images/229.png,TestDataset/CVC-ColonDB,TestDataset/CVC-ColonDB/images/282.png,5,6,6
TestDataset/CVC-ColonDB,TestDataset/CVC-ColonDB/images/229.png,TestDataset/CVC-ColonDB,TestDataset/CVC-ColonDB/images/283.png,5,8,10
TestDataset/CVC-ColonDB,TestDataset/CVC-ColonDB/images/229.png,TestDataset/CVC-ColonDB,TestDataset/CVC-ColonDB/images/295.png,11,4,6
TestDataset/CVC-ColonDB,TestDataset/CVC-ColonDB/images/229.png,TestDataset/CVC-ColonDB,TestDataset/CVC-ColonDB/images/300.png,6,10,6
TestDataset/CVC-ColonDB,TestDataset/CVC-ColonDB/images/23.png,TestDataset/CVC-ColonDB,TestDataset/CVC-ColonDB/images/37.png,4,3,4
TestDataset/CVC-ColonDB,TestDataset/CVC-ColonDB/images/230.png,TestDataset/CVC-ColonDB,TestDataset/CVC-ColonDB/images/237.png,5,10,8
TestDataset/CVC-ColonDB,TestDataset/CVC-ColonDB/images/230.png,TestDataset/CVC-ColonDB,TestDataset/CVC-ColonDB/images/238.png,3,10,8
TestDataset/CVC-ColonDB,TestDataset/CVC-ColonDB/images/230.png,TestDataset/CVC-ColonDB,TestDataset/CVC-ColonDB/images/277.png,6,14,8
TestDataset/CVC-ColonDB,TestDataset/CVC-ColonDB/images/230.png,TestDataset/CVC-ColonDB,TestDataset/CVC-ColonDB/images/297.png,6,14,8
TestDataset/CVC-ColonDB,TestDataset/CVC-ColonDB/images/232.png,TestDataset/CVC-ColonDB,TestDataset/CVC-ColonDB/images/236.png,4,7,12
TestDataset/CVC-ColonDB,TestDataset/CVC-ColonDB/images/232.png,TestDataset/CVC-ColonDB,TestDataset/CVC-ColonDB/images/237.png,8,8,12
TestDataset/CVC-ColonDB,TestDataset/CVC-ColonDB/images/232.png,TestDataset/CVC-ColonDB,TestDataset/CVC-ColonDB/images/282.png,4,8,10
TestDataset/CVC-ColonDB,TestDataset/CVC-ColonDB/images/232.png,TestDataset/CVC-ColonDB,TestDataset/CVC-ColonDB/images/47.png,2,7,18
TestDataset/CVC-ColonDB,TestDataset/CVC-ColonDB/images/232.png,TestDataset/CVC-ColonDB,TestDataset/CVC-ColonDB/images/52.png,3,8,18
TestDataset/CVC-ColonDB,TestDataset/CVC-ColonDB/images/233.png,TestDataset/CVC-ColonDB,TestDataset/CVC-ColonDB/images/236.png,5,8,8
TestDataset/CVC-ColonDB,TestDataset/CVC-ColonDB/images/233.png,TestDataset/CVC-ColonDB,TestDataset/CVC-ColonDB/images/282.png,5,7,10
TestDataset/CVC-ColonDB,TestDataset/CVC-ColonDB/images/233.png,TestDataset/CVC-ColonDB,TestDataset/CVC-ColonDB/images/47.png,5,6,18
TestDataset/CVC-ColonDB,TestDataset/CVC-ColonDB/images/233.png,TestDataset/CVC-ColonDB,TestDataset/CVC-ColonDB/images/52.png,4,5,20
TestDataset/CVC-ColonDB,TestDataset/CVC-ColonDB/images/233.png,TestDataset/CVC-ColonDB,TestDataset/CVC-ColonDB/images/59.png,7,6,18
TestDataset/CVC-ColonDB,TestDataset/CVC-ColonDB/images/234.png,TestDataset/CVC-ColonDB,TestDataset/CVC-ColonDB/images/240.png,5,6,10
TestDataset/CVC-ColonDB,TestDataset/CVC-ColonDB/images/235.png,TestDataset/CVC-ColonDB,TestDataset/CVC-ColonDB/images/242.png,3,8,18
TestDataset/CVC-ColonDB,TestDataset/CVC-ColonDB/images/235.png,TestDataset/CVC-ColonDB,TestDataset/CVC-ColonDB/images/245.png,3,8,18
TestDataset/CVC-ColonDB,TestDataset/CVC-ColonDB/images/235.png,TestDataset/CVC-ColonDB,TestDataset/CVC-ColonDB/images/248.png,3,8,18
TestDataset/CVC-ColonDB,TestDataset/CVC-ColonDB/images/235.png,TestDataset/CVC-ColonDB,TestDataset/CVC-ColonDB/images/251.png,3,8,18
TestDataset/CVC-ColonDB,TestDataset/CVC-ColonDB/images/235.png,TestDataset/CVC-ColonDB,TestDataset/CVC-ColonDB/images/254.png,3,8,18
TestDataset/CVC-ColonDB,TestDataset/CVC-ColonDB/images/235.png,TestDataset/CVC-ColonDB,TestDataset/CVC-ColonDB/images/257.png,3,8,18
TestDataset/CVC-ColonDB,TestDataset/CVC-ColonDB/images/235.png,TestDataset/CVC-ColonDB,TestDataset/CVC-ColonDB/images/260.png,3,8,18
TestDataset/CVC-ColonDB,TestDataset/CVC-ColonDB/images/235.png,TestDataset/CVC-ColonDB,TestDataset/CVC-ColonDB/images/263.png,3,8,18
TestDataset/CVC-ColonDB,TestDataset/CVC-ColonDB/images/235.png,TestDataset/CVC-ColonDB,TestDataset/CVC-ColonDB/images/281.png,6,8,16
TestDataset/CVC-ColonDB,TestDataset/CVC-ColonDB/images/236.png,TestDataset/CVC-ColonDB,TestDataset/CVC-ColonDB/images/237.png,4,7,10
TestDataset/CVC-ColonDB,TestDataset/CVC-ColonDB/images/236.png,TestDataset/CVC-ColonDB,TestDataset/CVC-ColonDB/images/239.png,10,8,8
TestDataset/CVC-ColonDB,TestDataset/CVC-ColonDB/images/236.png,TestDataset/CVC-ColonDB,TestDataset/CVC-ColonDB/images/242.png,1,8,12
TestDataset/CVC-ColonDB,TestDataset/CVC-ColonDB/images/236.png,TestDataset/CVC-ColonDB,TestDataset/CVC-ColonDB/images/245.png,1,8,12
TestDataset/CVC-ColonDB,TestDataset/CVC-ColonDB/images/236.png,TestDataset/CVC-ColonDB,TestDataset/CVC-ColonDB/images/248.png,1,8,12
TestDataset/CVC-ColonDB,TestDataset/CVC-ColonDB/images/236.png,TestDataset/CVC-ColonDB,TestDataset/CVC-ColonDB/images/251.png,1,8,12
TestDataset/CVC-ColonDB,TestDataset/CVC-ColonDB/images/236.png,TestDataset/CVC-ColonDB,TestDataset/CVC-ColonDB/images/254.png,1,8,12
TestDataset/CVC-ColonDB,TestDataset/CVC-ColonDB/images/236.png,TestDataset/CVC-ColonDB,TestDataset/CVC-ColonDB/images/257.png,1,8,12
TestDataset/CVC-ColonDB,TestDataset/CVC-ColonDB/images/236.png,TestDataset/CVC-ColonDB,TestDataset/CVC-ColonDB/images/260.png,1,8,12
TestDataset/CVC-ColonDB,TestDataset/CVC-ColonDB/images/236.png,TestDataset/CVC-ColonDB,TestDataset/CVC-ColonDB/images/263.png,1,8,12
TestDataset/CVC-ColonDB,TestDataset/CVC-ColonDB/images/236.png,TestDataset/CVC-ColonDB,TestDataset/CVC-ColonDB/images/276.png,10,7,8
TestDataset/CVC-ColonDB,TestDataset/CVC-ColonDB/images/236.png,TestDataset/CVC-ColonDB,TestDataset/CVC-ColonDB/images/280.png,5,13,6
TestDataset/CVC-ColonDB,TestDataset/CVC-ColonDB/images/236.png,TestDataset/CVC-ColonDB,TestDataset/CVC-ColonDB/images/281.png,4,10,4
TestDataset/CVC-ColonDB,TestDataset/CVC-ColonDB/images/236.png,TestDataset/CVC-ColonDB,TestDataset/CVC-ColonDB/images/282.png,4,7,6
TestDataset/CVC-ColonDB,TestDataset/CVC-ColonDB/images/236.png,TestDataset/CVC-ColonDB,TestDataset/CVC-ColonDB/images/283.png,4,7,8
TestDataset/CVC-ColonDB,TestDataset/CVC-ColonDB/images/236.png,TestDataset/CVC-ColonDB,TestDataset/CVC-ColonDB/images/289.png,10,7,8
TestDataset/CVC-ColonDB,TestDataset/CVC-ColonDB/images/236.png,TestDataset/CVC-ColonDB,TestDataset/CVC-ColonDB/images/290.png,8,8,8
TestDataset/CVC-ColonDB,TestDataset/CVC-ColonDB/images/236.png,TestDataset/CVC-ColonDB,TestDataset/CVC-ColonDB/images/296.png,10,7,8
TestDataset/CVC-ColonDB,TestDataset/CVC-ColonDB/images/236.png,TestDataset/CVC-ColonDB,TestDataset/CVC-ColonDB/images/300.png,5,13,6
TestDataset/CVC-ColonDB,TestDataset/CVC-ColonDB/images/236.png,TestDataset/CVC-ColonDB,TestDataset/CVC-ColonDB/images/40.png,6,8,22
TestDataset/CVC-ColonDB,TestDataset/CVC-ColonDB/images/236.png,TestDataset/CVC-ColonDB,TestDataset/CVC-ColonDB/images/41.png,8,7,18
TestDataset/CVC-ColonDB,TestDataset/CVC-ColonDB/images/236.png,TestDataset/CVC-ColonDB,TestDataset/CVC-ColonDB/images/43.png,6,7,16
TestDataset/CVC-ColonDB,TestDataset/CVC-ColonDB/images/236.png,TestDataset/CVC-ColonDB,TestDataset/CVC-ColonDB/images/45.png,5,7,16
TestDataset/CVC-ColonDB,TestDataset/CVC-ColonDB/images/236.png,TestDataset/CVC-ColonDB,TestDataset/CVC-ColonDB/images/46.png,5,7,14
TestDataset/CVC-ColonDB,TestDataset/CVC-ColonDB/images/236.png,TestDataset/CVC-ColonDB,TestDataset/CVC-ColonDB/images/47.png,6,4,16
TestDataset/CVC-ColonDB,TestDataset/CVC-ColonDB/images/236.png,TestDataset/CVC-ColonDB,TestDataset/CVC-ColonDB/images/48.png,6,8,16
TestDataset/CVC-ColonDB,TestDataset/CVC-ColonDB/images/236.png,TestDataset/CVC-ColonDB,TestDataset/CVC-ColonDB/images/49.png,6,8,18
TestDataset/CVC-ColonDB,TestDataset/CVC-ColonDB/images/236.png,TestDataset/CVC-ColonDB,TestDataset/CVC-ColonDB/images/52.png,7,7,16
TestDataset/CVC-ColonDB,TestDataset/CVC-ColonDB/images/236.png,TestDataset/CVC-ColonDB,TestDataset/CVC-ColonDB/images/55.png,8,7,22
TestDataset/CVC-ColonDB,TestDataset/CVC-ColonDB/images/236.png,TestDataset/CVC-ColonDB,TestDataset/CVC-ColonDB/images/59.png,6,8,16
TestDataset/CVC-ColonDB,TestDataset/CVC-ColonDB/images/237.png,TestDataset/CVC-ColonDB,TestDataset/CVC-ColonDB/images/238.png,6,4,6
TestDataset/CVC-ColonDB,TestDataset/CVC-ColonDB/images/237.png,TestDataset/CVC-ColonDB,TestDataset/CVC-ColonDB/images/239.png,6,9,8
TestDataset/CVC-ColonDB,TestDataset/CVC-ColonDB/images/237.png,TestDataset/CVC-ColonDB,TestDataset/CVC-ColonDB/images/240.png,6,6,14
TestDataset/CVC-ColonDB,TestDataset/CVC-ColonDB/images/237.png,TestDataset/CVC-ColonDB,TestDataset/CVC-ColonDB/images/242.png,5,9,8
TestDataset/CVC-ColonDB,TestDataset/CVC-ColonDB/images/237.png,TestDataset/CVC-ColonDB,TestDataset/CVC-ColonDB/images/245.png,5,9,8
TestDataset/CVC-ColonDB,TestDataset/CVC-ColonDB/images/237.png,TestDataset/CVC-ColonDB,TestDataset/CVC-ColonDB/images/248.png,5,9,8
TestDataset/CVC-ColonDB,TestDataset/CVC-ColonDB/images/237.png,TestDataset/CVC-ColonDB,TestDataset/CVC-ColonDB/images/251.png,5,9,8
TestDataset/CVC-ColonDB,TestDataset/CVC-ColonDB/images/237.png,TestDataset/CVC-ColonDB,TestDataset/CVC-ColonDB/images/254.png,5,9,8
TestDataset/CVC-ColonDB,TestDataset/CVC-ColonDB/images/237.png,TestDataset/CVC-ColonDB,TestDataset/CVC-ColonDB/images/257.png,5,9,8
TestDataset/CVC-ColonDB,TestDataset/CVC-ColonDB/images/237.png,TestDataset/CVC-ColonDB,TestDataset/CVC-ColonDB/images/260.png,5,9,8
TestDataset/CVC-ColonDB,TestDataset/CVC-ColonDB/images/237.png,TestDataset/CVC-ColonDB,TestDataset/CVC-ColonDB/images/263.png,5,9,8
TestDataset/CVC-ColonDB,TestDataset/CVC-ColonDB/images/237.png,TestDataset/CVC-ColonDB,TestDataset/CVC-ColonDB/images/275.png,6,8,8
TestDataset/CVC-ColonDB,TestDataset/CVC-ColonDB/images/237.png,TestDataset/CVC-ColonDB,TestDataset/CVC-ColonDB/images/276.png,6,6,8
TestDataset/CVC-ColonDB,TestDataset/CVC-ColonDB/images/237.png,TestDataset/CVC-ColonDB,TestDataset/CVC-ColonDB/images/277.png,7,12,8
TestDataset/CVC-ColonDB,TestDataset/CVC-ColonDB/images/237.png,TestDataset/CVC-ColonDB,TestDataset/CVC-ColonDB/images/281.png,4,7,10
TestDataset/CVC-ColonDB,TestDataset/CVC-ColonDB/images/237.png,TestDataset/CVC-ColonDB,TestDataset/CVC-ColonDB/images/282.png,6,6,10
TestDataset/CVC-ColonDB,TestDataset/CVC-ColonDB/images/237.png,TestDataset/CVC-ColonDB,TestDataset/CVC-ColonDB/images/283.png,6,8,8
TestDataset/CVC-ColonDB,TestDataset/CVC-ColonDB/images/237.png,TestDataset/CVC-ColonDB,TestDataset/CVC-ColonDB/images/287.png,6,7,8
TestDataset/CVC-ColonDB,TestDataset/CVC-ColonDB/images/237.png,TestDataset/CVC-ColonDB,TestDataset/CVC-ColonDB/images/289.png,6,6,8
TestDataset/CVC-ColonDB,TestDataset/CVC-ColonDB/images/237.png,TestDataset/CVC-ColonDB,TestDataset/CVC-ColonDB/images/290.png,4,5,8
TestDataset/CVC-ColonDB,TestDataset/CVC-ColonDB/images/237.png,TestDataset/CVC-ColonDB,TestDataset/CVC-ColonDB/images/291.png,6,7,12
TestDataset/CVC-ColonDB,TestDataset/CVC-ColonDB/images/237.png,TestDataset/CVC-ColonDB,TestDataset/CVC-ColonDB/images/295.png,6,8,8
TestDataset/CVC-ColonDB,TestDataset/CVC-ColonDB/images/237.png,TestDataset/CVC-ColonDB,TestDataset/CVC-ColonDB/images/296.png,6,6,8
TestDataset/CVC-ColonDB,TestDataset/CVC-ColonDB/images/237.png,TestDataset/CVC-ColonDB,TestDataset/CVC-ColonDB/images/297.png,7,12,8
TestDataset/CVC-ColonDB,TestDataset/CVC-ColonDB/images/237.png,TestDataset/CVC-ColonDB,TestDataset/CVC-ColonDB/images/43.png,8,6,16
TestDataset/CVC-ColonDB,TestDataset/CVC-ColonDB/images/237.png,TestDataset/CVC-ColonDB,TestDataset/CVC-ColonDB/images/45.png,7,8,14
TestDataset/CVC-ColonDB,TestDataset/CVC-ColonDB/images/237.png,TestDataset/CVC-ColonDB,TestDataset/CVC-ColonDB/images/47.png,8,5,14
TestDataset/CVC-ColonDB,TestDataset/CVC-ColonDB/images/238.png,TestDataset/CVC-ColonDB,TestDataset/CVC-ColonDB/images/239.png,6,11,4
TestDataset/CVC-ColonDB,TestDataset/CVC-ColonDB/images/238.png,TestDataset/CVC-ColonDB,TestDataset/CVC-ColonDB/images/275.png,4,8,6
TestDataset/CVC-ColonDB,TestDataset/CVC-ColonDB/images/238.png,TestDataset/CVC-ColonDB,TestDataset/CVC-ColonDB/images/276.png,6,6,2
TestDataset/CVC-ColonDB,TestDataset/CVC-ColonDB/images/238.png,TestDataset/CVC-ColonDB,TestDataset/CVC-ColonDB/images/277.png,3,10,6
TestDataset/CVC-ColonDB,TestDataset/CVC-ColonDB/images/238.png,TestDataset/CVC-ColonDB,TestDataset/CVC-ColonDB/images/280.png,7,12,8
TestDataset/CVC-ColonDB,TestDataset/CVC-ColonDB/images/238.png,TestDataset/CVC-ColonDB,TestDataset/CVC-ColonDB/images/281.png,8,9,8
TestDataset/CVC-ColonDB,TestDataset/CVC-ColonDB/images/238.png,TestDataset/CVC-ColonDB,TestDataset/CVC-ColonDB/images/282.png,12,8,8
TestDataset/CVC-ColonDB,TestDataset/CVC-ColonDB/images/238.png,TestDataset/CVC-ColonDB,TestDataset/CVC-ColonDB/images/283.png,12,8,8
TestDataset/CVC-ColonDB,TestDataset/CVC-ColonDB/images/238.png,TestDataset/CVC-ColonDB,TestDataset/CVC-ColonDB/images/289.png,6,6,2
TestDataset/CVC-ColonDB,TestDataset/CVC-ColonDB/images/238.png,TestDataset/CVC-ColonDB,TestDataset/CVC-ColonDB/images/290.png,2,7,6
TestDataset/CVC-ColonDB,TestDataset/CVC-ColonDB/images/238.png,TestDataset/CVC-ColonDB,TestDataset/CVC-ColonDB/images/291.png,6,11,8
TestDataset/CVC-ColonDB,TestDataset/CVC-ColonDB/images/238.png,TestDataset/CVC-ColonDB,TestDataset/CVC-ColonDB/images/295.png,4,8,6
TestDataset/CVC-ColonDB,TestDataset/CVC-ColonDB/images/238.png,TestDataset/CVC-ColonDB,TestDataset/CVC-ColonDB/images/296.png,6,6,2
TestDataset/CVC-ColonDB,TestDataset/CVC-ColonDB/images/238.png,TestDataset/CVC-ColonDB,TestDataset/CVC-ColonDB/images/297.png,3,10,6
TestDataset/CVC-ColonDB,TestDataset/CVC-ColonDB/images/238.png,TestDataset/CVC-ColonDB,TestDataset/CVC-ColonDB/images/300.png,7,12,8
TestDataset/CVC-ColonDB,TestDataset/CVC-ColonDB/images/239.png,TestDataset/CVC-ColonDB,TestDataset/CVC-ColonDB/images/275.png,8,9,8
TestDataset/CVC-ColonDB,TestDataset/CVC-ColonDB/images/239.png,TestDataset/CVC-ColonDB,TestDataset/CVC-ColonDB/images/276.png,8,11,4
TestDataset/CVC-ColonDB,TestDataset/CVC-ColonDB/images/239.png,TestDataset/CVC-ColonDB,TestDataset/CVC-ColonDB/images/277.png,7,9,6
TestDataset/CVC-ColonDB,TestDataset/CVC-ColonDB/images/239.png,TestDataset/CVC-ColonDB,TestDataset/CVC-ColonDB/images/278.png,8,6,14
TestDataset/CVC-ColonDB,TestDataset/CVC-ColonDB/images/239.png,TestDataset/CVC-ColonDB,TestDataset/CVC-ColonDB/images/280.png,7,11,6
TestDataset/CVC-ColonDB,TestDataset/CVC-ColonDB/images/239.png,TestDataset/CVC-ColonDB,TestDataset/CVC-ColonDB/images/281.png,8,8,6
TestDataset/CVC-ColonDB,TestDataset/CVC-ColonDB/images/239.png,TestDataset/CVC-ColonDB,TestDataset/CVC-ColonDB/images/282.png,12,7,8
TestDataset/CVC-ColonDB,TestDataset/CVC-ColonDB/images/239.png,TestDataset/CVC-ColonDB,TestDataset/CVC-ColonDB/images/283.png,12,7,8
TestDataset/CVC-ColonDB,TestDataset/CVC-ColonDB/images/239.png,TestDataset/CVC-ColonDB,TestDataset/CVC-ColonDB/images/289.png,8,11,4
TestDataset/CVC-ColonDB,TestDataset/CVC-ColonDB/images/239.png,TestDataset/CVC-ColonDB,TestDataset/CVC-ColonDB/images/290.png,8,10,4
TestDataset/CVC-ColonDB,TestDataset/CVC-ColonDB/images/239.png,TestDataset/CVC-ColonDB,TestDataset/CVC-ColonDB/images/291.png,8,10,6
TestDataset/CVC-ColonDB,TestDataset/CVC-ColonDB/images/239.png,TestDataset/CVC-ColonDB,TestDataset/CVC-ColonDB/images/292.png,7,12,6
TestDataset/CVC-ColonDB,TestDataset/CVC-ColonDB/images/239.png,TestDataset/CVC-ColonDB,TestDataset/CVC-ColonDB/images/295.png,8,9,8
TestDataset/CVC-ColonDB,TestDataset/CVC-ColonDB/images/239.png,TestDataset/CVC-ColonDB,TestDataset/CVC-ColonDB/images/296.png,8,11,4
TestDataset/CVC-ColonDB,TestDataset/CVC-ColonDB/images/239.png,TestDataset/CVC-ColonDB,TestDataset/CVC-ColonDB/images/297.png,7,9,6
TestDataset/CVC-ColonDB,TestDataset/CVC-ColonDB/images/239.png,TestDataset/CVC-ColonDB,TestDataset/CVC-ColonDB/images/298.png,8,6,14
TestDataset/CVC-ColonDB,TestDataset/CVC-ColonDB/images/239.png,TestDataset/CVC-ColonDB,TestDataset/CVC-ColonDB/images/300.png,7,11,6
TestDataset/CVC-ColonDB,TestDataset/CVC-ColonDB/images/24.png,TestDataset/CVC-ColonDB,TestDataset/CVC-ColonDB/images/35.png,1,9,6
TestDataset/CVC-ColonDB,TestDataset/CVC-ColonDB/images/240.png,TestDataset/CVC-ColonDB,TestDataset/CVC-ColonDB/images/276.png,10,8,8
TestDataset/CVC-ColonDB,TestDataset/CVC-ColonDB/images/240.png,TestDataset/CVC-ColonDB,TestDataset/CVC-ColonDB/images/280.png,3,14,8
TestDataset/CVC-ColonDB,TestDataset/CVC-ColonDB/images/240.png,TestDataset/CVC-ColonDB,TestDataset/CVC-ColonDB/images/281.png,4,11,8
TestDataset/CVC-ColonDB,TestDataset/CVC-ColonDB/images/240.png,TestDataset/CVC-ColonDB,TestDataset/CVC-ColonDB/images/286.png,7,7,16
TestDataset/CVC-ColonDB,TestDataset/CVC-ColonDB/images/240.png,TestDataset/CVC-ColonDB,TestDataset/CVC-ColonDB/images/289.png,10,8,8
TestDataset/CVC-ColonDB,TestDataset/CVC-ColonDB/images/240.png,TestDataset/CVC-ColonDB,TestDataset/CVC-ColonDB/images/290.png,8,9,8
TestDataset/CVC-ColonDB,TestDataset/CVC-ColonDB/images/240.png,TestDataset/CVC-ColonDB,TestDataset/CVC-ColonDB/images/291.png,8,11,8
TestDataset/CVC-ColonDB,TestDataset/CVC-ColonDB/images/240.png,TestDataset/CVC-ColonDB,TestDataset/CVC-ColonDB/images/296.png,10,8,8
TestDataset/CVC-ColonDB,TestDataset/CVC-ColonDB/images/240.png,TestDataset/CVC-ColonDB,TestDataset/CVC-ColonDB/images/300.png,3,14,8
TestDataset/CVC-ColonDB,TestDataset/CVC-ColonDB/images/242.png,TestDataset/CVC-ColonDB,TestDataset/CVC-ColonDB/images/245.png,0,0,0
TestDataset/CVC-ColonDB,TestDataset/CVC-ColonDB/images/242.png,TestDataset/CVC-ColonDB,TestDataset/CVC-ColonDB/images/248.png,0,0,0
TestDataset/CVC-ColonDB,TestDataset/CVC-ColonDB/images/242.png,TestDataset/CVC-ColonDB,TestDataset/CVC-ColonDB/images/251.png,0,0,0
TestDataset/CVC-ColonDB,TestDataset/CVC-ColonDB/images/242.png,TestDataset/CVC-ColonDB,TestDataset/CVC-ColonDB/images/254.png,0,0,0
TestDataset/CVC-ColonDB,TestDataset/CVC-ColonDB/images/242.png,TestDataset/CVC-ColonDB,TestDataset/CVC-ColonDB/images/257.png,0,0,0
TestDataset/CVC-ColonDB,TestDataset/CVC-ColonDB/images/242.png,TestDataset/CVC-ColonDB,TestDataset/CVC-ColonDB/images/260.png,0,0,0
TestDataset/CVC-ColonDB,TestDataset/CVC-ColonDB/images/242.png,TestDataset/CVC-ColonDB,TestDataset/CVC-ColonDB/images/263.png,0,0,0
TestDataset/CVC-ColonDB,TestDataset/CVC-ColonDB/images/242.png,TestDataset/CVC-ColonDB,TestDataset/CVC-ColonDB/images/283.png,5,7,10
TestDataset/CVC-ColonDB,TestDataset/CVC-ColonDB/images/242.png,TestDataset/CVC-ColonDB,TestDataset/CVC-ColonDB/images/291.png,7,8,14
TestDataset/CVC-ColonDB,TestDataset/CVC-ColonDB/images/242.png,TestDataset/CVC-ColonDB,TestDataset/CVC-ColonDB/images/40.png,7,8,22
TestDataset/CVC-ColonDB,TestDataset/CVC-ColonDB/images/242.png,TestDataset/CVC-ColonDB,TestDataset/CVC-ColonDB/images/43.png,7,7,18
TestDataset/CVC-ColonDB,TestDataset/CVC-ColonDB/images/242.png,TestDataset/CVC-ColonDB,TestDataset/CVC-ColonDB/images/47.png,7,8,16
TestDataset/CVC-ColonDB,TestDataset/CVC-ColonDB/images/242.png,TestDataset/CVC-ColonDB,TestDataset/CVC-ColonDB/images/49.png,7,8,20
TestDataset/CVC-ColonDB,TestDataset/CVC-ColonDB/images/243.png,TestDataset/CVC-ColonDB,TestDataset/CVC-ColonDB/images/246.png,0,0,0
TestDataset/CVC-ColonDB,TestDataset/CVC-ColonDB/images/243.png,TestDataset/CVC-ColonDB,TestDataset/CVC-ColonDB/images/249.png,0,0,0
TestDataset/CVC-ColonDB,TestDataset/CVC-ColonDB/images/243.png,TestDataset/CVC-ColonDB,TestDataset/CVC-ColonDB/images/252.png,0,0,0
TestDataset/CVC-ColonDB,TestDataset/CVC-ColonDB/images/243.png,TestDataset/CVC-ColonDB,TestDataset/CVC-ColonDB/images/255.png,0,0,0
TestDataset/CVC-ColonDB,TestDataset/CVC-ColonDB/images/243.png,TestDataset/CVC-ColonDB,TestDataset/CVC-ColonDB/images/258.png,0,0,0
TestDataset/CVC-ColonDB,TestDataset/CVC-ColonDB/images/243.png,TestDataset/CVC-ColonDB,TestDataset/CVC-ColonDB/images/261.png,0,0,0
TestDataset/CVC-ColonDB,TestDataset/CVC-ColonDB/images/244.png,TestDataset/CVC-ColonDB,TestDataset/CVC-ColonDB/images/247.png,0,0,0
TestDataset/CVC-ColonDB,TestDataset/CVC-ColonDB/images/244.png,TestDataset/CVC-ColonDB,TestDataset/CVC-ColonDB/images/250.png,0,0,0
TestDataset/CVC-ColonDB,TestDataset/CVC-ColonDB/images/244.png,TestDataset/CVC-ColonDB,TestDataset/CVC-ColonDB/images/253.png,0,0,0
TestDataset/CVC-ColonDB,TestDataset/CVC-ColonDB/images/244.png,TestDataset/CVC-ColonDB,TestDataset/CVC-ColonDB/images/256.png,0,0,0
TestDataset/CVC-ColonDB,TestDataset/CVC-ColonDB/images/244.png,TestDataset/CVC-ColonDB,TestDataset/CVC-ColonDB/images/259.png,0,0,0
TestDataset/CVC-ColonDB,TestDataset/CVC-ColonDB/images/244.png,TestDataset/CVC-ColonDB,TestDataset/CVC-ColonDB/images/262.png,0,0,0
TestDataset/CVC-ColonDB,TestDataset/CVC-ColonDB/images/245.png,TestDataset/CVC-ColonDB,TestDataset/CVC-ColonDB/images/248.png,0,0,0
TestDataset/CVC-ColonDB,TestDataset/CVC-ColonDB/images/245.png,TestDataset/CVC-ColonDB,TestDataset/CVC-ColonDB/images/251.png,0,0,0
TestDataset/CVC-ColonDB,TestDataset/CVC-ColonDB/images/245.png,TestDataset/CVC-ColonDB,TestDataset/CVC-ColonDB/images/254.png,0,0,0
TestDataset/CVC-ColonDB,TestDataset/CVC-ColonDB/images/245.png,TestDataset/CVC-ColonDB,TestDataset/CVC-ColonDB/images/257.png,0,0,0
TestDataset/CVC-ColonDB,TestDataset/CVC-ColonDB/images/245.png,TestDataset/CVC-ColonDB,TestDataset/CVC-ColonDB/images/260.png,0,0,0
TestDataset/CVC-ColonDB,TestDataset/CVC-ColonDB/images/245.png,TestDataset/CVC-ColonDB,TestDataset/CVC-ColonDB/images/263.png,0,0,0
TestDataset/CVC-ColonDB,TestDataset/CVC-ColonDB/images/245.png,TestDataset/CVC-ColonDB,TestDataset/CVC-ColonDB/images/283.png,5,7,10
TestDataset/CVC-ColonDB,TestDataset/CVC-ColonDB/images/245.png,TestDataset/CVC-ColonDB,TestDataset/CVC-ColonDB/images/291.png,7,8,14
TestDataset/CVC-ColonDB,TestDataset/CVC-ColonDB/images/245.png,TestDataset/CVC-ColonDB,TestDataset/CVC-ColonDB/images/40.png,7,8,22
TestDataset/CVC-ColonDB,TestDataset/CVC-ColonDB/images/245.png,TestDataset/CVC-ColonDB,TestDataset/CVC-ColonDB/images/43.png,7,7,18
TestDataset/CVC-ColonDB,TestDataset/CVC-ColonDB/images/245.png,TestDataset/CVC-ColonDB,TestDataset/CVC-ColonDB/images/47.png,7,8,16
TestDataset/CVC-ColonDB,TestDataset/CVC-ColonDB/images/245.png,TestDataset/CVC-ColonDB,TestDataset/CVC-ColonDB/images/49.png,7,8,20
TestDataset/CVC-ColonDB,TestDataset/CVC-ColonDB/images/246.png,TestDataset/CVC-ColonDB,TestDataset/CVC-ColonDB/images/249.png,0,0,0
TestDataset/CVC-ColonDB,TestDataset/CVC-ColonDB/images/246.png,TestDataset/CVC-ColonDB,TestDataset/CVC-ColonDB/images/252.png,0,0,0
TestDataset/CVC-ColonDB,TestDataset/CVC-ColonDB/images/246.png,TestDataset/CVC-ColonDB,TestDataset/CVC-ColonDB/images/255.png,0,0,0
TestDataset/CVC-ColonDB,TestDataset/CVC-ColonDB/images/246.png,TestDataset/CVC-ColonDB,TestDataset/CVC-ColonDB/images/258.png,0,0,0
TestDataset/CVC-ColonDB,TestDataset/CVC-ColonDB/images/246.png,TestDataset/CVC-ColonDB,TestDataset/CVC-ColonDB/images/261.png,0,0,0
TestDataset/CVC-ColonDB,TestDataset/CVC-ColonDB/images/247.png,TestDataset/CVC-ColonDB,TestDataset/CVC-ColonDB/images/250.png,0,0,0
TestDataset/CVC-ColonDB,TestDataset/CVC-ColonDB/images/247.png,TestDataset/CVC-ColonDB,TestDataset/CVC-ColonDB/images/253.png,0,0,0
TestDataset/CVC-ColonDB,TestDataset/CVC-ColonDB/images/247.png,TestDataset/CVC-ColonDB,TestDataset/CVC-ColonDB/images/256.png,0,0,0
TestDataset/CVC-ColonDB,TestDataset/CVC-ColonDB/images/247.png,TestDataset/CVC-ColonDB,TestDataset/CVC-ColonDB/images/259.png,0,0,0
TestDataset/CVC-ColonDB,TestDataset/CVC-ColonDB/images/247.png,TestDataset/CVC-ColonDB,TestDataset/CVC-ColonDB/images/262.png,0,0,0
TestDataset/CVC-ColonDB,TestDataset/CVC-ColonDB/images/248.png,TestDataset/CVC-ColonDB,TestDataset/CVC-ColonDB/images/251.png,0,0,0
TestDataset/CVC-ColonDB,TestDataset/CVC-ColonDB/images/248.png,TestDataset/CVC-ColonDB,TestDataset/CVC-ColonDB/images/254.png,0,0,0
TestDataset/CVC-ColonDB,TestDataset/CVC-ColonDB/images/248.png,TestDataset/CVC-ColonDB,TestDataset/CVC-ColonDB/images/257.png,0,0,0
TestDataset/CVC-ColonDB,TestDataset/CVC-ColonDB/images/248.png,TestDataset/CVC-ColonDB,TestDataset/CVC-ColonDB/images/260.png,0,0,0
TestDataset/CVC-ColonDB,TestDataset/CVC-ColonDB/images/248.png,TestDataset/CVC-ColonDB,TestDataset/CVC-ColonDB/images/263.png,0,0,0
TestDataset/CVC-ColonDB,TestDataset/CVC-ColonDB/images/248.png,TestDataset/CVC-ColonDB,TestDataset/CVC-ColonDB/images/283.png,5,7,10
TestDataset/CVC-ColonDB,TestDataset/CVC-ColonDB/images/248.png,TestDataset/CVC-ColonDB,TestDataset/CVC-ColonDB/images/291.png,7,8,14
TestDataset/CVC-ColonDB,TestDataset/CVC-ColonDB/images/248.png,TestDataset/CVC-ColonDB,TestDataset/CVC-ColonDB/images/40.png,7,8,22
TestDataset/CVC-ColonDB,TestDataset/CVC-ColonDB/images/248.png,TestDataset/CVC-ColonDB,TestDataset/CVC-ColonDB/images/43.png,7,7,18
TestDataset/CVC-ColonDB,TestDataset/CVC-ColonDB/images/248.png,TestDataset/CVC-ColonDB,TestDataset/CVC-ColonDB/images/47.png,7,8,16
TestDataset/CVC-ColonDB,TestDataset/CVC-ColonDB/images/248.png,TestDataset/CVC-ColonDB,TestDataset/CVC-ColonDB/images/49.png,7,8,20
TestDataset/CVC-ColonDB,TestDataset/CVC-ColonDB/images/249.png,TestDataset/CVC-ColonDB,TestDataset/CVC-ColonDB/images/252.png,0,0,0
TestDataset/CVC-ColonDB,TestDataset/CVC-ColonDB/images/249.png,TestDataset/CVC-ColonDB,TestDataset/CVC-ColonDB/images/255.png,0,0,0
TestDataset/CVC-ColonDB,TestDataset/CVC-ColonDB/images/249.png,TestDataset/CVC-ColonDB,TestDataset/CVC-ColonDB/images/258.png,0,0,0
TestDataset/CVC-ColonDB,TestDataset/CVC-ColonDB/images/249.png,TestDataset/CVC-ColonDB,TestDataset/CVC-ColonDB/images/261.png,0,0,0
TestDataset/CVC-ColonDB,TestDataset/CVC-ColonDB/images/25.png,TestDataset/CVC-ColonDB,TestDataset/CVC-ColonDB/images/4.png,3,6,8
TestDataset/CVC-ColonDB,TestDataset/CVC-ColonDB/images/25.png,TestDataset/CVC-ColonDB,TestDataset/CVC-ColonDB/images/5.png,3,3,8
TestDataset/CVC-ColonDB,TestDataset/CVC-ColonDB/images/250.png,TestDataset/CVC-ColonDB,TestDataset/CVC-ColonDB/images/253.png,0,0,0
TestDataset/CVC-ColonDB,TestDataset/CVC-ColonDB/images/250.png,TestDataset/CVC-ColonDB,TestDataset/CVC-ColonDB/images/256.png,0,0,0
TestDataset/CVC-ColonDB,TestDataset/CVC-ColonDB/images/250.png,TestDataset/CVC-ColonDB,TestDataset/CVC-ColonDB/images/259.png,0,0,0
TestDataset/CVC-ColonDB,TestDataset/CVC-ColonDB/images/250.png,TestDataset/CVC-ColonDB,TestDataset/CVC-ColonDB/images/262.png,0,0,0
TestDataset/CVC-ColonDB,TestDataset/CVC-ColonDB/images/251.png,TestDataset/CVC-ColonDB,TestDataset/CVC-ColonDB/images/254.png,0,0,0
TestDataset/CVC-ColonDB,TestDataset/CVC-ColonDB/images/251.png,TestDataset/CVC-ColonDB,TestDataset/CVC-ColonDB/images/257.png,0,0,0
TestDataset/CVC-ColonDB,TestDataset/CVC-ColonDB/images/251.png,TestDataset/CVC-ColonDB,TestDataset/CVC-ColonDB/images/260.png,0,0,0
TestDataset/CVC-ColonDB,TestDataset/CVC-ColonDB/images/251.png,TestDataset/CVC-ColonDB,TestDataset/CVC-ColonDB/images/263.png,0,0,0
TestDataset/CVC-ColonDB,TestDataset/CVC-ColonDB/images/251.png,TestDataset/CVC-ColonDB,TestDataset/CVC-ColonDB/images/283.png,5,7,10
TestDataset/CVC-ColonDB,TestDataset/CVC-ColonDB/images/251.png,TestDataset/CVC-ColonDB,TestDataset/CVC-ColonDB/images/291.png,7,8,14
TestDataset/CVC-ColonDB,TestDataset/CVC-ColonDB/images/251.png,TestDataset/CVC-ColonDB,TestDataset/CVC-ColonDB/images/40.png,7,8,22
TestDataset/CVC-ColonDB,TestDataset/CVC-ColonDB/images/251.png,TestDataset/CVC-ColonDB,TestDataset/CVC-ColonDB/images/43.png,7,7,18
TestDataset/CVC-ColonDB,TestDataset/CVC-ColonDB/images/251.png,TestDataset/CVC-ColonDB,TestDataset/CVC-ColonDB/images/47.png,7,8,16
TestDataset/CVC-ColonDB,TestDataset/CVC-ColonDB/images/251.png,TestDataset/CVC-ColonDB,TestDataset/CVC-ColonDB/images/49.png,7,8,20
TestDataset/CVC-ColonDB,TestDataset/CVC-ColonDB/images/252.png,TestDataset/CVC-ColonDB,TestDataset/CVC-ColonDB/images/255.png,0,0,0
TestDataset/CVC-ColonDB,TestDataset/CVC-ColonDB/images/252.png,TestDataset/CVC-ColonDB,TestDataset/CVC-ColonDB/images/258.png,0,0,0
TestDataset/CVC-ColonDB,TestDataset/CVC-ColonDB/images/252.png,TestDataset/CVC-ColonDB,TestDataset/CVC-ColonDB/images/261.png,0,0,0
TestDataset/CVC-ColonDB,TestDataset/CVC-ColonDB/images/253.png,TestDataset/CVC-ColonDB,TestDataset/CVC-ColonDB/images/256.png,0,0,0
TestDataset/CVC-ColonDB,TestDataset/CVC-ColonDB/images/253.png,TestDataset/CVC-ColonDB,TestDataset/CVC-ColonDB/images/259.png,0,0,0
TestDataset/CVC-ColonDB,TestDataset/CVC-ColonDB/images/253.png,TestDataset/CVC-ColonDB,TestDataset/CVC-ColonDB/images/262.png,0,0,0
TestDataset/CVC-ColonDB,TestDataset/CVC-ColonDB/images/254.png,TestDataset/CVC-ColonDB,TestDataset/CVC-ColonDB/images/257.png,0,0,0
TestDataset/CVC-ColonDB,TestDataset/CVC-ColonDB/images/254.png,TestDataset/CVC-ColonDB,TestDataset/CVC-ColonDB/images/260.png,0,0,0
TestDataset/CVC-ColonDB,TestDataset/CVC-ColonDB/images/254.png,TestDataset/CVC-ColonDB,TestDataset/CVC-ColonDB/images/263.png,0,0,0
TestDataset/CVC-ColonDB,TestDataset/CVC-ColonDB/images/254.png,TestDataset/CVC-ColonDB,TestDataset/CVC-ColonDB/images/283.png,5,7,10
TestDataset/CVC-ColonDB,TestDataset/CVC-ColonDB/images/254.png,TestDataset/CVC-ColonDB,TestDataset/CVC-ColonDB/images/291.png,7,8,14
TestDataset/CVC-ColonDB,TestDataset/CVC-ColonDB/images/254.png,TestDataset/CVC-ColonDB,TestDataset/CVC-ColonDB/images/40.png,7,8,22
TestDataset/CVC-ColonDB,TestDataset/CVC-ColonDB/images/254.png,TestDataset/CVC-ColonDB,TestDataset/CVC-ColonDB/images/43.png,7,7,18
TestDataset/CVC-ColonDB,TestDataset/CVC-ColonDB/images/254.png,TestDataset/CVC-ColonDB,TestDataset/CVC-ColonDB/images/47.png,7,8,16
TestDataset/CVC-ColonDB,TestDataset/CVC-ColonDB/images/254.png,TestDataset/CVC-ColonDB,TestDataset/CVC-ColonDB/images/49.png,7,8,20
TestDataset/CVC-ColonDB,TestDataset/CVC-ColonDB/images/255.png,TestDataset/CVC-ColonDB,TestDataset/CVC-ColonDB/images/258.png,0,0,0
TestDataset/CVC-ColonDB,TestDataset/CVC-ColonDB/images/255.png,TestDataset/CVC-ColonDB,TestDataset/CVC-ColonDB/images/261.png,0,0,0
TestDataset/CVC-ColonDB,TestDataset/CVC-ColonDB/images/256.png,TestDataset/CVC-ColonDB,TestDataset/CVC-ColonDB/images/259.png,0,0,0
TestDataset/CVC-ColonDB,TestDataset/CVC-ColonDB/images/256.png,TestDataset/CVC-ColonDB,TestDataset/CVC-ColonDB/images/262.png,0,0,0
TestDataset/CVC-ColonDB,TestDataset/CVC-ColonDB/images/257.png,TestDataset/CVC-ColonDB,TestDataset/CVC-ColonDB/images/260.png,0,0,0
TestDataset/CVC-ColonDB,TestDataset/CVC-ColonDB/images/257.png,TestDataset/CVC-ColonDB,TestDataset/CVC-ColonDB/images/263.png,0,0,0
TestDataset/CVC-ColonDB,TestDataset/CVC-ColonDB/images/257.png,TestDataset/CVC-ColonDB,TestDataset/CVC-ColonDB/images/283.png,5,7,10
TestDataset/CVC-ColonDB,TestDataset/CVC-ColonDB/images/257.png,TestDataset/CVC-ColonDB,TestDataset/CVC-ColonDB/images/291.png,7,8,14
TestDataset/CVC-ColonDB,TestDataset/CVC-ColonDB/images/257.png,TestDataset/CVC-ColonDB,TestDataset/CVC-ColonDB/images/40.png,7,8,22
TestDataset/CVC-ColonDB,TestDataset/CVC-ColonDB/images/257.png,TestDataset/CVC-ColonDB,TestDataset/CVC-ColonDB/images/43.png,7,7,18
TestDataset/CVC-ColonDB,TestDataset/CVC-ColonDB/images/257.png,TestDataset/CVC-ColonDB,TestDataset/CVC-ColonDB/images/47.png,7,8,16
TestDataset/CVC-ColonDB,TestDataset/CVC-ColonDB/images/257.png,TestDataset/CVC-ColonDB,TestDataset/CVC-ColonDB/images/49.png,7,8,20
TestDataset/CVC-ColonDB,TestDataset/CVC-ColonDB/images/258.png,TestDataset/CVC-ColonDB,TestDataset/CVC-ColonDB/images/261.png,0,0,0
TestDataset/CVC-ColonDB,TestDataset/CVC-ColonDB/images/259.png,TestDataset/CVC-ColonDB,TestDataset/CVC-ColonDB/images/262.png,0,0,0
TestDataset/CVC-ColonDB,TestDataset/CVC-ColonDB/images/26.png,TestDataset/CVC-ColonDB,TestDataset/CVC-ColonDB/images/6.png,7,6,18
TestDataset/CVC-ColonDB,TestDataset/CVC-ColonDB/images/26.png,TestDataset/CVC-ColonDB,TestDataset/CVC-ColonDB/images/7.png,5,6,16
TestDataset/CVC-ColonDB,TestDataset/CVC-ColonDB/images/26.png,TestDataset/CVC-ColonDB,TestDataset/CVC-ColonDB/images/8.png,3,4,6
TestDataset/CVC-ColonDB,TestDataset/CVC-ColonDB/images/26.png,TestDataset/CVC-ColonDB,TestDataset/CVC-ColonDB/images/9.png,2,1,8
TestDataset/CVC-ColonDB,TestDataset/CVC-ColonDB/images/260.png,TestDataset/CVC-ColonDB,TestDataset/CVC-ColonDB/images/263.png,0,0,0
TestDataset/CVC-ColonDB,TestDataset/CVC-ColonDB/images/260.png,TestDataset/CVC-ColonDB,TestDataset/CVC-ColonDB/images/283.png,5,7,10
TestDataset/CVC-ColonDB,TestDataset/CVC-ColonDB/images/260.png,TestDataset/CVC-ColonDB,TestDataset/CVC-ColonDB/images/291.png,7,8,14
TestDataset/CVC-ColonDB,TestDataset/CVC-ColonDB/images/260.png,TestDataset/CVC-ColonDB,TestDataset/CVC-ColonDB/images/40.png,7,8,22
TestDataset/CVC-ColonDB,TestDataset/CVC-ColonDB/images/260.png,TestDataset/CVC-ColonDB,TestDataset/CVC-ColonDB/images/43.png,7,7,18
TestDataset/CVC-ColonDB,TestDataset/CVC-ColonDB/images/260.png,TestDataset/CVC-ColonDB,TestDataset/CVC-ColonDB/images/47.png,7,8,16
TestDataset/CVC-ColonDB,TestDataset/CVC-ColonDB/images/260.png,TestDataset/CVC-ColonDB,TestDataset/CVC-ColonDB/images/49.png,7,8,20
TestDataset/CVC-ColonDB,TestDataset/CVC-ColonDB/images/263.png,TestDataset/CVC-ColonDB,TestDataset/CVC-ColonDB/images/283.png,5,7,10
TestDataset/CVC-ColonDB,TestDataset/CVC-ColonDB/images/263.png,TestDataset/CVC-ColonDB,TestDataset/CVC-ColonDB/images/291.png,7,8,14
TestDataset/CVC-ColonDB,TestDataset/CVC-ColonDB/images/263.png,TestDataset/CVC-ColonDB,TestDataset/CVC-ColonDB/images/40.png,7,8,22
TestDataset/CVC-ColonDB,TestDataset/CVC-ColonDB/images/263.png,TestDataset/CVC-ColonDB,TestDataset/CVC-ColonDB/images/43.png,7,7,18
TestDataset/CVC-ColonDB,TestDataset/CVC-ColonDB/images/263.png,TestDataset/CVC-ColonDB,TestDataset/CVC-ColonDB/images/47.png,7,8,16
TestDataset/CVC-ColonDB,TestDataset/CVC-ColonDB/images/263.png,TestDataset/CVC-ColonDB,TestDataset/CVC-ColonDB/images/49.png,7,8,20
TestDataset/CVC-ColonDB,TestDataset/CVC-ColonDB/images/264.png,TestDataset/CVC-ColonDB,TestDataset/CVC-ColonDB/images/271.png,0,0,0
TestDataset/CVC-ColonDB,TestDataset/CVC-ColonDB/images/265.png,TestDataset/CVC-ColonDB,TestDataset/CVC-ColonDB/images/272.png,0,0,0
TestDataset/CVC-ColonDB,TestDataset/CVC-ColonDB/images/274.png,TestDataset/CVC-ColonDB,TestDataset/CVC-ColonDB/images/275.png,4,5,8
TestDataset/CVC-ColonDB,TestDataset/CVC-ColonDB/images/274.png,TestDataset/CVC-ColonDB,TestDataset/CVC-ColonDB/images/278.png,8,6,12
TestDataset/CVC-ColonDB,TestDataset/CVC-ColonDB/images/274.png,TestDataset/CVC-ColonDB,TestDataset/CVC-ColonDB/images/280.png,7,7,14
TestDataset/CVC-ColonDB,TestDataset/CVC-ColonDB/images/274.png,TestDataset/CVC-ColonDB,TestDataset/CVC-ColonDB/images/281.png,8,8,12
TestDataset/CVC-ColonDB,TestDataset/CVC-ColonDB/images/274.png,TestDataset/CVC-ColonDB,TestDataset/CVC-ColonDB/images/283.png,8,9,8
TestDataset/CVC-ColonDB,TestDataset/CVC-ColonDB/images/274.png,TestDataset/CVC-ColonDB,TestDataset/CVC-ColonDB/images/287.png,2,4,12
TestDataset/CVC-ColonDB,TestDataset/CVC-ColonDB/images/274.png,TestDataset/CVC-ColonDB,TestDataset/CVC-ColonDB/images/288.png,3,8,6
TestDataset/CVC-ColonDB,TestDataset/CVC-ColonDB/images/274.png,TestDataset/CVC-ColonDB,TestDataset/CVC-ColonDB/images/294.png,0,0,0
TestDataset/CVC-ColonDB,TestDataset/CVC-ColonDB/images/274.png,TestDataset/CVC-ColonDB,TestDataset/CVC-ColonDB/images/295.png,4,5,8
TestDataset/CVC-ColonDB,TestDataset/CVC-ColonDB/images/274.png,TestDataset/CVC-ColonDB,TestDataset/CVC-ColonDB/images/298.png,8,6,12
TestDataset/CVC-ColonDB,TestDataset/CVC-ColonDB/images/274.png,TestDataset/CVC-ColonDB,TestDataset/CVC-ColonDB/images/300.png,7,7,14
TestDataset/CVC-ColonDB,TestDataset/CVC-ColonDB/images/275.png,TestDataset/CVC-ColonDB,TestDataset/CVC-ColonDB/images/276.png,2,10,8
TestDataset/CVC-ColonDB,TestDataset/CVC-ColonDB/images/275.png,TestDataset/CVC-ColonDB,TestDataset/CVC-ColonDB/images/277.png,3,12,8
TestDataset/CVC-ColonDB,TestDataset/CVC-ColonDB/images/275.png,TestDataset/CVC-ColonDB,TestDataset/CVC-ColonDB/images/278.png,6,7,10
TestDataset/CVC-ColonDB,TestDataset/CVC-ColonDB/images/275.png,TestDataset/CVC-ColonDB,TestDataset/CVC-ColonDB/images/281.png,6,7,12
TestDataset/CVC-ColonDB,TestDataset/CVC-ColonDB/images/275.png,TestDataset/CVC-ColonDB,TestDataset/CVC-ColonDB/images/287.png,4,5,8
TestDataset/CVC-ColonDB,TestDataset/CVC-ColonDB/images/275.png,TestDataset/CVC-ColonDB,TestDataset/CVC-ColonDB/images/288.png,1,7,8
TestDataset/CVC-ColonDB,TestDataset/CVC-ColonDB/images/275.png,TestDataset/CVC-ColonDB,TestDataset/CVC-ColonDB/images/289.png,2,10,8
TestDataset/CVC-ColonDB,TestDataset/CVC-ColonDB/images/275.png,TestDataset/CVC-ColonDB,TestDataset/CVC-ColonDB/images/290.png,4,7,10
TestDataset/CVC-ColonDB,TestDataset/CVC-ColonDB/images/275.png,TestDataset/CVC-ColonDB,TestDataset/CVC-ColonDB/images/294.png,4,5,8
TestDataset/CVC-ColonDB,TestDataset/CVC-ColonDB/images/275.png,TestDataset/CVC-ColonDB,TestDataset/CVC-ColonDB/images/295.png,0,0,0
TestDataset/CVC-ColonDB,TestDataset/CVC-ColonDB/images/275.png,TestDataset/CVC-ColonDB,TestDataset/CVC-ColonDB/images/296.png,2,10,8
TestDataset/CVC-ColonDB,TestDataset/CVC-ColonDB/images/275.png,TestDataset/CVC-ColonDB,TestDataset/CVC-ColonDB/images/297.png,3,12,8
TestDataset/CVC-ColonDB,TestDataset/CVC-ColonDB/images/275.png,TestDataset/CVC-ColonDB,TestDataset/CVC-ColonDB/images/298.png,6,7,10
TestDataset/CVC-ColonDB,TestDataset/CVC-ColonDB/images/276.png,TestDataset/CVC-ColonDB,TestDataset/CVC-ColonDB/images/277.png,5,10,6
TestDataset/CVC-ColonDB,TestDataset/CVC-ColonDB/images/276.png,TestDataset/CVC-ColonDB,TestDataset/CVC-ColonDB/images/279.png,3,8,8
TestDataset/CVC-ColonDB,TestDataset/CVC-ColonDB/images/276.png,TestDataset/CVC-ColonDB,TestDataset/CVC-ColonDB/images/280.png,7,10,6
TestDataset/CVC-ColonDB,TestDataset/CVC-ColonDB/images/276.png,TestDataset/CVC-ColonDB,TestDataset/CVC-ColonDB/images/281.png,8,7,6
TestDataset/CVC-ColonDB,TestDataset/CVC-ColonDB/images/276.png,TestDataset/CVC-ColonDB,TestDataset/CVC-ColonDB/images/283.png,10,8,8
TestDataset/CVC-ColonDB,TestDataset/CVC-ColonDB/images/276.png,TestDataset/CVC-ColonDB,TestDataset/CVC-ColonDB/images/288.png,1,7,14
TestDataset/CVC-ColonDB,TestDataset/CVC-ColonDB/images/276.png,TestDataset/CVC-ColonDB,TestDataset/CVC-ColonDB/images/289.png,0,0,0
TestDataset/CVC-ColonDB,TestDataset/CVC-ColonDB/images/276.png,TestDataset/CVC-ColonDB,TestDataset/CVC-ColonDB/images/290.png,6,5,4
TestDataset/CVC-ColonDB,TestDataset/CVC-ColonDB/images/276.png,TestDataset/CVC-ColonDB,TestDataset/CVC-ColonDB/images/292.png,7,17,6
TestDataset/CVC-ColonDB,TestDataset/CVC-ColonDB/images/276.png,TestDataset/CVC-ColonDB,TestDataset/CVC-ColonDB/images/293.png,6,15,6
TestDataset/CVC-ColonDB,TestDataset/CVC-ColonDB/images/276.png,TestDataset/CVC-ColonDB,TestDataset/CVC-ColonDB/images/295.png,2,10,8
TestDataset/CVC-ColonDB,TestDataset/CVC-ColonDB/images/276.png,TestDataset/CVC-ColonDB,TestDataset/CVC-ColonDB/images/296.png,0,0,0
TestDataset/CVC-ColonDB,TestDataset/CVC-ColonDB/images/276.png,TestDataset/CVC-ColonDB,TestDataset/CVC-ColonDB/images/297.png,5,10,6
TestDataset/CVC-ColonDB,TestDataset/CVC-ColonDB/images/276.png,TestDataset/CVC-ColonDB,TestDataset/CVC-ColonDB/images/299.png,3,8,8
TestDataset/CVC-ColonDB,TestDataset/CVC-ColonDB/images/276.png,TestDataset/CVC-ColonDB,TestDataset/CVC-ColonDB/images/300.png,7,10,6
TestDataset/CVC-ColonDB,TestDataset/CVC-ColonDB/images/277.png,TestDataset/CVC-ColonDB,TestDataset/CVC-ColonDB/images/278.png,5,7,12
TestDataset/CVC-ColonDB,TestDataset/CVC-ColonDB/images/277.png,TestDataset/CVC-ColonDB,TestDataset/CVC-ColonDB/images/279.png,2,6,10
TestDataset/CVC-ColonDB,TestDataset/CVC-ColonDB/images/277.png,TestDataset/CVC-ColonDB,TestDataset/CVC-ColonDB/images/280.png,6,10,6
TestDataset/CVC-ColonDB,TestDataset/CVC-ColonDB/images/277.png,TestDataset/CVC-ColonDB,TestDataset/CVC-ColonDB/images/281.png,7,11,8
TestDataset/CVC-ColonDB,TestDataset/CVC-ColonDB/images/277.png,TestDataset/CVC-ColonDB,TestDataset/CVC-ColonDB/images/287.png,7,13,8
TestDataset/CVC-ColonDB,TestDataset/CVC-ColonDB/images/277.png,TestDataset/CVC-ColonDB,TestDataset/CVC-ColonDB/images/289.png,5,10,6
TestDataset/CVC-ColonDB,TestDataset/CVC-ColonDB/images/277.png,TestDataset/CVC-ColonDB,TestDataset/CVC-ColonDB/images/290.png,3,11,6
TestDataset/CVC-ColonDB,TestDataset/CVC-ColonDB/images/277.png,TestDataset/CVC-ColonDB,TestDataset/CVC-ColonDB/images/292.png,8,13,6
TestDataset/CVC-ColonDB,TestDataset/CVC-ColonDB/images/277.png,TestDataset/CVC-ColonDB,TestDataset/CVC-ColonDB/images/295.png,3,12,8
TestDataset/CVC-ColonDB,TestDataset/CVC-ColonDB/images/277.png,TestDataset/CVC-ColonDB,TestDataset/CVC-ColonDB/images/296.png,5,10,6
TestDataset/CVC-ColonDB,TestDataset/CVC-ColonDB/images/277.png,TestDataset/CVC-ColonDB,TestDataset/CVC-ColonDB/images/297.png,0,0,0
TestDataset/CVC-ColonDB,TestDataset/CVC-ColonDB/images/277.png,TestDataset/CVC-ColonDB,TestDataset/CVC-ColonDB/images/298.png,5,7,12
TestDataset/CVC-ColonDB,TestDataset/CVC-ColonDB/images/277.png,TestDataset/CVC-ColonDB,TestDataset/CVC-ColonDB/images/299.png,2,6,10
TestDataset/CVC-ColonDB,TestDataset/CVC-ColonDB/images/277.png,TestDataset/CVC-ColonDB,TestDataset/CVC-ColonDB/images/300.png,6,10,6
TestDataset/CVC-ColonDB,TestDataset/CVC-ColonDB/images/278.png,TestDataset/CVC-ColonDB,TestDataset/CVC-ColonDB/images/279.png,5,7,18
TestDataset/CVC-ColonDB,TestDataset/CVC-ColonDB/images/278.png,TestDataset/CVC-ColonDB,TestDataset/CVC-ColonDB/images/288.png,7,6,16
TestDataset/CVC-ColonDB,TestDataset/CVC-ColonDB/images/278.png,TestDataset/CVC-ColonDB,TestDataset/CVC-ColonDB/images/294.png,8,6,12
TestDataset/CVC-ColonDB,TestDataset/CVC-ColonDB/images/278.png,TestDataset/CVC-ColonDB,TestDataset/CVC-ColonDB/images/295.png,6,7,10
TestDataset/CVC-ColonDB,TestDataset/CVC-ColonDB/images/278.png,TestDataset/CVC-ColonDB,TestDataset/CVC-ColonDB/images/297.png,5,7,12
TestDataset/CVC-ColonDB,TestDataset/CVC-ColonDB/images/278.png,TestDataset/CVC-ColonDB,TestDataset/CVC-ColonDB/images/298.png,0,0,0
TestDataset/CVC-ColonDB,TestDataset/CVC-ColonDB/images/278.png,TestDataset/CVC-ColonDB,TestDataset/CVC-ColonDB/images/299.png,5,7,18
TestDataset/CVC-ColonDB,TestDataset/CVC-ColonDB/images/279.png,TestDataset/CVC-ColonDB,TestDataset/CVC-ColonDB/images/280.png,6,4,8
TestDataset/CVC-ColonDB,TestDataset/CVC-ColonDB/images/279.png,TestDataset/CVC-ColonDB,TestDataset/CVC-ColonDB/images/281.png,7,5,6
TestDataset/CVC-ColonDB,TestDataset/CVC-ColonDB/images/279.png,TestDataset/CVC-ColonDB,TestDataset/CVC-ColonDB/images/288.png,2,7,14
TestDataset/CVC-ColonDB,TestDataset/CVC-ColonDB/images/279.png,TestDataset/CVC-ColonDB,TestDataset/CVC-ColonDB/images/289.png,3,8,8
TestDataset/CVC-ColonDB,TestDataset/CVC-ColonDB/images/279.png,TestDataset/CVC-ColonDB,TestDataset/CVC-ColonDB/images/290.png,5,11,8
TestDataset/CVC-ColonDB,TestDataset/CVC-ColonDB/images/279.png,TestDataset/CVC-ColonDB,TestDataset/CVC-ColonDB/images/296.png,3,8,8
TestDataset/CVC-ColonDB,TestDataset/CVC-ColonDB/images/279.png,TestDataset/CVC-ColonDB,TestDataset/CVC-ColonDB/images/297.png,2,6,10
TestDataset/CVC-ColonDB,TestDataset/CVC-ColonDB/images/279.png,TestDataset/CVC-ColonDB,TestDataset/CVC-ColonDB/images/298.png,5,7,18
TestDataset/CVC-ColonDB,TestDataset/CVC-ColonDB/images/279.png,TestDataset/CVC-ColonDB,TestDataset/CVC-ColonDB/images/299.png,0,0,0
TestDataset/CVC-ColonDB,TestDataset/CVC-ColonDB/images/279.png,TestDataset/CVC-ColonDB,TestDataset/CVC-ColonDB/images/300.png,6,4,8
TestDataset/CVC-ColonDB,TestDataset/CVC-ColonDB/images/280.png,TestDataset/CVC-ColonDB,TestDataset/CVC-ColonDB/images/281.png,1,5,2
TestDataset/CVC-ColonDB,TestDataset/CVC-ColonDB/images/280.png,TestDataset/CVC-ColonDB,TestDataset/CVC-ColonDB/images/282.png,5,12,4
TestDataset/CVC-ColonDB,TestDataset/CVC-ColonDB/images/280.png,TestDataset/CVC-ColonDB,TestDataset/CVC-ColonDB/images/283.png,5,8,8
TestDataset/CVC-ColonDB,TestDataset/CVC-ColonDB/images/280.png,TestDataset/CVC-ColonDB,TestDataset/CVC-ColonDB/images/284.png,6,11,6
TestDataset/CVC-ColonDB,TestDataset/CVC-ColonDB/images/280.png,TestDataset/CVC-ColonDB,TestDataset/CVC-ColonDB/images/289.png,7,10,6
TestDataset/CVC-ColonDB,TestDataset/CVC-ColonDB/images/280.png,TestDataset/CVC-ColonDB,TestDataset/CVC-ColonDB/images/290.png,5,11,2
TestDataset/CVC-ColonDB,TestDataset/CVC-ColonDB/images/280.png,TestDataset/CVC-ColonDB,TestDataset/CVC-ColonDB/images/291.png,5,11,6
TestDataset/CVC-ColonDB,TestDataset/CVC-ColonDB/images/280.png,TestDataset/CVC-ColonDB,TestDataset/CVC-ColonDB/images/294.png,7,7,14
TestDataset/CVC-ColonDB,TestDataset/CVC-ColonDB/images/280.png,TestDataset/CVC-ColonDB,TestDataset/CVC-ColonDB/images/296.png,7,10,6
TestDataset/CVC-ColonDB,TestDataset/CVC-ColonDB/images/280.png,TestDataset/CVC-ColonDB,TestDataset/CVC-ColonDB/images/297.png,6,10,6
TestDataset/CVC-ColonDB,TestDataset/CVC-ColonDB/images/280.png,TestDataset/CVC-ColonDB,TestDataset/CVC-ColonDB/images/299.png,6,4,8
TestDataset/CVC-ColonDB,TestDataset/CVC-ColonDB/images/280.png,TestDataset/CVC-ColonDB,TestDataset/CVC-ColonDB/images/300.png,0,0,0
TestDataset/CVC-ColonDB,TestDataset/CVC-ColonDB/images/281.png,TestDataset/CVC-ColonDB,TestDataset/CVC-ColonDB/images/282.png,4,7,4
TestDataset/CVC-ColonDB,TestDataset/CVC-ColonDB/images/281.png,TestDataset/CVC-ColonDB,TestDataset/CVC-ColonDB/images/283.png,4,9,6
TestDataset/CVC-ColonDB,TestDataset/CVC-ColonDB/images/281.png,TestDataset/CVC-ColonDB,TestDataset/CVC-ColonDB/images/284.png,5,12,8
TestDataset/CVC-ColonDB,TestDataset/CVC-ColonDB/images/281.png,TestDataset/CVC-ColonDB,TestDataset/CVC-ColonDB/images/287.png,8,8,14
TestDataset/CVC-ColonDB,TestDataset/CVC-ColonDB/images/281.png,TestDataset/CVC-ColonDB,TestDataset/CVC-ColonDB/images/288.png,7,6,16
TestDataset/CVC-ColonDB,TestDataset/CVC-ColonDB/images/281.png,TestDataset/CVC-ColonDB,TestDataset/CVC-ColonDB/images/289.png,8,7,6
TestDataset/CVC-ColonDB,TestDataset/CVC-ColonDB/images/281.png,TestDataset/CVC-ColonDB,TestDataset/CVC-ColonDB/images/290.png,6,8,4
TestDataset/CVC-ColonDB,TestDataset/CVC-ColonDB/images/281.png,TestDataset/CVC-ColonDB,TestDataset/CVC-ColonDB/images/291.png,4,6,6
TestDataset/CVC-ColonDB,TestDataset/CVC-ColonDB/images/281.png,TestDataset/CVC-ColonDB,TestDataset/CVC-ColonDB/images/294.png,8,8,12
TestDataset/CVC-ColonDB,TestDataset/CVC-ColonDB/images/281.png,TestDataset/CVC-ColonDB,TestDataset/CVC-ColonDB/images/295.png,6,7,12
TestDataset/CVC-ColonDB,TestDataset/CVC-ColonDB/images/281.png,TestDataset/CVC-ColonDB,TestDataset/CVC-ColonDB/images/296.png,8,7,6
TestDataset/CVC-ColonDB,TestDataset/CVC-ColonDB/images/281.png,TestDataset/CVC-ColonDB,TestDataset/CVC-ColonDB/images/297.png,7,11,8
TestDataset/CVC-ColonDB,TestDataset/CVC-ColonDB/images/281.png,TestDataset/CVC-ColonDB,TestDataset/CVC-ColonDB/images/299.png,7,5,6
TestDataset/CVC-ColonDB,TestDataset/CVC-ColonDB/images/281.png,TestDataset/CVC-ColonDB,TestDataset/CVC-ColonDB/images/300.png,1,5,2
TestDataset/CVC-ColonDB,TestDataset/CVC-ColonDB/images/281.png,TestDataset/CVC-ColonDB,TestDataset/CVC-ColonDB/images/47.png,6,6,16
TestDataset/CVC-ColonDB,TestDataset/CVC-ColonDB/images/282.png,TestDataset/CVC-ColonDB,TestDataset/CVC-ColonDB/images/283.png,0,8,8
TestDataset/CVC-ColonDB,TestDataset/CVC-ColonDB/images/282.png,TestDataset/CVC-ColonDB,TestDataset/CVC-ColonDB/images/284.png,1,13,6
TestDataset/CVC-ColonDB,TestDataset/CVC-ColonDB/images/282.png,TestDataset/CVC-ColonDB,TestDataset/CVC-ColonDB/images/290.png,10,7,6
TestDataset/CVC-ColonDB,TestDataset/CVC-ColonDB/images/282.png,TestDataset/CVC-ColonDB,TestDataset/CVC-ColonDB/images/291.png,8,5,10
TestDataset/CVC-ColonDB,TestDataset/CVC-ColonDB/images/282.png,TestDataset/CVC-ColonDB,TestDataset/CVC-ColonDB/images/300.png,5,12,4
TestDataset/CVC-ColonDB,TestDataset/CVC-ColonDB/images/282.png,TestDataset/CVC-ColonDB,TestDataset/CVC-ColonDB/images/41.png,4,8,20
TestDataset/CVC-ColonDB,TestDataset/CVC-ColonDB/images/282.png,TestDataset/CVC-ColonDB,TestDataset/CVC-ColonDB/images/43.png,4,8,14
TestDataset/CVC-ColonDB,TestDataset/CVC-ColonDB/images/282.png,TestDataset/CVC-ColonDB,TestDataset/CVC-ColonDB/images/45.png,3,8,16
TestDataset/CVC-ColonDB,TestDataset/CVC-ColonDB/images/282.png,TestDataset/CVC-ColonDB,TestDataset/CVC-ColonDB/images/47.png,2,5,16
TestDataset/CVC-ColonDB,TestDataset/CVC-ColonDB/images/282.png,TestDataset/CVC-ColonDB,TestDataset/CVC-ColonDB/images/52.png,5,8,16
TestDataset/CVC-ColonDB,TestDataset/CVC-ColonDB/images/283.png,TestDataset/CVC-ColonDB,TestDataset/CVC-ColonDB/images/289.png,10,8,8
TestDataset/CVC-ColonDB,TestDataset/CVC-ColonDB/images/283.png,TestDataset/CVC-ColonDB,TestDataset/CVC-ColonDB/images/291.png,8,9,8
TestDataset/CVC-ColonDB,TestDataset/CVC-ColonDB/images/283.png,TestDataset/CVC-ColonDB,TestDataset/CVC-ColonDB/images/294.png,8,9,8
TestDataset/CVC-ColonDB,TestDataset/CVC-ColonDB/images/283.png,TestDataset/CVC-ColonDB,TestDataset/CVC-ColonDB/images/296.png,10,8,8
TestDataset/CVC-ColonDB,TestDataset/CVC-ColonDB/images/283.png,TestDataset/CVC-ColonDB,TestDataset/CVC-ColonDB/images/300.png,5,8,8
TestDataset/CVC-ColonDB,TestDataset/CVC-ColonDB/images/283.png,TestDataset/CVC-ColonDB,TestDataset/CVC-ColonDB/images/43.png,4,8,12
TestDataset/CVC-ColonDB,TestDataset/CVC-ColonDB/images/283.png,TestDataset/CVC-ColonDB,TestDataset/CVC-ColonDB/images/47.png,2,7,20
TestDataset/CVC-ColonDB,TestDataset/CVC-ColonDB/images/284.png,TestDataset/CVC-ColonDB,TestDataset/CVC-ColonDB/images/300.png,6,11,6
TestDataset/CVC-ColonDB,TestDataset/CVC-ColonDB/images/286.png,TestDataset/CVC-ColonDB,TestDataset/CVC-ColonDB/images/39.png,8,8,22
TestDataset/CVC-ColonDB,TestDataset/CVC-ColonDB/images/287.png,TestDataset/CVC-ColonDB,TestDataset/CVC-ColonDB/images/288.png,3,8,16
TestDataset/CVC-ColonDB,TestDataset/CVC-ColonDB/images/287.png,TestDataset/CVC-ColonDB,TestDataset/CVC-ColonDB/images/294.png,2,4,12
TestDataset/CVC-ColonDB,TestDataset/CVC-ColonDB/images/287.png,TestDataset/CVC-ColonDB,TestDataset/CVC-ColonDB/images/295.png,4,5,8
TestDataset/CVC-ColonDB,TestDataset/CVC-ColonDB/images/287.png,TestDataset/CVC-ColonDB,TestDataset/CVC-ColonDB/images/297.png,7,13,8
TestDataset/CVC-ColonDB,TestDataset/CVC-ColonDB/images/288.png,TestDataset/CVC-ColonDB,TestDataset/CVC-ColonDB/images/289.png,1,7,14
TestDataset/CVC-ColonDB,TestDataset/CVC-ColonDB/images/288.png,TestDataset/CVC-ColonDB,TestDataset/CVC-ColonDB/images/294.png,3,8,6
TestDataset/CVC-ColonDB,TestDataset/CVC-ColonDB/images/288.png,TestDataset/CVC-ColonDB,TestDataset/CVC-ColonDB/images/295.png,1,7,8
TestDataset/CVC-ColonDB,TestDataset/CVC-ColonDB/images/288.png,TestDataset/CVC-ColonDB,TestDataset/CVC-ColonDB/images/296.png,1,7,14
TestDataset/CVC-ColonDB,TestDataset/CVC-ColonDB/images/288.png,TestDataset/CVC-ColonDB,TestDataset/CVC-ColonDB/images/298.png,7,6,16
TestDataset/CVC-ColonDB,TestDataset/CVC-ColonDB/images/288.png,TestDataset/CVC-ColonDB,TestDataset/CVC-ColonDB/images/299.png,2,7,14
TestDataset/CVC-ColonDB,TestDataset/CVC-ColonDB/images/289.png,TestDataset/CVC-ColonDB,TestDataset/CVC-ColonDB/images/290.png,6,5,4
TestDataset/CVC-ColonDB,TestDataset/CVC-ColonDB/images/289.png,TestDataset/CVC-ColonDB,TestDataset/CVC-ColonDB/images/292.png,7,17,6
TestDataset/CVC-ColonDB,TestDataset/CVC-ColonDB/images/289.png,TestDataset/CVC-ColonDB,TestDataset/CVC-ColonDB/images/293.png,6,15,6
TestDataset/CVC-ColonDB,TestDataset/CVC-ColonDB/images/289.png,TestDataset/CVC-ColonDB,TestDataset/CVC-ColonDB/images/295.png,2,10,8
TestDataset/CVC-ColonDB,TestDataset/CVC-ColonDB/images/289.png,TestDataset/CVC-ColonDB,TestDataset/CVC-ColonDB/images/296.png,0,0,0
TestDataset/CVC-ColonDB,TestDataset/CVC-ColonDB/images/289.png,TestDataset/CVC-ColonDB,TestDataset/CVC-ColonDB/images/297.png,5,10,6
TestDataset/CVC-ColonDB,TestDataset/CVC-ColonDB/images/289.png,TestDataset/CVC-ColonDB,TestDataset/CVC-ColonDB/images/299.png,3,8,8
TestDataset/CVC-ColonDB,TestDataset/CVC-ColonDB/images/289.png,TestDataset/CVC-ColonDB,TestDataset/CVC-ColonDB/images/300.png,7,10,6
TestDataset/CVC-ColonDB,TestDataset/CVC-ColonDB/images/290.png,TestDataset/CVC-ColonDB,TestDataset/CVC-ColonDB/images/291.png,6,6,4
TestDataset/CVC-ColonDB,TestDataset/CVC-ColonDB/images/290.png,TestDataset/CVC-ColonDB,TestDataset/CVC-ColonDB/images/295.png,4,7,10
TestDataset/CVC-ColonDB,TestDataset/CVC-ColonDB/images/290.png,TestDataset/CVC-ColonDB,TestDataset/CVC-ColonDB/images/296.png,6,5,4
TestDataset/CVC-ColonDB,TestDataset/CVC-ColonDB/images/290.png,TestDataset/CVC-ColonDB,TestDataset/CVC-ColonDB/images/297.png,3,11,6
TestDataset/CVC-ColonDB,TestDataset/CVC-ColonDB/images/290.png,TestDataset/CVC-ColonDB,TestDataset/CVC-ColonDB/images/299.png,5,11,8
TestDataset/CVC-ColonDB,TestDataset/CVC-ColonDB/images/290.png,TestDataset/CVC-ColonDB,TestDataset/CVC-ColonDB/images/300.png,5,11,2
TestDataset/CVC-ColonDB,TestDataset/CVC-ColonDB/images/291.png,TestDataset/CVC-ColonDB,TestDataset/CVC-ColonDB/images/300.png,5,11,6
TestDataset/CVC-ColonDB,TestDataset/CVC-ColonDB/images/292.png,TestDataset/CVC-ColonDB,TestDataset/CVC-ColonDB/images/296.png,7,17,6
TestDataset/CVC-ColonDB,TestDataset/CVC-ColonDB/images/292.png,TestDataset/CVC-ColonDB,TestDataset/CVC-ColonDB/images/297.png,8,13,6
TestDataset/CVC-ColonDB,TestDataset/CVC-ColonDB/images/293.png,TestDataset/CVC-ColonDB,TestDataset/CVC-ColonDB/images/296.png,6,15,6
TestDataset/CVC-ColonDB,TestDataset/CVC-ColonDB/images/294.png,TestDataset/CVC-ColonDB,TestDataset/CVC-ColonDB/images/295.png,4,5,8
TestDataset/CVC-ColonDB,TestDataset/CVC-ColonDB/images/294.png,TestDataset/CVC-ColonDB,TestDataset/CVC-ColonDB/images/298.png,8,6,12
TestDataset/CVC-ColonDB,TestDataset/CVC-ColonDB/images/294.png,TestDataset/CVC-ColonDB,TestDataset/CVC-ColonDB/images/300.png,7,7,14
TestDataset/CVC-ColonDB,TestDataset/CVC-ColonDB/images/295.png,TestDataset/CVC-ColonDB,TestDataset/CVC-ColonDB/images/296.png,2,10,8
TestDataset/CVC-ColonDB,TestDataset/CVC-ColonDB/images/295.png,TestDataset/CVC-ColonDB,TestDataset/CVC-ColonDB/images/297.png,3,12,8
TestDataset/CVC-ColonDB,TestDataset/CVC-ColonDB/images/295.png,TestDataset/CVC-ColonDB,TestDataset/CVC-ColonDB/images/298.png,6,7,10
TestDataset/CVC-ColonDB,TestDataset/CVC-ColonDB/images/296.png,TestDataset/CVC-ColonDB,TestDataset/CVC-ColonDB/images/297.png,5,10,6
TestDataset/CVC-ColonDB,TestDataset/CVC-ColonDB/images/296.png,TestDataset/CVC-ColonDB,TestDataset/CVC-ColonDB/images/299.png,3,8,8
TestDataset/CVC-ColonDB,TestDataset/CVC-ColonDB/images/296.png,TestDataset/CVC-ColonDB,TestDataset/CVC-ColonDB/images/300.png,7,10,6
TestDataset/CVC-ColonDB,TestDataset/CVC-ColonDB/images/297.png,TestDataset/CVC-ColonDB,TestDataset/CVC-ColonDB/images/298.png,5,7,12
TestDataset/CVC-ColonDB,TestDataset/CVC-ColonDB/images/297.png,TestDataset/CVC-ColonDB,TestDataset/CVC-ColonDB/images/299.png,2,6,10
TestDataset/CVC-ColonDB,TestDataset/CVC-ColonDB/images/297.png,TestDataset/CVC-ColonDB,TestDataset/CVC-ColonDB/images/300.png,6,10,6
TestDataset/CVC-ColonDB,TestDataset/CVC-ColonDB/images/298.png,TestDataset/CVC-ColonDB,TestDataset/CVC-ColonDB/images/299.png,5,7,18
TestDataset/CVC-ColonDB,TestDataset/CVC-ColonDB/images/299.png,TestDataset/CVC-ColonDB,TestDataset/CVC-ColonDB/images/300.png,6,4,8
TestDataset/CVC-ColonDB,TestDataset/CVC-ColonDB/images/302.png,TestDataset/CVC-ColonDB,TestDataset/CVC-ColonDB/images/303.png,4,6,4
TestDataset/CVC-ColonDB,TestDataset/CVC-ColonDB/images/304.png,TestDataset/CVC-ColonDB,TestDataset/CVC-ColonDB/images/305.png,0,1,2
TestDataset/CVC-ColonDB,TestDataset/CVC-ColonDB/images/304.png,TestDataset/CVC-ColonDB,TestDataset/CVC-ColonDB/images/306.png,1,6,6
TestDataset/CVC-ColonDB,TestDataset/CVC-ColonDB/images/304.png,TestDataset/CVC-ColonDB,TestDataset/CVC-ColonDB/images/307.png,1,9,6
TestDataset/CVC-ColonDB,TestDataset/CVC-ColonDB/images/305.png,TestDataset/CVC-ColonDB,TestDataset/CVC-ColonDB/images/306.png,1,5,4
TestDataset/CVC-ColonDB,TestDataset/CVC-ColonDB/images/305.png,TestDataset/CVC-ColonDB,TestDataset/CVC-ColonDB/images/307.png,1,8,4
TestDataset/CVC-ColonDB,TestDataset/CVC-ColonDB/images/306.png,TestDataset/CVC-ColonDB,TestDataset/CVC-ColonDB/images/307.png,0,3,4
TestDataset/CVC-ColonDB,TestDataset/CVC-ColonDB/images/311.png,TestDataset/CVC-ColonDB,TestDataset/CVC-ColonDB/images/312.png,0,3,8
TestDataset/CVC-ColonDB,TestDataset/CVC-ColonDB/images/319.png,TestDataset/CVC-ColonDB,TestDataset/CVC-ColonDB/images/320.png,6,8,6
TestDataset/CVC-ColonDB,TestDataset/CVC-ColonDB/images/321.png,TestDataset/CVC-ColonDB,TestDataset/CVC-ColonDB/images/340.png,5,7,8
TestDataset/CVC-ColonDB,TestDataset/CVC-ColonDB/images/336.png,TestDataset/CVC-ColonDB,TestDataset/CVC-ColonDB/images/337.png,0,2,4
TestDataset/CVC-ColonDB,TestDataset/CVC-ColonDB/images/341.png,TestDataset/CVC-ColonDB,TestDataset/CVC-ColonDB/images/342.png,2,7,6
TestDataset/CVC-ColonDB,TestDataset/CVC-ColonDB/images/344.png,TestDataset/CVC-ColonDB,TestDataset/CVC-ColonDB/images/345.png,5,5,10
TestDataset/CVC-ColonDB,TestDataset/CVC-ColonDB/images/351.png,TestDataset/CVC-ColonDB,TestDataset/CVC-ColonDB/images/352.png,1,4,4
TestDataset/CVC-ColonDB,TestDataset/CVC-ColonDB/images/352.png,TestDataset/CVC-ColonDB,TestDataset/CVC-ColonDB/images/353.png,5,8,16
TestDataset/CVC-ColonDB,TestDataset/CVC-ColonDB/images/353.png,TestDataset/CVC-ColonDB,TestDataset/CVC-ColonDB/images/354.png,3,9,6
TestDataset/CVC-ColonDB,TestDataset/CVC-ColonDB/images/354.png,TestDataset/CVC-ColonDB,TestDataset/CVC-ColonDB/images/355.png,2,7,12
TestDataset/CVC-ColonDB,TestDataset/CVC-ColonDB/images/355.png,TestDataset/CVC-ColonDB,TestDataset/CVC-ColonDB/images/356.png,6,7,10
TestDataset/CVC-ColonDB,TestDataset/CVC-ColonDB/images/356.png,TestDataset/CVC-ColonDB,TestDataset/CVC-ColonDB/images/357.png,5,8,16
TestDataset/CVC-ColonDB,TestDataset/CVC-ColonDB/images/357.png,TestDataset/CVC-ColonDB,TestDataset/CVC-ColonDB/images/359.png,6,7,12
TestDataset/CVC-ColonDB,TestDataset/CVC-ColonDB/images/358.png,TestDataset/CVC-ColonDB,TestDataset/CVC-ColonDB/images/359.png,2,5,6
TestDataset/CVC-ColonDB,TestDataset/CVC-ColonDB/images/361.png,TestDataset/CVC-ColonDB,TestDataset/CVC-ColonDB/images/362.png,7,2,8
TestDataset/CVC-ColonDB,TestDataset/CVC-ColonDB/images/362.png,TestDataset/CVC-ColonDB,TestDataset/CVC-ColonDB/images/363.png,5,4,10
TestDataset/CVC-ColonDB,TestDataset/CVC-ColonDB/images/362.png,TestDataset/CVC-ColonDB,TestDataset/CVC-ColonDB/images/366.png,8,8,12
TestDataset/CVC-ColonDB,TestDataset/CVC-ColonDB/images/362.png,TestDataset/CVC-ColonDB,TestDataset/CVC-ColonDB/images/367.png,8,7,16
TestDataset/CVC-ColonDB,TestDataset/CVC-ColonDB/images/362.png,TestDataset/CVC-ColonDB,TestDataset/CVC-ColonDB/images/368.png,8,7,14
TestDataset/CVC-ColonDB,TestDataset/CVC-ColonDB/images/362.png,TestDataset/CVC-ColonDB,TestDataset/CVC-ColonDB/images/369.png,8,6,12
TestDataset/CVC-ColonDB,TestDataset/CVC-ColonDB/images/362.png,TestDataset/CVC-ColonDB,TestDataset/CVC-ColonDB/images/370.png,8,6,18
TestDataset/CVC-ColonDB,TestDataset/CVC-ColonDB/images/363.png,TestDataset/CVC-ColonDB,TestDataset/CVC-ColonDB/images/364.png,4,5,8
TestDataset/CVC-ColonDB,TestDataset/CVC-ColonDB/images/363.png,TestDataset/CVC-ColonDB,TestDataset/CVC-ColonDB/images/365.png,4,6,10
TestDataset/CVC-ColonDB,TestDataset/CVC-ColonDB/images/363.png,TestDataset/CVC-ColonDB,TestDataset/CVC-ColonDB/images/366.png,3,6,10
TestDataset/CVC-ColonDB,TestDataset/CVC-ColonDB/images/363.png,TestDataset/CVC-ColonDB,TestDataset/CVC-ColonDB/images/367.png,3,5,10
TestDataset/CVC-ColonDB,TestDataset/CVC-ColonDB/images/363.png,TestDataset/CVC-ColonDB,TestDataset/CVC-ColonDB/images/368.png,3,5,12
TestDataset/CVC-ColonDB,TestDataset/CVC-ColonDB/images/363.png,TestDataset/CVC-ColonDB,TestDataset/CVC-ColonDB/images/369.png,3,4,10
TestDataset/CVC-ColonDB,TestDataset/CVC-ColonDB/images/363.png,TestDataset/CVC-ColonDB,TestDataset/CVC-ColonDB/images/370.png,3,4,14
TestDataset/CVC-ColonDB,TestDataset/CVC-ColonDB/images/363.png,TestDataset/CVC-ColonDB,TestDataset/CVC-ColonDB/images/371.png,4,4,10
TestDataset/CVC-ColonDB,TestDataset/CVC-ColonDB/images/363.png,TestDataset/CVC-ColonDB,TestDataset/CVC-ColonDB/images/372.png,4,4,10
TestDataset/CVC-ColonDB,TestDataset/CVC-ColonDB/images/363.png,TestDataset/CVC-ColonDB,TestDataset/CVC-ColonDB/images/373.png,4,4,8
TestDataset/CVC-ColonDB,TestDataset/CVC-ColonDB/images/363.png,TestDataset/CVC-ColonDB,TestDataset/CVC-ColonDB/images/374.png,4,6,10
TestDataset/CVC-ColonDB,TestDataset/CVC-ColonDB/images/363.png,TestDataset/CVC-ColonDB,TestDataset/CVC-ColonDB/images/375.png,4,6,10
TestDataset/CVC-ColonDB,TestDataset/CVC-ColonDB/images/364.png,TestDataset/CVC-ColonDB,TestDataset/CVC-ColonDB/images/365.png,2,1,4
TestDataset/CVC-ColonDB,TestDataset/CVC-ColonDB/images/364.png,TestDataset/CVC-ColonDB,TestDataset/CVC-ColonDB/images/366.png,1,1,4
TestDataset/CVC-ColonDB,TestDataset/CVC-ColonDB/images/364.png,TestDataset/CVC-ColonDB,TestDataset/CVC-ColonDB/images/367.png,1,0,6
TestDataset/CVC-ColonDB,TestDataset/CVC-ColonDB/images/364.png,TestDataset/CVC-ColonDB,TestDataset/CVC-ColonDB/images/368.png,3,2,8
TestDataset/CVC-ColonDB,TestDataset/CVC-ColonDB/images/364.png,TestDataset/CVC-ColonDB,TestDataset/CVC-ColonDB/images/369.png,3,1,8
TestDataset/CVC-ColonDB,TestDataset/CVC-ColonDB/images/364.png,TestDataset/CVC-ColonDB,TestDataset/CVC-ColonDB/images/370.png,3,1,12
TestDataset/CVC-ColonDB,TestDataset/CVC-ColonDB/images/364.png,TestDataset/CVC-ColonDB,TestDataset/CVC-ColonDB/images/371.png,4,1,6
TestDataset/CVC-ColonDB,TestDataset/CVC-ColonDB/images/364.png,TestDataset/CVC-ColonDB,TestDataset/CVC-ColonDB/images/372.png,4,1,4
TestDataset/CVC-ColonDB,TestDataset/CVC-ColonDB/images/364.png,TestDataset/CVC-ColonDB,TestDataset/CVC-ColonDB/images/373.png,4,1,4
TestDataset/CVC-ColonDB,TestDataset/CVC-ColonDB/images/364.png,TestDataset/CVC-ColonDB,TestDataset/CVC-ColonDB/images/374.png,4,1,8
TestDataset/CVC-ColonDB,TestDataset/CVC-ColonDB/images/364.png,TestDataset/CVC-ColonDB,TestDataset/CVC-ColonDB/images/375.png,4,1,10
TestDataset/CVC-ColonDB,TestDataset/CVC-ColonDB/images/364.png,TestDataset/CVC-ColonDB,TestDataset/CVC-ColonDB/images/376.png,8,6,10
TestDataset/CVC-ColonDB,TestDataset/CVC-ColonDB/images/364.png,TestDataset/CVC-ColonDB,TestDataset/CVC-ColonDB/images/72.png,7,6,8
TestDataset/CVC-ColonDB,TestDataset/CVC-ColonDB/images/365.png,TestDataset/CVC-ColonDB,TestDataset/CVC-ColonDB/images/366.png,1,0,0
TestDataset/CVC-ColonDB,TestDataset/CVC-ColonDB/images/365.png,TestDataset/CVC-ColonDB,TestDataset/CVC-ColonDB/images/367.png,1,1,4
TestDataset/CVC-ColonDB,TestDataset/CVC-ColonDB/images/365.png,TestDataset/CVC-ColonDB,TestDataset/CVC-ColonDB/images/368.png,3,3,4
TestDataset/CVC-ColonDB,TestDataset/CVC-ColonDB/images/365.png,TestDataset/CVC-ColonDB,TestDataset/CVC-ColonDB/images/369.png,3,2,6
TestDataset/CVC-ColonDB,TestDataset/CVC-ColonDB/images/365.png,TestDataset/CVC-ColonDB,TestDataset/CVC-ColonDB/images/370.png,3,2,12
TestDataset/CVC-ColonDB,TestDataset/CVC-ColonDB/images/365.png,TestDataset/CVC-ColonDB,TestDataset/CVC-ColonDB/images/371.png,4,2,8
TestDataset/CVC-ColonDB,TestDataset/CVC-ColonDB/images/365.png,TestDataset/CVC-ColonDB,TestDataset/CVC-ColonDB/images/372.png,4,2,6
TestDataset/CVC-ColonDB,TestDataset/CVC-ColonDB/images/365.png,TestDataset/CVC-ColonDB,TestDataset/CVC-ColonDB/images/373.png,4,2,6
TestDataset/CVC-ColonDB,TestDataset/CVC-ColonDB/images/365.png,TestDataset/CVC-ColonDB,TestDataset/CVC-ColonDB/images/374.png,4,2,8
TestDataset/CVC-ColonDB,TestDataset/CVC-ColonDB/images/365.png,TestDataset/CVC-ColonDB,TestDataset/CVC-ColonDB/images/375.png,4,2,10
TestDataset/CVC-ColonDB,TestDataset/CVC-ColonDB/images/365.png,TestDataset/CVC-ColonDB,TestDataset/CVC-ColonDB/images/376.png,8,5,10
TestDataset/CVC-ColonDB,TestDataset/CVC-ColonDB/images/366.png,TestDataset/CVC-ColonDB,TestDataset/CVC-ColonDB/images/367.png,0,1,4
TestDataset/CVC-ColonDB,TestDataset/CVC-ColonDB/images/366.png,TestDataset/CVC-ColonDB,TestDataset/CVC-ColonDB/images/368.png,2,3,4
TestDataset/CVC-ColonDB,TestDataset/CVC-ColonDB/images/366.png,TestDataset/CVC-ColonDB,TestDataset/CVC-ColonDB/images/369.png,2,2,6
TestDataset/CVC-ColonDB,TestDataset/CVC-ColonDB/images/366.png,TestDataset/CVC-ColonDB,TestDataset/CVC-ColonDB/images/370.png,2,2,12
TestDataset/CVC-ColonDB,TestDataset/CVC-ColonDB/images/366.png,TestDataset/CVC-ColonDB,TestDataset/CVC-ColonDB/images/371.png,3,2,8
TestDataset/CVC-ColonDB,TestDataset/CVC-ColonDB/images/366.png,TestDataset/CVC-ColonDB,TestDataset/CVC-ColonDB/images/372.png,3,2,6
TestDataset/CVC-ColonDB,TestDataset/CVC-ColonDB/images/366.png,TestDataset/CVC-ColonDB,TestDataset/CVC-ColonDB/images/373.png,3,2,6
TestDataset/CVC-ColonDB,TestDataset/CVC-ColonDB/images/366.png,TestDataset/CVC-ColonDB,TestDataset/CVC-ColonDB/images/374.png,3,2,8
TestDataset/CVC-ColonDB,TestDataset/CVC-ColonDB/images/366.png,TestDataset/CVC-ColonDB,TestDataset/CVC-ColonDB/images/375.png,3,2,10
TestDataset/CVC-ColonDB,TestDataset/CVC-ColonDB/images/366.png,TestDataset/CVC-ColonDB,TestDataset/CVC-ColonDB/images/376.png,7,5,10
TestDataset/CVC-ColonDB,TestDataset/CVC-ColonDB/images/366.png,TestDataset/CVC-ColonDB,TestDataset/CVC-ColonDB/images/377.png,8,8,10
TestDataset/CVC-ColonDB,TestDataset/CVC-ColonDB/images/366.png,TestDataset/CVC-ColonDB,TestDataset/CVC-ColonDB/images/378.png,8,8,12
TestDataset/CVC-ColonDB,TestDataset/CVC-ColonDB/images/366.png,TestDataset/CVC-ColonDB,TestDataset/CVC-ColonDB/images/379.png,8,6,18
TestDataset/CVC-ColonDB,TestDataset/CVC-ColonDB/images/366.png,TestDataset/CVC-ColonDB,TestDataset/CVC-ColonDB/images/72.png,8,7,12
TestDataset/CVC-ColonDB,TestDataset/CVC-ColonDB/images/367.png,TestDataset/CVC-ColonDB,TestDataset/CVC-ColonDB/images/368.png,2,2,2
TestDataset/CVC-ColonDB,TestDataset/CVC-ColonDB/images/367.png,TestDataset/CVC-ColonDB,TestDataset/CVC-ColonDB/images/369.png,2,1,6
TestDataset/CVC-ColonDB,TestDataset/CVC-ColonDB/images/367.png,TestDataset/CVC-ColonDB,TestDataset/CVC-ColonDB/images/370.png,2,1,8
TestDataset/CVC-ColonDB,TestDataset/CVC-ColonDB/images/367.png,TestDataset/CVC-ColonDB,TestDataset/CVC-ColonDB/images/371.png,3,1,6
TestDataset/CVC-ColonDB,TestDataset/CVC-ColonDB/images/367.png,TestDataset/CVC-ColonDB,TestDataset/CVC-ColonDB/images/372.png,3,1,6
TestDataset/CVC-ColonDB,TestDataset/CVC-ColonDB/images/367.png,TestDataset/CVC-ColonDB,TestDataset/CVC-ColonDB/images/373.png,3,1,6
TestDataset/CVC-ColonDB,TestDataset/CVC-ColonDB/images/367.png,TestDataset/CVC-ColonDB,TestDataset/CVC-ColonDB/images/374.png,3,1,8
TestDataset/CVC-ColonDB,TestDataset/CVC-ColonDB/images/367.png,TestDataset/CVC-ColonDB,TestDataset/CVC-ColonDB/images/375.png,3,1,8
TestDataset/CVC-ColonDB,TestDataset/CVC-ColonDB/images/367.png,TestDataset/CVC-ColonDB,TestDataset/CVC-ColonDB/images/376.png,7,6,10
TestDataset/CVC-ColonDB,TestDataset/CVC-ColonDB/images/367.png,TestDataset/CVC-ColonDB,TestDataset/CVC-ColonDB/images/377.png,8,7,10
TestDataset/CVC-ColonDB,TestDataset/CVC-ColonDB/images/367.png,TestDataset/CVC-ColonDB,TestDataset/CVC-ColonDB/images/378.png,8,7,12
TestDataset/CVC-ColonDB,TestDataset/CVC-ColonDB/images/367.png,TestDataset/CVC-ColonDB,TestDataset/CVC-ColonDB/images/379.png,8,5,16
TestDataset/CVC-ColonDB,TestDataset/CVC-ColonDB/images/367.png,TestDataset/CVC-ColonDB,TestDataset/CVC-ColonDB/images/72.png,8,6,10
TestDataset/CVC-ColonDB,TestDataset/CVC-ColonDB/images/368.png,TestDataset/CVC-ColonDB,TestDataset/CVC-ColonDB/images/369.png,0,1,4
TestDataset/CVC-ColonDB,TestDataset/CVC-ColonDB/images/368.png,TestDataset/CVC-ColonDB,TestDataset/CVC-ColonDB/images/370.png,0,1,8
TestDataset/CVC-ColonDB,TestDataset/CVC-ColonDB/images/368.png,TestDataset/CVC-ColonDB,TestDataset/CVC-ColonDB/images/371.png,1,1,8
TestDataset/CVC-ColonDB,TestDataset/CVC-ColonDB/images/368.png,TestDataset/CVC-ColonDB,TestDataset/CVC-ColonDB/images/372.png,1,1,8
TestDataset/CVC-ColonDB,TestDataset/CVC-ColonDB/images/368.png,TestDataset/CVC-ColonDB,TestDataset/CVC-ColonDB/images/373.png,1,1,8
TestDataset/CVC-ColonDB,TestDataset/CVC-ColonDB/images/368.png,TestDataset/CVC-ColonDB,TestDataset/CVC-ColonDB/images/374.png,1,3,8
TestDataset/CVC-ColonDB,TestDataset/CVC-ColonDB/images/368.png,TestDataset/CVC-ColonDB,TestDataset/CVC-ColonDB/images/375.png,1,3,10
TestDataset/CVC-ColonDB,TestDataset/CVC-ColonDB/images/368.png,TestDataset/CVC-ColonDB,TestDataset/CVC-ColonDB/images/376.png,5,6,12
TestDataset/CVC-ColonDB,TestDataset/CVC-ColonDB/images/368.png,TestDataset/CVC-ColonDB,TestDataset/CVC-ColonDB/images/377.png,6,7,10
TestDataset/CVC-ColonDB,TestDataset/CVC-ColonDB/images/368.png,TestDataset/CVC-ColonDB,TestDataset/CVC-ColonDB/images/378.png,6,7,10
TestDataset/CVC-ColonDB,TestDataset/CVC-ColonDB/images/368.png,TestDataset/CVC-ColonDB,TestDataset/CVC-ColonDB/images/379.png,6,7,16
TestDataset/CVC-ColonDB,TestDataset/CVC-ColonDB/images/368.png,TestDataset/CVC-ColonDB,TestDataset/CVC-ColonDB/images/72.png,8,4,10
TestDataset/CVC-ColonDB,TestDataset/CVC-ColonDB/images/369.png,TestDataset/CVC-ColonDB,TestDataset/CVC-ColonDB/images/370.png,0,0,10
TestDataset/CVC-ColonDB,TestDataset/CVC-ColonDB/images/369.png,TestDataset/CVC-ColonDB,TestDataset/CVC-ColonDB/images/371.png,1,0,6
TestDataset/CVC-ColonDB,TestDataset/CVC-ColonDB/images/369.png,TestDataset/CVC-ColonDB,TestDataset/CVC-ColonDB/images/372.png,1,0,6
TestDataset/CVC-ColonDB,TestDataset/CVC-ColonDB/images/369.png,TestDataset/CVC-ColonDB,TestDataset/CVC-ColonDB/images/373.png,1,0,6
TestDataset/CVC-ColonDB,TestDataset/CVC-ColonDB/images/369.png,TestDataset/CVC-ColonDB,TestDataset/CVC-ColonDB/images/374.png,1,2,6
TestDataset/CVC-ColonDB,TestDataset/CVC-ColonDB/images/369.png,TestDataset/CVC-ColonDB,TestDataset/CVC-ColonDB/images/375.png,1,2,8
TestDataset/CVC-ColonDB,TestDataset/CVC-ColonDB/images/369.png,TestDataset/CVC-ColonDB,TestDataset/CVC-ColonDB/images/376.png,5,5,12
TestDataset/CVC-ColonDB,TestDataset/CVC-ColonDB/images/369.png,TestDataset/CVC-ColonDB,TestDataset/CVC-ColonDB/images/377.png,6,6,10
TestDataset/CVC-ColonDB,TestDataset/CVC-ColonDB/images/369.png,TestDataset/CVC-ColonDB,TestDataset/CVC-ColonDB/images/378.png,6,6,12
TestDataset/CVC-ColonDB,TestDataset/CVC-ColonDB/images/369.png,TestDataset/CVC-ColonDB,TestDataset/CVC-ColonDB/images/379.png,6,6,16
TestDataset/CVC-ColonDB,TestDataset/CVC-ColonDB/images/369.png,TestDataset/CVC-ColonDB,TestDataset/CVC-ColonDB/images/72.png,8,5,6
TestDataset/CVC-ColonDB,TestDataset/CVC-ColonDB/images/370.png,TestDataset/CVC-ColonDB,TestDataset/CVC-ColonDB/images/371.png,1,0,8
TestDataset/CVC-ColonDB,TestDataset/CVC-ColonDB/images/370.png,TestDataset/CVC-ColonDB,TestDataset/CVC-ColonDB/images/372.png,1,0,10
TestDataset/CVC-ColonDB,TestDataset/CVC-ColonDB/images/370.png,TestDataset/CVC-ColonDB,TestDataset/CVC-ColonDB/images/373.png,1,0,12
TestDataset/CVC-ColonDB,TestDataset/CVC-ColonDB/images/370.png,TestDataset/CVC-ColonDB,TestDataset/CVC-ColonDB/images/374.png,1,2,12
TestDataset/CVC-ColonDB,TestDataset/CVC-ColonDB/images/370.png,TestDataset/CVC-ColonDB,TestDataset/CVC-ColonDB/images/375.png,1,2,12
TestDataset/CVC-ColonDB,TestDataset/CVC-ColonDB/images/370.png,TestDataset/CVC-ColonDB,TestDataset/CVC-ColonDB/images/376.png,5,5,16
TestDataset/CVC-ColonDB,TestDataset/CVC-ColonDB/images/370.png,TestDataset/CVC-ColonDB,TestDataset/CVC-ColonDB/images/377.png,6,6,14
TestDataset/CVC-ColonDB,TestDataset/CVC-ColonDB/images/370.png,TestDataset/CVC-ColonDB,TestDataset/CVC-ColonDB/images/378.png,6,6,10
TestDataset/CVC-ColonDB,TestDataset/CVC-ColonDB/images/370.png,TestDataset/CVC-ColonDB,TestDataset/CVC-ColonDB/images/379.png,6,6,8
TestDataset/CVC-ColonDB,TestDataset/CVC-ColonDB/images/370.png,TestDataset/CVC-ColonDB,TestDataset/CVC-ColonDB/images/72.png,8,5,12
TestDataset/CVC-ColonDB,TestDataset/CVC-ColonDB/images/371.png,TestDataset/CVC-ColonDB,TestDataset/CVC-ColonDB/images/372.png,0,0,2
TestDataset/CVC-ColonDB,TestDataset/CVC-ColonDB/images/371.png,TestDataset/CVC-ColonDB,TestDataset/CVC-ColonDB/images/373.png,0,0,4
TestDataset/CVC-ColonDB,TestDataset/CVC-ColonDB/images/371.png,TestDataset/CVC-ColonDB,TestDataset/CVC-ColonDB/images/374.png,0,2,10
TestDataset/CVC-ColonDB,TestDataset/CVC-ColonDB/images/371.png,TestDataset/CVC-ColonDB,TestDataset/CVC-ColonDB/images/375.png,0,2,10
TestDataset/CVC-ColonDB,TestDataset/CVC-ColonDB/images/371.png,TestDataset/CVC-ColonDB,TestDataset/CVC-ColonDB/images/376.png,4,5,12
TestDataset/CVC-ColonDB,TestDataset/CVC-ColonDB/images/371.png,TestDataset/CVC-ColonDB,TestDataset/CVC-ColonDB/images/377.png,5,6,12
TestDataset/CVC-ColonDB,TestDataset/CVC-ColonDB/images/371.png,TestDataset/CVC-ColonDB,TestDataset/CVC-ColonDB/images/378.png,5,6,12
TestDataset/CVC-ColonDB,TestDataset/CVC-ColonDB/images/371.png,TestDataset/CVC-ColonDB,TestDataset/CVC-ColonDB/images/379.png,5,6,14
TestDataset/CVC-ColonDB,TestDataset/CVC-ColonDB/images/371.png,TestDataset/CVC-ColonDB,TestDataset/CVC-ColonDB/images/72.png,9,5,8
TestDataset/CVC-ColonDB,TestDataset/CVC-ColonDB/images/372.png,TestDataset/CVC-ColonDB,TestDataset/CVC-ColonDB/images/373.png,0,0,2
TestDataset/CVC-ColonDB,TestDataset/CVC-ColonDB/images/372.png,TestDataset/CVC-ColonDB,TestDataset/CVC-ColonDB/images/374.png,0,2,8
TestDataset/CVC-ColonDB,TestDataset/CVC-ColonDB/images/372.png,TestDataset/CVC-ColonDB,TestDataset/CVC-ColonDB/images/375.png,0,2,10
TestDataset/CVC-ColonDB,TestDataset/CVC-ColonDB/images/372.png,TestDataset/CVC-ColonDB,TestDataset/CVC-ColonDB/images/376.png,4,5,12
TestDataset/CVC-ColonDB,TestDataset/CVC-ColonDB/images/372.png,TestDataset/CVC-ColonDB,TestDataset/CVC-ColonDB/images/377.png,5,6,12
TestDataset/CVC-ColonDB,TestDataset/CVC-ColonDB/images/372.png,TestDataset/CVC-ColonDB,TestDataset/CVC-ColonDB/images/378.png,5,6,14
TestDataset/CVC-ColonDB,TestDataset/CVC-ColonDB/images/372.png,TestDataset/CVC-ColonDB,TestDataset/CVC-ColonDB/images/379.png,5,6,14
TestDataset/CVC-ColonDB,TestDataset/CVC-ColonDB/images/372.png,TestDataset/CVC-ColonDB,TestDataset/CVC-ColonDB/images/72.png,9,5,8
TestDataset/CVC-ColonDB,TestDataset/CVC-ColonDB/images/373.png,TestDataset/CVC-ColonDB,TestDataset/CVC-ColonDB/images/374.png,0,2,6
TestDataset/CVC-ColonDB,TestDataset/CVC-ColonDB/images/373.png,TestDataset/CVC-ColonDB,TestDataset/CVC-ColonDB/images/375.png,0,2,8
TestDataset/CVC-ColonDB,TestDataset/CVC-ColonDB/images/373.png,TestDataset/CVC-ColonDB,TestDataset/CVC-ColonDB/images/376.png,4,5,10
TestDataset/CVC-ColonDB,TestDataset/CVC-ColonDB/images/373.png,TestDataset/CVC-ColonDB,TestDataset/CVC-ColonDB/images/377.png,5,6,10
TestDataset/CVC-ColonDB,TestDataset/CVC-ColonDB/images/373.png,TestDataset/CVC-ColonDB,TestDataset/CVC-ColonDB/images/378.png,5,6,14
TestDataset/CVC-ColonDB,TestDataset/CVC-ColonDB/images/373.png,TestDataset/CVC-ColonDB,TestDataset/CVC-ColonDB/images/379.png,5,6,16
TestDataset/CVC-ColonDB,TestDataset/CVC-ColonDB/images/373.png,TestDataset/CVC-ColonDB,TestDataset/CVC-ColonDB/images/72.png,9,5,6
TestDataset/CVC-ColonDB,TestDataset/CVC-ColonDB/images/374.png,TestDataset/CVC-ColonDB,TestDataset/CVC-ColonDB/images/375.png,0,0,6
TestDataset/CVC-ColonDB,TestDataset/CVC-ColonDB/images/374.png,TestDataset/CVC-ColonDB,TestDataset/CVC-ColonDB/images/376.png,4,5,10
TestDataset/CVC-ColonDB,TestDataset/CVC-ColonDB/images/374.png,TestDataset/CVC-ColonDB,TestDataset/CVC-ColonDB/images/377.png,5,6,10
TestDataset/CVC-ColonDB,TestDataset/CVC-ColonDB/images/374.png,TestDataset/CVC-ColonDB,TestDataset/CVC-ColonDB/images/378.png,5,6,16
TestDataset/CVC-ColonDB,TestDataset/CVC-ColonDB/images/374.png,TestDataset/CVC-ColonDB,TestDataset/CVC-ColonDB/images/379.png,5,4,14
TestDataset/CVC-ColonDB,TestDataset/CVC-ColonDB/images/374.png,TestDataset/CVC-ColonDB,TestDataset/CVC-ColonDB/images/72.png,9,7,8
TestDataset/CVC-ColonDB,TestDataset/CVC-ColonDB/images/375.png,TestDataset/CVC-ColonDB,TestDataset/CVC-ColonDB/images/376.png,4,5,4
TestDataset/CVC-ColonDB,TestDataset/CVC-ColonDB/images/375.png,TestDataset/CVC-ColonDB,TestDataset/CVC-ColonDB/images/377.png,5,6,10
TestDataset/CVC-ColonDB,TestDataset/CVC-ColonDB/images/375.png,TestDataset/CVC-ColonDB,TestDataset/CVC-ColonDB/images/378.png,5,6,16
TestDataset/CVC-ColonDB,TestDataset/CVC-ColonDB/images/375.png,TestDataset/CVC-ColonDB,TestDataset/CVC-ColonDB/images/379.png,5,4,18
TestDataset/CVC-ColonDB,TestDataset/CVC-ColonDB/images/376.png,TestDataset/CVC-ColonDB,TestDataset/CVC-ColonDB/images/377.png,1,5,6
TestDataset/CVC-ColonDB,TestDataset/CVC-ColonDB/images/376.png,TestDataset/CVC-ColonDB,TestDataset/CVC-ColonDB/images/378.png,1,5,14
TestDataset/CVC-ColonDB,TestDataset/CVC-ColonDB/images/376.png,TestDataset/CVC-ColonDB,TestDataset/CVC-ColonDB/images/379.png,3,5,22
TestDataset/CVC-ColonDB,TestDataset/CVC-ColonDB/images/377.png,TestDataset/CVC-ColonDB,TestDataset/CVC-ColonDB/images/378.png,0,2,8
TestDataset/CVC-ColonDB,TestDataset/CVC-ColonDB/images/377.png,TestDataset/CVC-ColonDB,TestDataset/CVC-ColonDB/images/379.png,2,6,20
TestDataset/CVC-ColonDB,TestDataset/CVC-ColonDB/images/378.png,TestDataset/CVC-ColonDB,TestDataset/CVC-ColonDB/images/379.png,2,4,16
TestDataset/CVC-ColonDB,TestDataset/CVC-ColonDB/images/39.png,TestDataset/CVC-ColonDB,TestDataset/CVC-ColonDB/images/40.png,1,8,16
TestDataset/CVC-ColonDB,TestDataset/CVC-ColonDB/images/40.png,TestDataset/CVC-ColonDB,TestDataset/CVC-ColonDB/images/5.png,7,8,18
TestDataset/CVC-ColonDB,TestDataset/CVC-ColonDB/images/41.png,TestDataset/CVC-ColonDB,TestDataset/CVC-ColonDB/images/45.png,3,8,14
TestDataset/CVC-ColonDB,TestDataset/CVC-ColonDB/images/41.png,TestDataset/CVC-ColonDB,TestDataset/CVC-ColonDB/images/47.png,2,7,16
TestDataset/CVC-ColonDB,TestDataset/CVC-ColonDB/images/41.png,TestDataset/CVC-ColonDB,TestDataset/CVC-ColonDB/images/52.png,3,6,12
TestDataset/CVC-ColonDB,TestDataset/CVC-ColonDB/images/41.png,TestDataset/CVC-ColonDB,TestDataset/CVC-ColonDB/images/59.png,2,7,12
TestDataset/CVC-ColonDB,TestDataset/CVC-ColonDB/images/42.png,TestDataset/CVC-ColonDB,TestDataset/CVC-ColonDB/images/53.png,2,3,8
TestDataset/CVC-ColonDB,TestDataset/CVC-ColonDB/images/43.png,TestDataset/CVC-ColonDB,TestDataset/CVC-ColonDB/images/47.png,2,7,18
TestDataset/CVC-ColonDB,TestDataset/CVC-ColonDB/images/43.png,TestDataset/CVC-ColonDB,TestDataset/CVC-ColonDB/images/49.png,4,5,16
TestDataset/CVC-ColonDB,TestDataset/CVC-ColonDB/images/44.png,TestDataset/CVC-ColonDB,TestDataset/CVC-ColonDB/images/55.png,1,0,4
TestDataset/CVC-ColonDB,TestDataset/CVC-ColonDB/images/44.png,TestDataset/CVC-ColonDB,TestDataset/CVC-ColonDB/images/60.png,4,8,20
TestDataset/CVC-ColonDB,TestDataset/CVC-ColonDB/images/45.png,TestDataset/CVC-ColonDB,TestDataset/CVC-ColonDB/images/47.png,1,7,12
TestDataset/CVC-ColonDB,TestDataset/CVC-ColonDB/images/45.png,TestDataset/CVC-ColonDB,TestDataset/CVC-ColonDB/images/48.png,1,7,6
TestDataset/CVC-ColonDB,TestDataset/CVC-ColonDB/images/45.png,TestDataset/CVC-ColonDB,TestDataset/CVC-ColonDB/images/52.png,4,6,12
TestDataset/CVC-ColonDB,TestDataset/CVC-ColonDB/images/45.png,TestDataset/CVC-ColonDB,TestDataset/CVC-ColonDB/images/57.png,1,6,18
TestDataset/CVC-ColonDB,TestDataset/CVC-ColonDB/images/45.png,TestDataset/CVC-ColonDB,TestDataset/CVC-ColonDB/images/58.png,0,9,8
TestDataset/CVC-ColonDB,TestDataset/CVC-ColonDB/images/45.png,TestDataset/CVC-ColonDB,TestDataset/CVC-ColonDB/images/59.png,1,3,4
TestDataset/CVC-ColonDB,TestDataset/CVC-ColonDB/images/45.png,TestDataset/CVC-ColonDB,TestDataset/CVC-ColonDB/images/60.png,2,8,12
TestDataset/CVC-ColonDB,TestDataset/CVC-ColonDB/images/46.png,TestDataset/CVC-ColonDB,TestDataset/CVC-ColonDB/images/48.png,1,7,10
TestDataset/CVC-ColonDB,TestDataset/CVC-ColonDB/images/46.png,TestDataset/CVC-ColonDB,TestDataset/CVC-ColonDB/images/57.png,1,8,14
TestDataset/CVC-ColonDB,TestDataset/CVC-ColonDB/images/47.png,TestDataset/CVC-ColonDB,TestDataset/CVC-ColonDB/images/48.png,2,8,6
TestDataset/CVC-ColonDB,TestDataset/CVC-ColonDB/images/47.png,TestDataset/CVC-ColonDB,TestDataset/CVC-ColonDB/images/49.png,2,8,20
TestDataset/CVC-ColonDB,TestDataset/CVC-ColonDB/images/47.png,TestDataset/CVC-ColonDB,TestDataset/CVC-ColonDB/images/52.png,3,5,10
TestDataset/CVC-ColonDB,TestDataset/CVC-ColonDB/images/47.png,TestDataset/CVC-ColonDB,TestDataset/CVC-ColonDB/images/54.png,7,7,18
TestDataset/CVC-ColonDB,TestDataset/CVC-ColonDB/images/47.png,TestDataset/CVC-ColonDB,TestDataset/CVC-ColonDB/images/59.png,2,6,10
TestDataset/CVC-ColonDB,TestDataset/CVC-ColonDB/images/48.png,TestDataset/CVC-ColonDB,TestDataset/CVC-ColonDB/images/57.png,0,5,18
TestDataset/CVC-ColonDB,TestDataset/CVC-ColonDB/images/48.png,TestDataset/CVC-ColonDB,TestDataset/CVC-ColonDB/images/59.png,0,4,6
TestDataset/CVC-ColonDB,TestDataset/CVC-ColonDB/images/48.png,TestDataset/CVC-ColonDB,TestDataset/CVC-ColonDB/images/60.png,1,7,10
TestDataset/CVC-ColonDB,TestDataset/CVC-ColonDB/images/5.png,TestDataset/CVC-ColonDB,TestDataset/CVC-ColonDB/images/58.png,8,8,24
TestDataset/CVC-ColonDB,TestDataset/CVC-ColonDB/images/52.png,TestDataset/CVC-ColonDB,TestDataset/CVC-ColonDB/images/54.png,4,8,14
TestDataset/CVC-ColonDB,TestDataset/CVC-ColonDB/images/52.png,TestDataset/CVC-ColonDB,TestDataset/CVC-ColonDB/images/59.png,5,5,12
TestDataset/CVC-ColonDB,TestDataset/CVC-ColonDB/images/55.png,TestDataset/CVC-ColonDB,TestDataset/CVC-ColonDB/images/60.png,3,8,22
TestDataset/CVC-ColonDB,TestDataset/CVC-ColonDB/images/57.png,TestDataset/CVC-ColonDB,TestDataset/CVC-ColonDB/images/59.png,0,5,14
TestDataset/CVC-ColonDB,TestDataset/CVC-ColonDB/images/57.png,TestDataset/CVC-ColonDB,TestDataset/CVC-ColonDB/images/60.png,1,6,16
TestDataset/CVC-ColonDB,TestDataset/CVC-ColonDB/images/58.png,TestDataset/CVC-ColonDB,TestDataset/CVC-ColonDB/images/59.png,1,10,6
TestDataset/CVC-ColonDB,TestDataset/CVC-ColonDB/images/6.png,TestDataset/CVC-ColonDB,TestDataset/CVC-ColonDB/images/7.png,4,2,6
TestDataset/CVC-ColonDB,TestDataset/CVC-ColonDB/images/6.png,TestDataset/CVC-ColonDB,TestDataset/CVC-ColonDB/images/8.png,8,6,18
TestDataset/CVC-ColonDB,TestDataset/CVC-ColonDB/images/6.png,TestDataset/CVC-ColonDB,TestDataset/CVC-ColonDB/images/9.png,7,5,20
TestDataset/CVC-ColonDB,TestDataset/CVC-ColonDB/images/63.png,TestDataset/CVC-ColonDB,TestDataset/CVC-ColonDB/images/66.png,5,7,14
TestDataset/CVC-ColonDB,TestDataset/CVC-ColonDB/images/64.png,TestDataset/CVC-ColonDB,TestDataset/CVC-ColonDB/images/76.png,8,11,8
TestDataset/CVC-ColonDB,TestDataset/CVC-ColonDB/images/65.png,TestDataset/CVC-ColonDB,TestDataset/CVC-ColonDB/images/66.png,4,7,16
TestDataset/CVC-ColonDB,TestDataset/CVC-ColonDB/images/66.png,TestDataset/CVC-ColonDB,TestDataset/CVC-ColonDB/images/76.png,4,11,8
TestDataset/CVC-ColonDB,TestDataset/CVC-ColonDB/images/67.png,TestDataset/CVC-ColonDB,TestDataset/CVC-ColonDB/images/68.png,2,7,8
TestDataset/CVC-ColonDB,TestDataset/CVC-ColonDB/images/69.png,TestDataset/CVC-ColonDB,TestDataset/CVC-ColonDB/images/70.png,5,8,8
TestDataset/CVC-ColonDB,TestDataset/CVC-ColonDB/images/7.png,TestDataset/CVC-ColonDB,TestDataset/CVC-ColonDB/images/8.png,6,6,14
TestDataset/CVC-ColonDB,TestDataset/CVC-ColonDB/images/7.png,TestDataset/CVC-ColonDB,TestDataset/CVC-ColonDB/images/9.png,5,5,16
TestDataset/CVC-ColonDB,TestDataset/CVC-ColonDB/images/72.png,TestDataset/CVC-ColonDB,TestDataset/CVC-ColonDB/images/77.png,7,4,16
TestDataset/CVC-ColonDB,TestDataset/CVC-ColonDB/images/72.png,TestDataset/CVC-ColonDB,TestDataset/CVC-ColonDB/images/86.png,5,7,24
TestDataset/CVC-ColonDB,TestDataset/CVC-ColonDB/images/77.png,TestDataset/CVC-ColonDB,TestDataset/CVC-ColonDB/images/78.png,3,0,6
TestDataset/CVC-ColonDB,TestDataset/CVC-ColonDB/images/77.png,TestDataset/CVC-ColonDB,TestDataset/CVC-ColonDB/images/79.png,5,5,12
TestDataset/CVC-ColonDB,TestDataset/CVC-ColonDB/images/77.png,TestDataset/CVC-ColonDB,TestDataset/CVC-ColonDB/images/80.png,4,5,18
TestDataset/CVC-ColonDB,TestDataset/CVC-ColonDB/images/77.png,TestDataset/CVC-ColonDB,TestDataset/CVC-ColonDB/images/81.png,7,6,20
TestDataset/CVC-ColonDB,TestDataset/CVC-ColonDB/images/77.png,TestDataset/CVC-ColonDB,TestDataset/CVC-ColonDB/images/82.png,7,8,22
TestDataset/CVC-ColonDB,TestDataset/CVC-ColonDB/images/77.png,TestDataset/CVC-ColonDB,TestDataset/CVC-ColonDB/images/86.png,4,3,14
TestDataset/CVC-ColonDB,TestDataset/CVC-ColonDB/images/77.png,TestDataset/CVC-ColonDB,TestDataset/CVC-ColonDB/images/87.png,2,6,10
TestDataset/CVC-ColonDB,TestDataset/CVC-ColonDB/images/77.png,TestDataset/CVC-ColonDB,TestDataset/CVC-ColonDB/images/88.png,6,7,14
TestDataset/CVC-ColonDB,TestDataset/CVC-ColonDB/images/77.png,TestDataset/CVC-ColonDB,TestDataset/CVC-ColonDB/images/90.png,5,4,10
TestDataset/CVC-ColonDB,TestDataset/CVC-ColonDB/images/77.png,TestDataset/CVC-ColonDB,TestDataset/CVC-ColonDB/images/95.png,6,5,18
TestDataset/CVC-ColonDB,TestDataset/CVC-ColonDB/images/77.png,TestDataset/CVC-ColonDB,TestDataset/CVC-ColonDB/images/96.png,6,4,20
TestDataset/CVC-ColonDB,TestDataset/CVC-ColonDB/images/77.png,TestDataset/CVC-ColonDB,TestDataset/CVC-ColonDB/images/97.png,8,4,18
TestDataset/CVC-ColonDB,TestDataset/CVC-ColonDB/images/78.png,TestDataset/CVC-ColonDB,TestDataset/CVC-ColonDB/images/79.png,4,5,10
TestDataset/CVC-ColonDB,TestDataset/CVC-ColonDB/images/78.png,TestDataset/CVC-ColonDB,TestDataset/CVC-ColonDB/images/80.png,3,5,16
TestDataset/CVC-ColonDB,TestDataset/CVC-ColonDB/images/78.png,TestDataset/CVC-ColonDB,TestDataset/CVC-ColonDB/images/81.png,6,6,18
TestDataset/CVC-ColonDB,TestDataset/CVC-ColonDB/images/78.png,TestDataset/CVC-ColonDB,TestDataset/CVC-ColonDB/images/82.png,4,8,18
TestDataset/CVC-ColonDB,TestDataset/CVC-ColonDB/images/78.png,TestDataset/CVC-ColonDB,TestDataset/CVC-ColonDB/images/84.png,6,7,20
TestDataset/CVC-ColonDB,TestDataset/CVC-ColonDB/images/78.png,TestDataset/CVC-ColonDB,TestDataset/CVC-ColonDB/images/86.png,7,3,16
TestDataset/CVC-ColonDB,TestDataset/CVC-ColonDB/images/78.png,TestDataset/CVC-ColonDB,TestDataset/CVC-ColonDB/images/87.png,3,6,10
TestDataset/CVC-ColonDB,TestDataset/CVC-ColonDB/images/78.png,TestDataset/CVC-ColonDB,TestDataset/CVC-ColonDB/images/88.png,5,7,16
TestDataset/CVC-ColonDB,TestDataset/CVC-ColonDB/images/78.png,TestDataset/CVC-ColonDB,TestDataset/CVC-ColonDB/images/90.png,2,4,10
TestDataset/CVC-ColonDB,TestDataset/CVC-ColonDB/images/78.png,TestDataset/CVC-ColonDB,TestDataset/CVC-ColonDB/images/94.png,6,8,22
TestDataset/CVC-ColonDB,TestDataset/CVC-ColonDB/images/78.png,TestDataset/CVC-ColonDB,TestDataset/CVC-ColonDB/images/95.png,5,5,20
TestDataset/CVC-ColonDB,TestDataset/CVC-ColonDB/images/78.png,TestDataset/CVC-ColonDB,TestDataset/CVC-ColonDB/images/96.png,3,4,18
TestDataset/CVC-ColonDB,TestDataset/CVC-ColonDB/images/78.png,TestDataset/CVC-ColonDB,TestDataset/CVC-ColonDB/images/97.png,7,4,20
TestDataset/CVC-ColonDB,TestDataset/CVC-ColonDB/images/79.png,TestDataset/CVC-ColonDB,TestDataset/CVC-ColonDB/images/80.png,5,8,16
TestDataset/CVC-ColonDB,TestDataset/CVC-ColonDB/images/79.png,TestDataset/CVC-ColonDB,TestDataset/CVC-ColonDB/images/81.png,6,7,20
TestDataset/CVC-ColonDB,TestDataset/CVC-ColonDB/images/79.png,TestDataset/CVC-ColonDB,TestDataset/CVC-ColonDB/images/87.png,5,7,16
TestDataset/CVC-ColonDB,TestDataset/CVC-ColonDB/images/79.png,TestDataset/CVC-ColonDB,TestDataset/CVC-ColonDB/images/88.png,7,8,20
TestDataset/CVC-ColonDB,TestDataset/CVC-ColonDB/images/79.png,TestDataset/CVC-ColonDB,TestDataset/CVC-ColonDB/images/90.png,6,7,14
TestDataset/CVC-ColonDB,TestDataset/CVC-ColonDB/images/79.png,TestDataset/CVC-ColonDB,TestDataset/CVC-ColonDB/images/96.png,7,7,18
TestDataset/CVC-ColonDB,TestDataset/CVC-ColonDB/images/8.png,TestDataset/CVC-ColonDB,TestDataset/CVC-ColonDB/images/9.png,3,3,8
TestDataset/CVC-ColonDB,TestDataset/CVC-ColonDB/images/80.png,TestDataset/CVC-ColonDB,TestDataset/CVC-ColonDB/images/81.png,3,3,12
TestDataset/CVC-ColonDB,TestDataset/CVC-ColonDB/images/80.png,TestDataset/CVC-ColonDB,TestDataset/CVC-ColonDB/images/86.png,4,4,10
TestDataset/CVC-ColonDB,TestDataset/CVC-ColonDB/images/80.png,TestDataset/CVC-ColonDB,TestDataset/CVC-ColonDB/images/88.png,4,8,16
TestDataset/CVC-ColonDB,TestDataset/CVC-ColonDB/images/80.png,TestDataset/CVC-ColonDB,TestDataset/CVC-ColonDB/images/90.png,5,7,20
TestDataset/CVC-ColonDB,TestDataset/CVC-ColonDB/images/80.png,TestDataset/CVC-ColonDB,TestDataset/CVC-ColonDB/images/95.png,8,8,16
TestDataset/CVC-ColonDB,TestDataset/CVC-ColonDB/images/80.png,TestDataset/CVC-ColonDB,TestDataset/CVC-ColonDB/images/96.png,6,7,14
TestDataset/CVC-ColonDB,TestDataset/CVC-ColonDB/images/81.png,TestDataset/CVC-ColonDB,TestDataset/CVC-ColonDB/images/86.png,7,5,14
TestDataset/CVC-ColonDB,TestDataset/CVC-ColonDB/images/81.png,TestDataset/CVC-ColonDB,TestDataset/CVC-ColonDB/images/87.png,7,8,16
TestDataset/CVC-ColonDB,TestDataset/CVC-ColonDB/images/81.png,TestDataset/CVC-ColonDB,TestDataset/CVC-ColonDB/images/88.png,7,7,18
TestDataset/CVC-ColonDB,TestDataset/CVC-ColonDB/images/81.png,TestDataset/CVC-ColonDB,TestDataset/CVC-ColonDB/images/90.png,8,8,18
TestDataset/CVC-ColonDB,TestDataset/CVC-ColonDB/images/82.png,TestDataset/CVC-ColonDB,TestDataset/CVC-ColonDB/images/84.png,4,1,8
TestDataset/CVC-ColonDB,TestDataset/CVC-ColonDB/images/82.png,TestDataset/CVC-ColonDB,TestDataset/CVC-ColonDB/images/94.png,6,2,6
TestDataset/CVC-ColonDB,TestDataset/CVC-ColonDB/images/83.png,TestDataset/CVC-ColonDB,TestDataset/CVC-ColonDB/images/94.png,8,8,14
TestDataset/CVC-ColonDB,TestDataset/CVC-ColonDB/images/84.png,TestDataset/CVC-ColonDB,TestDataset/CVC-ColonDB/images/94.png,2,3,10
TestDataset/CVC-ColonDB,TestDataset/CVC-ColonDB/images/86.png,TestDataset/CVC-ColonDB,TestDataset/CVC-ColonDB/images/87.png,6,5,10
TestDataset/CVC-ColonDB,TestDataset/CVC-ColonDB/images/86.png,TestDataset/CVC-ColonDB,TestDataset/CVC-ColonDB/images/88.png,8,6,8
TestDataset/CVC-ColonDB,TestDataset/CVC-ColonDB/images/87.png,TestDataset/CVC-ColonDB,TestDataset/CVC-ColonDB/images/88.png,4,5,10
TestDataset/CVC-ColonDB,TestDataset/CVC-ColonDB/images/87.png,TestDataset/CVC-ColonDB,TestDataset/CVC-ColonDB/images/90.png,3,4,6
TestDataset/CVC-ColonDB,TestDataset/CVC-ColonDB/images/87.png,TestDataset/CVC-ColonDB,TestDataset/CVC-ColonDB/images/96.png,6,8,18
TestDataset/CVC-ColonDB,TestDataset/CVC-ColonDB/images/88.png,TestDataset/CVC-ColonDB,TestDataset/CVC-ColonDB/images/90.png,3,5,10
TestDataset/CVC-ColonDB,TestDataset/CVC-ColonDB/images/90.png,TestDataset/CVC-ColonDB,TestDataset/CVC-ColonDB/images/91.png,6,13,8
TestDataset/CVC-ColonDB,TestDataset/CVC-ColonDB/images/90.png,TestDataset/CVC-ColonDB,TestDataset/CVC-ColonDB/images/95.png,5,7,14
TestDataset/CVC-ColonDB,TestDataset/CVC-ColonDB/images/90.png,TestDataset/CVC-ColonDB,TestDataset/CVC-ColonDB/images/96.png,3,6,14
TestDataset/CVC-ColonDB,TestDataset/CVC-ColonDB/images/90.png,TestDataset/CVC-ColonDB,TestDataset/CVC-ColonDB/images/97.png,7,6,12
TestDataset/CVC-ColonDB,TestDataset/CVC-ColonDB/images/94.png,TestDataset/CVC-ColonDB,TestDataset/CVC-ColonDB/images/97.png,7,8,20
TestDataset/CVC-ColonDB,TestDataset/CVC-ColonDB/images/95.png,TestDataset/CVC-ColonDB,TestDataset/CVC-ColonDB/images/96.png,2,1,6
TestDataset/CVC-ColonDB,TestDataset/CVC-ColonDB/images/95.png,TestDataset/CVC-ColonDB,TestDataset/CVC-ColonDB/images/97.png,2,5,10
TestDataset/CVC-ColonDB,TestDataset/CVC-ColonDB/images/96.png,TestDataset/CVC-ColonDB,TestDataset/CVC-ColonDB/images/97.png,4,4,14
TestDataset/CVC-ColonDB,TestDataset/CVC-ColonDB/images/98.png,TestDataset/CVC-ColonDB,TestDataset/CVC-ColonDB/images/99.png,7,10,8
TestDataset/CVC-ColonDB,TestDataset/CVC-ColonDB/images/363.png,TestDataset/ETIS-LaribPolypDB,TestDataset/ETIS-LaribPolypDB/images/15.png,7,7,22
TestDataset/CVC-ColonDB,TestDataset/CVC-ColonDB/images/364.png,TestDataset/ETIS-LaribPolypDB,TestDataset/ETIS-LaribPolypDB/images/15.png,7,8,22
TestDataset/CVC-ColonDB,TestDataset/CVC-ColonDB/images/364.png,TestDataset/ETIS-LaribPolypDB,TestDataset/ETIS-LaribPolypDB/images/60.png,7,6,22
TestDataset/CVC-ColonDB,TestDataset/CVC-ColonDB/images/365.png,TestDataset/ETIS-LaribPolypDB,TestDataset/ETIS-LaribPolypDB/images/60.png,7,5,24
TestDataset/CVC-ColonDB,TestDataset/CVC-ColonDB/images/366.png,TestDataset/ETIS-LaribPolypDB,TestDataset/ETIS-LaribPolypDB/images/17.png,8,8,24
TestDataset/CVC-ColonDB,TestDataset/CVC-ColonDB/images/366.png,TestDataset/ETIS-LaribPolypDB,TestDataset/ETIS-LaribPolypDB/images/60.png,6,5,24
TestDataset/CVC-ColonDB,TestDataset/CVC-ColonDB/images/367.png,TestDataset/ETIS-LaribPolypDB,TestDataset/ETIS-LaribPolypDB/images/15.png,6,8,22
TestDataset/CVC-ColonDB,TestDataset/CVC-ColonDB/images/367.png,TestDataset/ETIS-LaribPolypDB,TestDataset/ETIS-LaribPolypDB/images/17.png,8,7,26
TestDataset/CVC-ColonDB,TestDataset/CVC-ColonDB/images/367.png,TestDataset/ETIS-LaribPolypDB,TestDataset/ETIS-LaribPolypDB/images/60.png,6,6,20
TestDataset/CVC-ColonDB,TestDataset/CVC-ColonDB/images/368.png,TestDataset/ETIS-LaribPolypDB,TestDataset/ETIS-LaribPolypDB/images/15.png,4,8,22
TestDataset/CVC-ColonDB,TestDataset/CVC-ColonDB/images/368.png,TestDataset/ETIS-LaribPolypDB,TestDataset/ETIS-LaribPolypDB/images/17.png,8,7,26
TestDataset/CVC-ColonDB,TestDataset/CVC-ColonDB/images/368.png,TestDataset/ETIS-LaribPolypDB,TestDataset/ETIS-LaribPolypDB/images/60.png,6,6,22
TestDataset/CVC-ColonDB,TestDataset/CVC-ColonDB/images/369.png,TestDataset/ETIS-LaribPolypDB,TestDataset/ETIS-LaribPolypDB/images/15.png,4,7,22
TestDataset/CVC-ColonDB,TestDataset/CVC-ColonDB/images/369.png,TestDataset/ETIS-LaribPolypDB,TestDataset/ETIS-LaribPolypDB/images/17.png,8,6,30
TestDataset/CVC-ColonDB,TestDataset/CVC-ColonDB/images/369.png,TestDataset/ETIS-LaribPolypDB,TestDataset/ETIS-LaribPolypDB/images/60.png,6,5,22
TestDataset/CVC-ColonDB,TestDataset/CVC-ColonDB/images/370.png,TestDataset/ETIS-LaribPolypDB,TestDataset/ETIS-LaribPolypDB/images/15.png,4,7,22
TestDataset/CVC-ColonDB,TestDataset/CVC-ColonDB/images/370.png,TestDataset/ETIS-LaribPolypDB,TestDataset/ETIS-LaribPolypDB/images/17.png,8,6,26
TestDataset/CVC-ColonDB,TestDataset/CVC-ColonDB/images/370.png,TestDataset/ETIS-LaribPolypDB,TestDataset/ETIS-LaribPolypDB/images/60.png,6,5,22
TestDataset/CVC-ColonDB,TestDataset/CVC-ColonDB/images/371.png,TestDataset/ETIS-LaribPolypDB,TestDataset/ETIS-LaribPolypDB/images/15.png,3,7,20
TestDataset/CVC-ColonDB,TestDataset/CVC-ColonDB/images/371.png,TestDataset/ETIS-LaribPolypDB,TestDataset/ETIS-LaribPolypDB/images/17.png,7,6,30
TestDataset/CVC-ColonDB,TestDataset/CVC-ColonDB/images/371.png,TestDataset/ETIS-LaribPolypDB,TestDataset/ETIS-LaribPolypDB/images/60.png,7,5,22
TestDataset/CVC-ColonDB,TestDataset/CVC-ColonDB/images/372.png,TestDataset/ETIS-LaribPolypDB,TestDataset/ETIS-LaribPolypDB/images/15.png,3,7,22
TestDataset/CVC-ColonDB,TestDataset/CVC-ColonDB/images/372.png,TestDataset/ETIS-LaribPolypDB,TestDataset/ETIS-LaribPolypDB/images/17.png,7,6,30
TestDataset/CVC-ColonDB,TestDataset/CVC-ColonDB/images/372.png,TestDataset/ETIS-LaribPolypDB,TestDataset/ETIS-LaribPolypDB/images/60.png,7,5,22
TestDataset/CVC-ColonDB,TestDataset/CVC-ColonDB/images/373.png,TestDataset/ETIS-LaribPolypDB,TestDataset/ETIS-LaribPolypDB/images/15.png,3,7,22
TestDataset/CVC-ColonDB,TestDataset/CVC-ColonDB/images/373.png,TestDataset/ETIS-LaribPolypDB,TestDataset/ETIS-LaribPolypDB/images/17.png,7,6,28
TestDataset/CVC-ColonDB,TestDataset/CVC-ColonDB/images/373.png,TestDataset/ETIS-LaribPolypDB,TestDataset/ETIS-LaribPolypDB/images/60.png,7,5,20
TestDataset/CVC-ColonDB,TestDataset/CVC-ColonDB/images/374.png,TestDataset/ETIS-LaribPolypDB,TestDataset/ETIS-LaribPolypDB/images/17.png,7,6,30
TestDataset/CVC-ColonDB,TestDataset/CVC-ColonDB/images/374.png,TestDataset/ETIS-LaribPolypDB,TestDataset/ETIS-LaribPolypDB/images/60.png,7,5,22
TestDataset/CVC-ColonDB,TestDataset/CVC-ColonDB/images/375.png,TestDataset/ETIS-LaribPolypDB,TestDataset/ETIS-LaribPolypDB/images/17.png,7,6,26
TestDataset/CVC-ColonDB,TestDataset/CVC-ColonDB/images/375.png,TestDataset/ETIS-LaribPolypDB,TestDataset/ETIS-LaribPolypDB/images/60.png,7,5,18
TestDataset/CVC-ColonDB,TestDataset/CVC-ColonDB/images/377.png,TestDataset/ETIS-LaribPolypDB,TestDataset/ETIS-LaribPolypDB/images/15.png,6,7,22
TestDataset/CVC-ColonDB,TestDataset/CVC-ColonDB/images/377.png,TestDataset/ETIS-LaribPolypDB,TestDataset/ETIS-LaribPolypDB/images/17.png,8,6,26
TestDataset/CVC-ColonDB,TestDataset/CVC-ColonDB/images/378.png,TestDataset/ETIS-LaribPolypDB,TestDataset/ETIS-LaribPolypDB/images/15.png,6,7,22
TestDataset/CVC-ColonDB,TestDataset/CVC-ColonDB/images/378.png,TestDataset/ETIS-LaribPolypDB,TestDataset/ETIS-LaribPolypDB/images/17.png,8,6,26
TestDataset/CVC-ColonDB,TestDataset/CVC-ColonDB/images/379.png,TestDataset/ETIS-LaribPolypDB,TestDataset/ETIS-LaribPolypDB/images/17.png,6,8,24
TestDataset/CVC-ColonDB,TestDataset/CVC-ColonDB/images/206.png,TrainDataset,TrainDataset/images/462.png,4,8,14
TestDataset/CVC-ColonDB,TestDataset/CVC-ColonDB/images/208.png,TrainDataset,TrainDataset/images/330.png,8,8,16
TestDataset/CVC-ColonDB,TestDataset/CVC-ColonDB/images/210.png,TrainDataset,TrainDataset/images/cju2p4ddkmzxj0993p94o62av.png,5,8,20
TestDataset/CVC-ColonDB,TestDataset/CVC-ColonDB/images/212.png,TrainDataset,TrainDataset/images/146.png,8,7,18
TestDataset/CVC-ColonDB,TestDataset/CVC-ColonDB/images/212.png,TrainDataset,TrainDataset/images/331.png,4,13,8
TestDataset/CVC-ColonDB,TestDataset/CVC-ColonDB/images/213.png,TrainDataset,TrainDataset/images/331.png,5,13,8
TestDataset/CVC-ColonDB,TestDataset/CVC-ColonDB/images/217.png,TrainDataset,TrainDataset/images/85.png,4,12,8
TestDataset/CVC-ColonDB,TestDataset/CVC-ColonDB/images/219.png,TrainDataset,TrainDataset/images/153.png,5,8,24
TestDataset/CVC-ColonDB,TestDataset/CVC-ColonDB/images/219.png,TrainDataset,TrainDataset/images/444.png,8,8,18
TestDataset/CVC-ColonDB,TestDataset/CVC-ColonDB/images/226.png,TrainDataset,TrainDataset/images/350.png,14,7,8
TestDataset/CVC-ColonDB,TestDataset/CVC-ColonDB/images/227.png,TrainDataset,TrainDataset/images/230.png,6,8,18
TestDataset/CVC-ColonDB,TestDataset/CVC-ColonDB/images/227.png,TrainDataset,TrainDataset/images/350.png,16,8,8
TestDataset/CVC-ColonDB,TestDataset/CVC-ColonDB/images/227.png,TrainDataset,TrainDataset/images/36.png,8,11,8
TestDataset/CVC-ColonDB,TestDataset/CVC-ColonDB/images/228.png,TrainDataset,TrainDataset/images/350.png,16,6,8
TestDataset/CVC-ColonDB,TestDataset/CVC-ColonDB/images/229.png,TrainDataset,TrainDataset/images/27.png,4,7,10
TestDataset/CVC-ColonDB,TestDataset/CVC-ColonDB/images/229.png,TrainDataset,TrainDataset/images/345.png,8,6,12
TestDataset/CVC-ColonDB,TestDataset/CVC-ColonDB/images/229.png,TrainDataset,TrainDataset/images/359.png,8,7,20
TestDataset/CVC-ColonDB,TestDataset/CVC-ColonDB/images/229.png,TrainDataset,TrainDataset/images/361.png,18,4,8
TestDataset/CVC-ColonDB,TestDataset/CVC-ColonDB/images/229.png,TrainDataset,TrainDataset/images/444.png,3,11,6
TestDataset/CVC-ColonDB,TestDataset/CVC-ColonDB/images/229.png,TrainDataset,TrainDataset/images/83.png,5,6,16
TestDataset/CVC-ColonDB,TestDataset/CVC-ColonDB/images/229.png,TrainDataset,TrainDataset/images/84.png,4,5,16
TestDataset/CVC-ColonDB,TestDataset/CVC-ColonDB/images/229.png,TrainDataset,TrainDataset/images/85.png,3,7,8
TestDataset/CVC-ColonDB,TestDataset/CVC-ColonDB/images/229.png,TrainDataset,TrainDataset/images/86.png,4,6,14
TestDataset/CVC-ColonDB,TestDataset/CVC-ColonDB/images/229.png,TrainDataset,TrainDataset/images/87.png,3,5,10
TestDataset/CVC-ColonDB,TestDataset/CVC-ColonDB/images/229.png,TrainDataset,TrainDataset/images/90.png,4,6,12
TestDataset/CVC-ColonDB,TestDataset/CVC-ColonDB/images/229.png,TrainDataset,TrainDataset/images/91.png,4,4,14
TestDataset/CVC-ColonDB,TestDataset/CVC-ColonDB/images/229.png,TrainDataset,TrainDataset/images/93.png,3,8,18
TestDataset/CVC-ColonDB,TestDataset/CVC-ColonDB/images/229.png,TrainDataset,TrainDataset/images/94.png,2,8,12
TestDataset/CVC-ColonDB,TestDataset/CVC-ColonDB/images/229.png,TrainDataset,TrainDataset/images/95.png,4,7,20
TestDataset/CVC-ColonDB,TestDataset/CVC-ColonDB/images/229.png,TrainDataset,TrainDataset/images/96.png,5,6,18
TestDataset/CVC-ColonDB,TestDataset/CVC-ColonDB/images/230.png,TrainDataset,TrainDataset/images/83.png,5,8,20
TestDataset/CVC-ColonDB,TestDataset/CVC-ColonDB/images/230.png,TrainDataset,TrainDataset/images/84.png,6,7,12
TestDataset/CVC-ColonDB,TestDataset/CVC-ColonDB/images/230.png,TrainDataset,TrainDataset/images/85.png,7,7,16
TestDataset/CVC-ColonDB,TestDataset/CVC-ColonDB/images/230.png,TrainDataset,TrainDataset/images/86.png,6,8,16
TestDataset/CVC-ColonDB,TestDataset/CVC-ColonDB/images/230.png,TrainDataset,TrainDataset/images/87.png,7,7,16
TestDataset/CVC-ColonDB,TestDataset/CVC-ColonDB/images/230.png,TrainDataset,TrainDataset/images/91.png,8,8,16
TestDataset/CVC-ColonDB,TestDataset/CVC-ColonDB/images/230.png,TrainDataset,TrainDataset/images/94.png,8,8,14
TestDataset/CVC-ColonDB,TestDataset/CVC-ColonDB/images/231.png,TrainDataset,TrainDataset/images/83.png,6,8,18
TestDataset/CVC-ColonDB,TestDataset/CVC-ColonDB/images/231.png,TrainDataset,TrainDataset/images/84.png,7,7,18
TestDataset/CVC-ColonDB,TestDataset/CVC-ColonDB/images/231.png,TrainDataset,TrainDataset/images/86.png,7,8,16
TestDataset/CVC-ColonDB,TestDataset/CVC-ColonDB/images/231.png,TrainDataset,TrainDataset/images/91.png,7,8,18
TestDataset/CVC-ColonDB,TestDataset/CVC-ColonDB/images/233.png,TrainDataset,TrainDataset/images/30.png,7,8,10
TestDataset/CVC-ColonDB,TestDataset/CVC-ColonDB/images/233.png,TrainDataset,TrainDataset/images/38.png,8,8,14
TestDataset/CVC-ColonDB,TestDataset/CVC-ColonDB/images/233.png,TrainDataset,TrainDataset/images/43.png,6,8,14
TestDataset/CVC-ColonDB,TestDataset/CVC-ColonDB/images/236.png,TrainDataset,TrainDataset/images/102.png,8,5,16
TestDataset/CVC-ColonDB,TestDataset/CVC-ColonDB/images/236.png,TrainDataset,TrainDataset/images/164.png,6,8,22
TestDataset/CVC-ColonDB,TestDataset/CVC-ColonDB/images/236.png,TrainDataset,TrainDataset/images/242.png,4,5,10
TestDataset/CVC-ColonDB,TestDataset/CVC-ColonDB/images/236.png,TrainDataset,TrainDataset/images/27.png,7,6,12
TestDataset/CVC-ColonDB,TestDataset/CVC-ColonDB/images/236.png,TrainDataset,TrainDataset/images/30.png,2,8,10
TestDataset/CVC-ColonDB,TestDataset/CVC-ColonDB/images/236.png,TrainDataset,TrainDataset/images/36.png,6,7,8
TestDataset/CVC-ColonDB,TestDataset/CVC-ColonDB/images/236.png,TrainDataset,TrainDataset/images/40.png,4,7,14
TestDataset/CVC-ColonDB,TestDataset/CVC-ColonDB/images/236.png,TrainDataset,TrainDataset/images/43.png,3,10,8
TestDataset/CVC-ColonDB,TestDataset/CVC-ColonDB/images/236.png,TrainDataset,TrainDataset/images/443.png,8,8,10
TestDataset/CVC-ColonDB,TestDataset/CVC-ColonDB/images/236.png,TrainDataset,TrainDataset/images/444.png,8,10,6
TestDataset/CVC-ColonDB,TestDataset/CVC-ColonDB/images/236.png,TrainDataset,TrainDataset/images/47.png,4,8,20
TestDataset/CVC-ColonDB,TestDataset/CVC-ColonDB/images/236.png,TrainDataset,TrainDataset/images/86.png,7,7,14
TestDataset/CVC-ColonDB,TestDataset/CVC-ColonDB/images/236.png,TrainDataset,TrainDataset/images/90.png,7,7,12
TestDataset/CVC-ColonDB,TestDataset/CVC-ColonDB/images/236.png,TrainDataset,TrainDataset/images/92.png,12,8,8
TestDataset/CVC-ColonDB,TestDataset/CVC-ColonDB/images/236.png,TrainDataset,TrainDataset/images/95.png,7,8,20
TestDataset/CVC-ColonDB,TestDataset/CVC-ColonDB/images/237.png,TrainDataset,TrainDataset/images/102.png,8,8,16
TestDataset/CVC-ColonDB,TestDataset/CVC-ColonDB/images/237.png,TrainDataset,TrainDataset/images/41.png,7,8,16
TestDataset/CVC-ColonDB,TestDataset/CVC-ColonDB/images/237.png,TrainDataset,TrainDataset/images/83.png,8,8,20
TestDataset/CVC-ColonDB,TestDataset/CVC-ColonDB/images/237.png,TrainDataset,TrainDataset/images/85.png,6,7,14
TestDataset/CVC-ColonDB,TestDataset/CVC-ColonDB/images/237.png,TrainDataset,TrainDataset/images/86.png,7,8,16
TestDataset/CVC-ColonDB,TestDataset/CVC-ColonDB/images/237.png,TrainDataset,TrainDataset/images/93.png,8,6,20
TestDataset/CVC-ColonDB,TestDataset/CVC-ColonDB/images/237.png,TrainDataset,TrainDataset/images/94.png,7,6,14
TestDataset/CVC-ColonDB,TestDataset/CVC-ColonDB/images/237.png,TrainDataset,TrainDataset/images/cju1expq45zst0855rjqwwj4m.png,6,8,32
TestDataset/CVC-ColonDB,TestDataset/CVC-ColonDB/images/237.png,TrainDataset,TrainDataset/images/cju3xtufwiv9c0818djsc4cqd.png,7,8,20
TestDataset/CVC-ColonDB,TestDataset/CVC-ColonDB/images/238.png,TrainDataset,TrainDataset/images/350.png,10,7,6
TestDataset/CVC-ColonDB,TestDataset/CVC-ColonDB/images/238.png,TrainDataset,TrainDataset/images/83.png,6,8,16
TestDataset/CVC-ColonDB,TestDataset/CVC-ColonDB/images/238.png,TrainDataset,TrainDataset/images/86.png,7,8,14
TestDataset/CVC-ColonDB,TestDataset/CVC-ColonDB/images/239.png,TrainDataset,TrainDataset/images/131.png,3,8,18
TestDataset/CVC-ColonDB,TestDataset/CVC-ColonDB/images/239.png,TrainDataset,TrainDataset/images/350.png,12,8,8
TestDataset/CVC-ColonDB,TestDataset/CVC-ColonDB/images/239.png,TrainDataset,TrainDataset/images/cju1expq45zst0855rjqwwj4m.png,6,7,26
TestDataset/CVC-ColonDB,TestDataset/CVC-ColonDB/images/240.png,TrainDataset,TrainDataset/images/36.png,8,14,8
TestDataset/CVC-ColonDB,TestDataset/CVC-ColonDB/images/240.png,TrainDataset,TrainDataset/images/444.png,8,15,6
TestDataset/CVC-ColonDB,TestDataset/CVC-ColonDB/images/242.png,TrainDataset,TrainDataset/images/27.png,8,6,10
TestDataset/CVC-ColonDB,TestDataset/CVC-ColonDB/images/242.png,TrainDataset,TrainDataset/images/43.png,4,8,20
TestDataset/CVC-ColonDB,TestDataset/CVC-ColonDB/images/242.png,TrainDataset,TrainDataset/images/85.png,7,8,18
TestDataset/CVC-ColonDB,TestDataset/CVC-ColonDB/images/242.png,TrainDataset,TrainDataset/images/86.png,8,7,16
TestDataset/CVC-ColonDB,TestDataset/CVC-ColonDB/images/242.png,TrainDataset,TrainDataset/images/90.png,8,7,14
TestDataset/CVC-ColonDB,TestDataset/CVC-ColonDB/images/242.png,TrainDataset,TrainDataset/images/95.png,8,8,22
TestDataset/CVC-ColonDB,TestDataset/CVC-ColonDB/images/244.png,TrainDataset,TrainDataset/images/68.png,2,13,8
TestDataset/CVC-ColonDB,TestDataset/CVC-ColonDB/images/245.png,TrainDataset,TrainDataset/images/27.png,8,6,10
TestDataset/CVC-ColonDB,TestDataset/CVC-ColonDB/images/245.png,TrainDataset,TrainDataset/images/43.png,4,8,20
TestDataset/CVC-ColonDB,TestDataset/CVC-ColonDB/images/245.png,TrainDataset,TrainDataset/images/85.png,7,8,18
TestDataset/CVC-ColonDB,TestDataset/CVC-ColonDB/images/245.png,TrainDataset,TrainDataset/images/86.png,8,7,16
TestDataset/CVC-ColonDB,TestDataset/CVC-ColonDB/images/245.png,TrainDataset,TrainDataset/images/90.png,8,7,14
TestDataset/CVC-ColonDB,TestDataset/CVC-ColonDB/images/245.png,TrainDataset,TrainDataset/images/95.png,8,8,22
TestDataset/CVC-ColonDB,TestDataset/CVC-ColonDB/images/247.png,TrainDataset,TrainDataset/images/68.png,2,13,8
TestDataset/CVC-ColonDB,TestDataset/CVC-ColonDB/images/248.png,TrainDataset,TrainDataset/images/27.png,8,6,10
TestDataset/CVC-ColonDB,TestDataset/CVC-ColonDB/images/248.png,TrainDataset,TrainDataset/images/43.png,4,8,20
TestDataset/CVC-ColonDB,TestDataset/CVC-ColonDB/images/248.png,TrainDataset,TrainDataset/images/85.png,7,8,18
TestDataset/CVC-ColonDB,TestDataset/CVC-ColonDB/images/248.png,TrainDataset,TrainDataset/images/86.png,8,7,16
TestDataset/CVC-ColonDB,TestDataset/CVC-ColonDB/images/248.png,TrainDataset,TrainDataset/images/90.png,8,7,14
TestDataset/CVC-ColonDB,TestDataset/CVC-ColonDB/images/248.png,TrainDataset,TrainDataset/images/95.png,8,8,22
TestDataset/CVC-ColonDB,TestDataset/CVC-ColonDB/images/250.png,TrainDataset,TrainDataset/images/68.png,2,13,8
TestDataset/CVC-ColonDB,TestDataset/CVC-ColonDB/images/251.png,TrainDataset,TrainDataset/images/27.png,8,6,10
TestDataset/CVC-ColonDB,TestDataset/CVC-ColonDB/images/251.png,TrainDataset,TrainDataset/images/43.png,4,8,20
TestDataset/CVC-ColonDB,TestDataset/CVC-ColonDB/images/251.png,TrainDataset,TrainDataset/images/85.png,7,8,18
TestDataset/CVC-ColonDB,TestDataset/CVC-ColonDB/images/251.png,TrainDataset,TrainDataset/images/86.png,8,7,16
TestDataset/CVC-ColonDB,TestDataset/CVC-ColonDB/images/251.png,TrainDataset,TrainDataset/images/90.png,8,7,14
TestDataset/CVC-ColonDB,TestDataset/CVC-ColonDB/images/251.png,TrainDataset,TrainDataset/images/95.png,8,8,22
TestDataset/CVC-ColonDB,TestDataset/CVC-ColonDB/images/253.png,TrainDataset,TrainDataset/images/68.png,2,13,8
TestDataset/CVC-ColonDB,TestDataset/CVC-ColonDB/images/254.png,TrainDataset,TrainDataset/images/27.png,8,6,10
TestDataset/CVC-ColonDB,TestDataset/CVC-ColonDB/images/254.png,TrainDataset,TrainDataset/images/43.png,4,8,20
TestDataset/CVC-ColonDB,TestDataset/CVC-ColonDB/images/254.png,TrainDataset,TrainDataset/images/85.png,7,8,18
TestDataset/CVC-ColonDB,TestDataset/CVC-ColonDB/images/254.png,TrainDataset,TrainDataset/images/86.png,8,7,16
TestDataset/CVC-ColonDB,TestDataset/CVC-ColonDB/images/254.png,TrainDataset,TrainDataset/images/90.png,8,7,14
TestDataset/CVC-ColonDB,TestDataset/CVC-ColonDB/images/254.png,TrainDataset,TrainDataset/images/95.png,8,8,22
TestDataset/CVC-ColonDB,TestDataset/CVC-ColonDB/images/256.png,TrainDataset,TrainDataset/images/68.png,2,13,8
TestDataset/CVC-ColonDB,TestDataset/CVC-ColonDB/images/257.png,TrainDataset,TrainDataset/images/27.png,8,6,10
TestDataset/CVC-ColonDB,TestDataset/CVC-ColonDB/images/257.png,TrainDataset,TrainDataset/images/43.png,4,8,20
TestDataset/CVC-ColonDB,TestDataset/CVC-ColonDB/images/257.png,TrainDataset,TrainDataset/images/85.png,7,8,18
TestDataset/CVC-ColonDB,TestDataset/CVC-ColonDB/images/257.png,TrainDataset,TrainDataset/images/86.png,8,7,16
TestDataset/CVC-ColonDB,TestDataset/CVC-ColonDB/images/257.png,TrainDataset,TrainDataset/images/90.png,8,7,14
TestDataset/CVC-ColonDB,TestDataset/CVC-ColonDB/images/257.png,TrainDataset,TrainDataset/images/95.png,8,8,22
TestDataset/CVC-ColonDB,TestDataset/CVC-ColonDB/images/259.png,TrainDataset,TrainDataset/images/68.png,2,13,8
TestDataset/CVC-ColonDB,TestDataset/CVC-ColonDB/images/26.png,TrainDataset,TrainDataset/images/27.png,6,6,20
TestDataset/CVC-ColonDB,TestDataset/CVC-ColonDB/images/26.png,TrainDataset,TrainDataset/images/48.png,6,5,16
TestDataset/CVC-ColonDB,TestDataset/CVC-ColonDB/images/26.png,TrainDataset,TrainDataset/images/cju330ofbc2l30801th5g3hw6.png,8,3,18
TestDataset/CVC-ColonDB,TestDataset/CVC-ColonDB/images/260.png,TrainDataset,TrainDataset/images/27.png,8,6,10
TestDataset/CVC-ColonDB,TestDataset/CVC-ColonDB/images/260.png,TrainDataset,TrainDataset/images/43.png,4,8,20
TestDataset/CVC-ColonDB,TestDataset/CVC-ColonDB/images/260.png,TrainDataset,TrainDataset/images/85.png,7,8,18
TestDataset/CVC-ColonDB,TestDataset/CVC-ColonDB/images/260.png,TrainDataset,TrainDataset/images/86.png,8,7,16
TestDataset/CVC-ColonDB,TestDataset/CVC-ColonDB/images/260.png,TrainDataset,TrainDataset/images/90.png,8,7,14
TestDataset/CVC-ColonDB,TestDataset/CVC-ColonDB/images/260.png,TrainDataset,TrainDataset/images/95.png,8,8,22
TestDataset/CVC-ColonDB,TestDataset/CVC-ColonDB/images/262.png,TrainDataset,TrainDataset/images/68.png,2,13,8
TestDataset/CVC-ColonDB,TestDataset/CVC-ColonDB/images/263.png,TrainDataset,TrainDataset/images/27.png,8,6,10
TestDataset/CVC-ColonDB,TestDataset/CVC-ColonDB/images/263.png,TrainDataset,TrainDataset/images/43.png,4,8,20
TestDataset/CVC-ColonDB,TestDataset/CVC-ColonDB/images/263.png,TrainDataset,TrainDataset/images/85.png,7,8,18
TestDataset/CVC-ColonDB,TestDataset/CVC-ColonDB/images/263.png,TrainDataset,TrainDataset/images/86.png,8,7,16
TestDataset/CVC-ColonDB,TestDataset/CVC-ColonDB/images/263.png,TrainDataset,TrainDataset/images/90.png,8,7,14
TestDataset/CVC-ColonDB,TestDataset/CVC-ColonDB/images/263.png,TrainDataset,TrainDataset/images/95.png,8,8,22
TestDataset/CVC-ColonDB,TestDataset/CVC-ColonDB/images/274.png,TrainDataset,TrainDataset/images/79.png,8,8,24
TestDataset/CVC-ColonDB,TestDataset/CVC-ColonDB/images/274.png,TrainDataset,TrainDataset/images/81.png,7,8,24
TestDataset/CVC-ColonDB,TestDataset/CVC-ColonDB/images/274.png,TrainDataset,TrainDataset/images/83.png,6,7,18
TestDataset/CVC-ColonDB,TestDataset/CVC-ColonDB/images/274.png,TrainDataset,TrainDataset/images/84.png,7,6,16
TestDataset/CVC-ColonDB,TestDataset/CVC-ColonDB/images/274.png,TrainDataset,TrainDataset/images/85.png,8,8,12
TestDataset/CVC-ColonDB,TestDataset/CVC-ColonDB/images/274.png,TrainDataset,TrainDataset/images/86.png,7,7,16
TestDataset/CVC-ColonDB,TestDataset/CVC-ColonDB/images/274.png,TrainDataset,TrainDataset/images/87.png,8,8,14
TestDataset/CVC-ColonDB,TestDataset/CVC-ColonDB/images/275.png,TrainDataset,TrainDataset/images/83.png,8,8,18
TestDataset/CVC-ColonDB,TestDataset/CVC-ColonDB/images/275.png,TrainDataset,TrainDataset/images/cju1expq45zst0855rjqwwj4m.png,8,8,30
TestDataset/CVC-ColonDB,TestDataset/CVC-ColonDB/images/276.png,TrainDataset,TrainDataset/images/350.png,12,7,6
TestDataset/CVC-ColonDB,TestDataset/CVC-ColonDB/images/280.png,TrainDataset,TrainDataset/images/361.png,18,8,8
TestDataset/CVC-ColonDB,TestDataset/CVC-ColonDB/images/280.png,TrainDataset,TrainDataset/images/90.png,6,8,14
TestDataset/CVC-ColonDB,TestDataset/CVC-ColonDB/images/281.png,TrainDataset,TrainDataset/images/36.png,8,13,8
TestDataset/CVC-ColonDB,TestDataset/CVC-ColonDB/images/281.png,TrainDataset,TrainDataset/images/444.png,8,14,6
TestDataset/CVC-ColonDB,TestDataset/CVC-ColonDB/images/281.png,TrainDataset,TrainDataset/images/85.png,4,10,8
TestDataset/CVC-ColonDB,TestDataset/CVC-ColonDB/images/281.png,TrainDataset,TrainDataset/images/90.png,5,7,12
TestDataset/CVC-ColonDB,TestDataset/CVC-ColonDB/images/281.png,TrainDataset,TrainDataset/images/cju1expq45zst0855rjqwwj4m.png,8,7,28
TestDataset/CVC-ColonDB,TestDataset/CVC-ColonDB/images/282.png,TrainDataset,TrainDataset/images/27.png,7,7,10
TestDataset/CVC-ColonDB,TestDataset/CVC-ColonDB/images/282.png,TrainDataset,TrainDataset/images/36.png,6,10,8
TestDataset/CVC-ColonDB,TestDataset/CVC-ColonDB/images/282.png,TrainDataset,TrainDataset/images/444.png,8,11,6
TestDataset/CVC-ColonDB,TestDataset/CVC-ColonDB/images/282.png,TrainDataset,TrainDataset/images/46.png,8,8,16
TestDataset/CVC-ColonDB,TestDataset/CVC-ColonDB/images/282.png,TrainDataset,TrainDataset/images/48.png,7,8,18
TestDataset/CVC-ColonDB,TestDataset/CVC-ColonDB/images/282.png,TrainDataset,TrainDataset/images/83.png,6,8,16
TestDataset/CVC-ColonDB,TestDataset/CVC-ColonDB/images/282.png,TrainDataset,TrainDataset/images/84.png,5,7,16
TestDataset/CVC-ColonDB,TestDataset/CVC-ColonDB/images/282.png,TrainDataset,TrainDataset/images/85.png,4,9,6
TestDataset/CVC-ColonDB,TestDataset/CVC-ColonDB/images/282.png,TrainDataset,TrainDataset/images/86.png,5,8,14
TestDataset/CVC-ColonDB,TestDataset/CVC-ColonDB/images/282.png,TrainDataset,TrainDataset/images/87.png,4,9,8
TestDataset/CVC-ColonDB,TestDataset/CVC-ColonDB/images/282.png,TrainDataset,TrainDataset/images/90.png,5,6,12
TestDataset/CVC-ColonDB,TestDataset/CVC-ColonDB/images/282.png,TrainDataset,TrainDataset/images/91.png,5,6,14
TestDataset/CVC-ColonDB,TestDataset/CVC-ColonDB/images/282.png,TrainDataset,TrainDataset/images/93.png,4,6,16
TestDataset/CVC-ColonDB,TestDataset/CVC-ColonDB/images/282.png,TrainDataset,TrainDataset/images/94.png,3,8,10
TestDataset/CVC-ColonDB,TestDataset/CVC-ColonDB/images/282.png,TrainDataset,TrainDataset/images/96.png,6,8,18
TestDataset/CVC-ColonDB,TestDataset/CVC-ColonDB/images/283.png,TrainDataset,TrainDataset/images/27.png,7,5,8
TestDataset/CVC-ColonDB,TestDataset/CVC-ColonDB/images/283.png,TrainDataset,TrainDataset/images/36.png,6,8,6
TestDataset/CVC-ColonDB,TestDataset/CVC-ColonDB/images/283.png,TrainDataset,TrainDataset/images/360.png,21,8,8
TestDataset/CVC-ColonDB,TestDataset/CVC-ColonDB/images/283.png,TrainDataset,TrainDataset/images/48.png,7,6,16
TestDataset/CVC-ColonDB,TestDataset/CVC-ColonDB/images/283.png,TrainDataset,TrainDataset/images/83.png,6,8,16
TestDataset/CVC-ColonDB,TestDataset/CVC-ColonDB/images/283.png,TrainDataset,TrainDataset/images/86.png,5,6,14
TestDataset/CVC-ColonDB,TestDataset/CVC-ColonDB/images/283.png,TrainDataset,TrainDataset/images/87.png,4,7,12
TestDataset/CVC-ColonDB,TestDataset/CVC-ColonDB/images/283.png,TrainDataset,TrainDataset/images/90.png,5,6,10
TestDataset/CVC-ColonDB,TestDataset/CVC-ColonDB/images/283.png,TrainDataset,TrainDataset/images/91.png,5,8,12
TestDataset/CVC-ColonDB,TestDataset/CVC-ColonDB/images/283.png,TrainDataset,TrainDataset/images/95.png,5,7,16
TestDataset/CVC-ColonDB,TestDataset/CVC-ColonDB/images/283.png,TrainDataset,TrainDataset/images/96.png,6,8,16
TestDataset/CVC-ColonDB,TestDataset/CVC-ColonDB/images/284.png,TrainDataset,TrainDataset/images/84.png,6,8,16
TestDataset/CVC-ColonDB,TestDataset/CVC-ColonDB/images/287.png,TrainDataset,TrainDataset/images/85.png,8,8,14
TestDataset/CVC-ColonDB,TestDataset/CVC-ColonDB/images/289.png,TrainDataset,TrainDataset/images/350.png,12,7,6
TestDataset/CVC-ColonDB,TestDataset/CVC-ColonDB/images/291.png,TrainDataset,TrainDataset/images/27.png,7,8,10
TestDataset/CVC-ColonDB,TestDataset/CVC-ColonDB/images/291.png,TrainDataset,TrainDataset/images/36.png,6,13,8
TestDataset/CVC-ColonDB,TestDataset/CVC-ColonDB/images/291.png,TrainDataset,TrainDataset/images/85.png,6,8,12
TestDataset/CVC-ColonDB,TestDataset/CVC-ColonDB/images/291.png,TrainDataset,TrainDataset/images/90.png,5,7,12
TestDataset/CVC-ColonDB,TestDataset/CVC-ColonDB/images/291.png,TrainDataset,TrainDataset/images/94.png,5,7,14
TestDataset/CVC-ColonDB,TestDataset/CVC-ColonDB/images/294.png,TrainDataset,TrainDataset/images/79.png,8,8,24
TestDataset/CVC-ColonDB,TestDataset/CVC-ColonDB/images/294.png,TrainDataset,TrainDataset/images/81.png,7,8,24
TestDataset/CVC-ColonDB,TestDataset/CVC-ColonDB/images/294.png,TrainDataset,TrainDataset/images/83.png,6,7,18
TestDataset/CVC-ColonDB,TestDataset/CVC-ColonDB/images/294.png,TrainDataset,TrainDataset/images/84.png,7,6,16
TestDataset/CVC-ColonDB,TestDataset/CVC-ColonDB/images/294.png,TrainDataset,TrainDataset/images/85.png,8,8,12
TestDataset/CVC-ColonDB,TestDataset/CVC-ColonDB/images/294.png,TrainDataset,TrainDataset/images/86.png,7,7,16
TestDataset/CVC-ColonDB,TestDataset/CVC-ColonDB/images/294.png,TrainDataset,TrainDataset/images/87.png,8,8,14
TestDataset/CVC-ColonDB,TestDataset/CVC-ColonDB/images/295.png,TrainDataset,TrainDataset/images/83.png,8,8,18
TestDataset/CVC-ColonDB,TestDataset/CVC-ColonDB/images/295.png,TrainDataset,TrainDataset/images/cju1expq45zst0855rjqwwj4m.png,8,8,30
TestDataset/CVC-ColonDB,TestDataset/CVC-ColonDB/images/296.png,TrainDataset,TrainDataset/images/350.png,12,7,6
TestDataset/CVC-ColonDB,TestDataset/CVC-ColonDB/images/300.png,TrainDataset,TrainDataset/images/361.png,18,8,8
TestDataset/CVC-ColonDB,TestDataset/CVC-ColonDB/images/300.png,TrainDataset,TrainDataset/images/90.png,6,8,14
TestDataset/CVC-ColonDB,TestDataset/CVC-ColonDB/images/313.png,TrainDataset,TrainDataset/images/cju1d31sp4d4k0878r3fr02ul.png,6,7,16
TestDataset/CVC-ColonDB,TestDataset/CVC-ColonDB/images/362.png,TrainDataset,TrainDataset/images/289.png,13,5,8
TestDataset/CVC-ColonDB,TestDataset/CVC-ColonDB/images/368.png,TrainDataset,TrainDataset/images/289.png,15,4,8
TestDataset/CVC-ColonDB,TestDataset/CVC-ColonDB/images/369.png,TrainDataset,TrainDataset/images/195.png,15,8,8
TestDataset/CVC-ColonDB,TestDataset/CVC-ColonDB/images/369.png,TrainDataset,TrainDataset/images/289.png,15,3,6
TestDataset/CVC-ColonDB,TestDataset/CVC-ColonDB/images/40.png,TrainDataset,TrainDataset/images/451.png,5,8,24
TestDataset/CVC-ColonDB,TestDataset/CVC-ColonDB/images/41.png,TrainDataset,TrainDataset/images/93.png,8,8,24
TestDataset/CVC-ColonDB,TestDataset/CVC-ColonDB/images/45.png,TrainDataset,TrainDataset/images/164.png,7,7,26
TestDataset/CVC-ColonDB,TestDataset/CVC-ColonDB/images/45.png,TrainDataset,TrainDataset/images/30.png,5,5,24
TestDataset/CVC-ColonDB,TestDataset/CVC-ColonDB/images/45.png,TrainDataset,TrainDataset/images/39.png,8,8,24
TestDataset/CVC-ColonDB,TestDataset/CVC-ColonDB/images/45.png,TrainDataset,TrainDataset/images/40.png,7,8,28
TestDataset/CVC-ColonDB,TestDataset/CVC-ColonDB/images/45.png,TrainDataset,TrainDataset/images/41.png,8,6,24
TestDataset/CVC-ColonDB,TestDataset/CVC-ColonDB/images/45.png,TrainDataset,TrainDataset/images/43.png,6,7,22
TestDataset/CVC-ColonDB,TestDataset/CVC-ColonDB/images/45.png,TrainDataset,TrainDataset/images/482.png,8,8,26
TestDataset/CVC-ColonDB,TestDataset/CVC-ColonDB/images/45.png,TrainDataset,TrainDataset/images/49.png,7,6,26
TestDataset/CVC-ColonDB,TestDataset/CVC-ColonDB/images/46.png,TrainDataset,TrainDataset/images/153.png,6,7,28
TestDataset/CVC-ColonDB,TestDataset/CVC-ColonDB/images/47.png,TrainDataset,TrainDataset/images/102.png,8,7,18
TestDataset/CVC-ColonDB,TestDataset/CVC-ColonDB/images/47.png,TrainDataset,TrainDataset/images/164.png,6,8,26
TestDataset/CVC-ColonDB,TestDataset/CVC-ColonDB/images/47.png,TrainDataset,TrainDataset/images/169.png,6,7,26
TestDataset/CVC-ColonDB,TestDataset/CVC-ColonDB/images/47.png,TrainDataset,TrainDataset/images/30.png,6,8,22
TestDataset/CVC-ColonDB,TestDataset/CVC-ColonDB/images/47.png,TrainDataset,TrainDataset/images/36.png,8,7,20
TestDataset/CVC-ColonDB,TestDataset/CVC-ColonDB/images/47.png,TrainDataset,TrainDataset/images/83.png,8,7,26
TestDataset/CVC-ColonDB,TestDataset/CVC-ColonDB/images/47.png,TrainDataset,TrainDataset/images/84.png,7,8,22
TestDataset/CVC-ColonDB,TestDataset/CVC-ColonDB/images/47.png,TrainDataset,TrainDataset/images/85.png,6,8,20
TestDataset/CVC-ColonDB,TestDataset/CVC-ColonDB/images/47.png,TrainDataset,TrainDataset/images/86.png,7,7,20
TestDataset/CVC-ColonDB,TestDataset/CVC-ColonDB/images/47.png,TrainDataset,TrainDataset/images/87.png,6,8,20
TestDataset/CVC-ColonDB,TestDataset/CVC-ColonDB/images/47.png,TrainDataset,TrainDataset/images/90.png,7,5,20
TestDataset/CVC-ColonDB,TestDataset/CVC-ColonDB/images/47.png,TrainDataset,TrainDataset/images/91.png,7,7,22
TestDataset/CVC-ColonDB,TestDataset/CVC-ColonDB/images/47.png,TrainDataset,TrainDataset/images/93.png,6,7,22
TestDataset/CVC-ColonDB,TestDataset/CVC-ColonDB/images/47.png,TrainDataset,TrainDataset/images/95.png,7,8,24
TestDataset/CVC-ColonDB,TestDataset/CVC-ColonDB/images/47.png,TrainDataset,TrainDataset/images/96.png,8,7,26
TestDataset/CVC-ColonDB,TestDataset/CVC-ColonDB/images/48.png,TrainDataset,TrainDataset/images/164.png,8,8,26
TestDataset/CVC-ColonDB,TestDataset/CVC-ColonDB/images/48.png,TrainDataset,TrainDataset/images/30.png,6,8,24
TestDataset/CVC-ColonDB,TestDataset/CVC-ColonDB/images/48.png,TrainDataset,TrainDataset/images/40.png,8,7,26
TestDataset/CVC-ColonDB,TestDataset/CVC-ColonDB/images/49.png,TrainDataset,TrainDataset/images/456.png,8,7,22
TestDataset/CVC-ColonDB,TestDataset/CVC-ColonDB/images/5.png,TrainDataset,TrainDataset/images/43.png,8,8,22
TestDataset/CVC-ColonDB,TestDataset/CVC-ColonDB/images/57.png,TrainDataset,TrainDataset/images/164.png,8,7,28
TestDataset/CVC-ColonDB,TestDataset/CVC-ColonDB/images/57.png,TrainDataset,TrainDataset/images/242.png,8,8,20
TestDataset/CVC-ColonDB,TestDataset/CVC-ColonDB/images/57.png,TrainDataset,TrainDataset/images/30.png,6,7,26
TestDataset/CVC-ColonDB,TestDataset/CVC-ColonDB/images/57.png,TrainDataset,TrainDataset/images/40.png,8,8,28
TestDataset/CVC-ColonDB,TestDataset/CVC-ColonDB/images/57.png,TrainDataset,TrainDataset/images/43.png,7,7,26
TestDataset/CVC-ColonDB,TestDataset/CVC-ColonDB/images/57.png,TrainDataset,TrainDataset/images/479.png,7,8,30
TestDataset/CVC-ColonDB,TestDataset/CVC-ColonDB/images/57.png,TrainDataset,TrainDataset/images/480.png,7,7,28
TestDataset/CVC-ColonDB,TestDataset/CVC-ColonDB/images/57.png,TrainDataset,TrainDataset/images/482.png,7,8,30
TestDataset/CVC-ColonDB,TestDataset/CVC-ColonDB/images/57.png,TrainDataset,TrainDataset/images/49.png,8,8,32
TestDataset/CVC-ColonDB,TestDataset/CVC-ColonDB/images/58.png,TrainDataset,TrainDataset/images/241.png,8,12,8
TestDataset/CVC-ColonDB,TestDataset/CVC-ColonDB/images/58.png,TrainDataset,TrainDataset/images/30.png,5,8,24
TestDataset/CVC-ColonDB,TestDataset/CVC-ColonDB/images/58.png,TrainDataset,TrainDataset/images/487.png,5,7,16
TestDataset/CVC-ColonDB,TestDataset/CVC-ColonDB/images/58.png,TrainDataset,TrainDataset/images/49.png,7,5,26
TestDataset/CVC-ColonDB,TestDataset/CVC-ColonDB/images/59.png,TrainDataset,TrainDataset/images/164.png,8,6,24
TestDataset/CVC-ColonDB,TestDataset/CVC-ColonDB/images/59.png,TrainDataset,TrainDataset/images/30.png,6,4,24
TestDataset/CVC-ColonDB,TestDataset/CVC-ColonDB/images/59.png,TrainDataset,TrainDataset/images/40.png,8,7,28
TestDataset/CVC-ColonDB,TestDataset/CVC-ColonDB/images/59.png,TrainDataset,TrainDataset/images/43.png,7,6,22
TestDataset/CVC-ColonDB,TestDataset/CVC-ColonDB/images/59.png,TrainDataset,TrainDataset/images/480.png,7,8,28
TestDataset/CVC-ColonDB,TestDataset/CVC-ColonDB/images/59.png,TrainDataset,TrainDataset/images/482.png,7,7,26
TestDataset/CVC-ColonDB,TestDataset/CVC-ColonDB/images/59.png,TrainDataset,TrainDataset/images/49.png,8,5,28
TestDataset/CVC-ColonDB,TestDataset/CVC-ColonDB/images/6.png,TrainDataset,TrainDataset/images/27.png,7,6,20
TestDataset/CVC-ColonDB,TestDataset/CVC-ColonDB/images/6.png,TrainDataset,TrainDataset/images/36.png,8,5,20
TestDataset/CVC-ColonDB,TestDataset/CVC-ColonDB/images/6.png,TrainDataset,TrainDataset/images/40.png,8,7,24
TestDataset/CVC-ColonDB,TestDataset/CVC-ColonDB/images/6.png,TrainDataset,TrainDataset/images/437.png,8,7,30
TestDataset/CVC-ColonDB,TestDataset/CVC-ColonDB/images/6.png,TrainDataset,TrainDataset/images/46.png,6,7,20
TestDataset/CVC-ColonDB,TestDataset/CVC-ColonDB/images/6.png,TrainDataset,TrainDataset/images/48.png,7,5,20
TestDataset/CVC-ColonDB,TestDataset/CVC-ColonDB/images/6.png,TrainDataset,TrainDataset/images/cju33x0f22peh0988g0ln7w5v.png,8,8,20
TestDataset/CVC-ColonDB,TestDataset/CVC-ColonDB/images/64.png,TrainDataset,TrainDataset/images/187.png,7,12,8
TestDataset/CVC-ColonDB,TestDataset/CVC-ColonDB/images/64.png,TrainDataset,TrainDataset/images/190.png,4,12,8
TestDataset/CVC-ColonDB,TestDataset/CVC-ColonDB/images/68.png,TrainDataset,TrainDataset/images/376.png,7,8,12
TestDataset/CVC-ColonDB,TestDataset/CVC-ColonDB/images/7.png,TrainDataset,TrainDataset/images/40.png,8,7,22
TestDataset/CVC-ColonDB,TestDataset/CVC-ColonDB/images/7.png,TrainDataset,TrainDataset/images/46.png,8,7,20
TestDataset/CVC-ColonDB,TestDataset/CVC-ColonDB/images/75.png,TrainDataset,TrainDataset/images/282.png,8,7,14
TestDataset/CVC-ColonDB,TestDataset/CVC-ColonDB/images/8.png,TrainDataset,TrainDataset/images/27.png,5,6,20
TestDataset/CVC-ColonDB,TestDataset/CVC-ColonDB/images/8.png,TrainDataset,TrainDataset/images/345.png,7,5,22
TestDataset/CVC-ColonDB,TestDataset/CVC-ColonDB/images/8.png,TrainDataset,TrainDataset/images/38.png,7,8,18
TestDataset/CVC-ColonDB,TestDataset/CVC-ColonDB/images/8.png,TrainDataset,TrainDataset/images/443.png,6,8,20
TestDataset/CVC-ColonDB,TestDataset/CVC-ColonDB/images/8.png,TrainDataset,TrainDataset/images/48.png,5,3,16
TestDataset/CVC-ColonDB,TestDataset/CVC-ColonDB/images/8.png,TrainDataset,TrainDataset/images/92.png,6,8,18
TestDataset/CVC-ColonDB,TestDataset/CVC-ColonDB/images/9.png,TrainDataset,TrainDataset/images/27.png,8,5,24
TestDataset/CVC-ColonDB,TestDataset/CVC-ColonDB/images/9.png,TrainDataset,TrainDataset/images/48.png,8,6,18
TestDataset/CVC-ColonDB,TestDataset/CVC-ColonDB/images/97.png,TrainDataset,TrainDataset/images/295.png,8,7,18
TestDataset/CVC-ColonDB,TestDataset/CVC-ColonDB/images/97.png,TrainDataset,TrainDataset/images/56.png,7,6,16
TestDataset/CVC-ColonDB,TestDataset/CVC-ColonDB/images/212.png,ValidationDataset,ValidationDataset/images/550.png,6,7,14
TestDataset/CVC-ColonDB,TestDataset/CVC-ColonDB/images/227.png,ValidationDataset,ValidationDataset/images/231.png,6,8,20
TestDataset/CVC-ColonDB,TestDataset/CVC-ColonDB/images/229.png,ValidationDataset,ValidationDataset/images/88.png,4,5,16
TestDataset/CVC-ColonDB,TestDataset/CVC-ColonDB/images/234.png,ValidationDataset,ValidationDataset/images/44.png,8,8,16
TestDataset/CVC-ColonDB,TestDataset/CVC-ColonDB/images/236.png,ValidationDataset,ValidationDataset/images/88.png,7,6,16
TestDataset/CVC-ColonDB,TestDataset/CVC-ColonDB/images/242.png,ValidationDataset,ValidationDataset/images/88.png,8,6,20
TestDataset/CVC-ColonDB,TestDataset/CVC-ColonDB/images/245.png,ValidationDataset,ValidationDataset/images/88.png,8,6,20
TestDataset/CVC-ColonDB,TestDataset/CVC-ColonDB/images/248.png,ValidationDataset,ValidationDataset/images/88.png,8,6,20
TestDataset/CVC-ColonDB,TestDataset/CVC-ColonDB/images/251.png,ValidationDataset,ValidationDataset/images/88.png,8,6,20
TestDataset/CVC-ColonDB,TestDataset/CVC-ColonDB/images/254.png,ValidationDataset,ValidationDataset/images/88.png,8,6,20
TestDataset/CVC-ColonDB,TestDataset/CVC-ColonDB/images/257.png,ValidationDataset,ValidationDataset/images/88.png,8,6,20
TestDataset/CVC-ColonDB,TestDataset/CVC-ColonDB/images/260.png,ValidationDataset,ValidationDataset/images/88.png,8,6,20
TestDataset/CVC-ColonDB,TestDataset/CVC-ColonDB/images/263.png,ValidationDataset,ValidationDataset/images/88.png,8,6,20
TestDataset/CVC-ColonDB,TestDataset/CVC-ColonDB/images/281.png,ValidationDataset,ValidationDataset/images/88.png,5,8,16
TestDataset/CVC-ColonDB,TestDataset/CVC-ColonDB/images/282.png,ValidationDataset,ValidationDataset/images/82.png,5,8,16
TestDataset/CVC-ColonDB,TestDataset/CVC-ColonDB/images/282.png,ValidationDataset,ValidationDataset/images/88.png,5,7,16
TestDataset/CVC-ColonDB,TestDataset/CVC-ColonDB/images/283.png,ValidationDataset,ValidationDataset/images/88.png,5,5,16
TestDataset/CVC-ColonDB,TestDataset/CVC-ColonDB/images/291.png,ValidationDataset,ValidationDataset/images/88.png,5,8,16
TestDataset/CVC-ColonDB,TestDataset/CVC-ColonDB/images/369.png,ValidationDataset,ValidationDataset/images/288.png,15,5,8
TestDataset/CVC-ColonDB,TestDataset/CVC-ColonDB/images/47.png,ValidationDataset,ValidationDataset/images/88.png,7,6,20
TestDataset/CVC-ColonDB,TestDataset/CVC-ColonDB/images/48.png,ValidationDataset,ValidationDataset/images/440.png,8,8,22
TestDataset/CVC-ColonDB,TestDataset/CVC-ColonDB/images/49.png,ValidationDataset,ValidationDataset/images/455.png,8,5,24
TestDataset/CVC-ColonDB,TestDataset/CVC-ColonDB/images/5.png,ValidationDataset,ValidationDataset/images/44.png,8,5,22
TestDataset/CVC-ColonDB,TestDataset/CVC-ColonDB/images/57.png,ValidationDataset,ValidationDataset/images/440.png,8,7,24
TestDataset/ETIS-LaribPolypDB,TestDataset/ETIS-LaribPolypDB/images/1.png,TestDataset/ETIS-LaribPolypDB,TestDataset/ETIS-LaribPolypDB/images/2.png,0,5,4
TestDataset/ETIS-LaribPolypDB,TestDataset/ETIS-LaribPolypDB/images/1.png,TestDataset/ETIS-LaribPolypDB,TestDataset/ETIS-LaribPolypDB/images/3.png,3,5,8
TestDataset/ETIS-LaribPolypDB,TestDataset/ETIS-LaribPolypDB/images/1.png,TestDataset/ETIS-LaribPolypDB,TestDataset/ETIS-LaribPolypDB/images/4.png,0,4,4
TestDataset/ETIS-LaribPolypDB,TestDataset/ETIS-LaribPolypDB/images/1.png,TestDataset/ETIS-LaribPolypDB,TestDataset/ETIS-LaribPolypDB/images/5.png,2,5,8
TestDataset/ETIS-LaribPolypDB,TestDataset/ETIS-LaribPolypDB/images/1.png,TestDataset/ETIS-LaribPolypDB,TestDataset/ETIS-LaribPolypDB/images/6.png,0,5,4
TestDataset/ETIS-LaribPolypDB,TestDataset/ETIS-LaribPolypDB/images/10.png,TestDataset/ETIS-LaribPolypDB,TestDataset/ETIS-LaribPolypDB/images/12.png,7,5,14
TestDataset/ETIS-LaribPolypDB,TestDataset/ETIS-LaribPolypDB/images/10.png,TestDataset/ETIS-LaribPolypDB,TestDataset/ETIS-LaribPolypDB/images/7.png,8,4,10
TestDataset/ETIS-LaribPolypDB,TestDataset/ETIS-LaribPolypDB/images/10.png,TestDataset/ETIS-LaribPolypDB,TestDataset/ETIS-LaribPolypDB/images/8.png,0,2,0
TestDataset/ETIS-LaribPolypDB,TestDataset/ETIS-LaribPolypDB/images/10.png,TestDataset/ETIS-LaribPolypDB,TestDataset/ETIS-LaribPolypDB/images/9.png,7,2,14
TestDataset/ETIS-LaribPolypDB,TestDataset/ETIS-LaribPolypDB/images/100.png,TestDataset/ETIS-LaribPolypDB,TestDataset/ETIS-LaribPolypDB/images/101.png,3,2,2
TestDataset/ETIS-LaribPolypDB,TestDataset/ETIS-LaribPolypDB/images/100.png,TestDataset/ETIS-LaribPolypDB,TestDataset/ETIS-LaribPolypDB/images/102.png,6,2,6
TestDataset/ETIS-LaribPolypDB,TestDataset/ETIS-LaribPolypDB/images/100.png,TestDataset/ETIS-LaribPolypDB,TestDataset/ETIS-LaribPolypDB/images/103.png,1,3,6
TestDataset/ETIS-LaribPolypDB,TestDataset/ETIS-LaribPolypDB/images/100.png,TestDataset/ETIS-LaribPolypDB,TestDataset/ETIS-LaribPolypDB/images/104.png,3,2,4
TestDataset/ETIS-LaribPolypDB,TestDataset/ETIS-LaribPolypDB/images/100.png,TestDataset/ETIS-LaribPolypDB,TestDataset/ETIS-LaribPolypDB/images/99.png,4,4,10
TestDataset/ETIS-LaribPolypDB,TestDataset/ETIS-LaribPolypDB/images/101.png,TestDataset/ETIS-LaribPolypDB,TestDataset/ETIS-LaribPolypDB/images/102.png,3,0,4
TestDataset/ETIS-LaribPolypDB,TestDataset/ETIS-LaribPolypDB/images/101.png,TestDataset/ETIS-LaribPolypDB,TestDataset/ETIS-LaribPolypDB/images/103.png,2,3,6
TestDataset/ETIS-LaribPolypDB,TestDataset/ETIS-LaribPolypDB/images/101.png,TestDataset/ETIS-LaribPolypDB,TestDataset/ETIS-LaribPolypDB/images/104.png,0,0,2
TestDataset/ETIS-LaribPolypDB,TestDataset/ETIS-LaribPolypDB/images/101.png,TestDataset/ETIS-LaribPolypDB,TestDataset/ETIS-LaribPolypDB/images/99.png,5,4,10
TestDataset/ETIS-LaribPolypDB,TestDataset/ETIS-LaribPolypDB/images/102.png,TestDataset/ETIS-LaribPolypDB,TestDataset/ETIS-LaribPolypDB/images/103.png,5,3,10
TestDataset/ETIS-LaribPolypDB,TestDataset/ETIS-LaribPolypDB/images/102.png,TestDataset/ETIS-LaribPolypDB,TestDataset/ETIS-LaribPolypDB/images/104.png,3,0,2
TestDataset/ETIS-LaribPolypDB,TestDataset/ETIS-LaribPolypDB/images/102.png,TestDataset/ETIS-LaribPolypDB,TestDataset/ETIS-LaribPolypDB/images/99.png,8,4,10
TestDataset/ETIS-LaribPolypDB,TestDataset/ETIS-LaribPolypDB/images/103.png,TestDataset/ETIS-LaribPolypDB,TestDataset/ETIS-LaribPolypDB/images/104.png,2,3,8
TestDataset/ETIS-LaribPolypDB,TestDataset/ETIS-LaribPolypDB/images/103.png,TestDataset/ETIS-LaribPolypDB,TestDataset/ETIS-LaribPolypDB/images/99.png,3,1,4
TestDataset/ETIS-LaribPolypDB,TestDataset/ETIS-LaribPolypDB/images/104.png,TestDataset/ETIS-LaribPolypDB,TestDataset/ETIS-LaribPolypDB/images/99.png,5,4,10
TestDataset/ETIS-LaribPolypDB,TestDataset/ETIS-LaribPolypDB/images/105.png,TestDataset/ETIS-LaribPolypDB,TestDataset/ETIS-LaribPolypDB/images/106.png,0,3,2
TestDataset/ETIS-LaribPolypDB,TestDataset/ETIS-LaribPolypDB/images/105.png,TestDataset/ETIS-LaribPolypDB,TestDataset/ETIS-LaribPolypDB/images/107.png,1,2,0
TestDataset/ETIS-LaribPolypDB,TestDataset/ETIS-LaribPolypDB/images/105.png,TestDataset/ETIS-LaribPolypDB,TestDataset/ETIS-LaribPolypDB/images/108.png,5,8,12
TestDataset/ETIS-LaribPolypDB,TestDataset/ETIS-LaribPolypDB/images/105.png,TestDataset/ETIS-LaribPolypDB,TestDataset/ETIS-LaribPolypDB/images/109.png,0,0,2
TestDataset/ETIS-LaribPolypDB,TestDataset/ETIS-LaribPolypDB/images/106.png,TestDataset/ETIS-LaribPolypDB,TestDataset/ETIS-LaribPolypDB/images/107.png,1,3,2
TestDataset/ETIS-LaribPolypDB,TestDataset/ETIS-LaribPolypDB/images/106.png,TestDataset/ETIS-LaribPolypDB,TestDataset/ETIS-LaribPolypDB/images/108.png,5,7,14
TestDataset/ETIS-LaribPolypDB,TestDataset/ETIS-LaribPolypDB/images/106.png,TestDataset/ETIS-LaribPolypDB,TestDataset/ETIS-LaribPolypDB/images/109.png,0,3,0
TestDataset/ETIS-LaribPolypDB,TestDataset/ETIS-LaribPolypDB/images/107.png,TestDataset/ETIS-LaribPolypDB,TestDataset/ETIS-LaribPolypDB/images/108.png,4,8,12
TestDataset/ETIS-LaribPolypDB,TestDataset/ETIS-LaribPolypDB/images/107.png,TestDataset/ETIS-LaribPolypDB,TestDataset/ETIS-LaribPolypDB/images/109.png,1,2,2
TestDataset/ETIS-LaribPolypDB,TestDataset/ETIS-LaribPolypDB/images/108.png,TestDataset/ETIS-LaribPolypDB,TestDataset/ETIS-LaribPolypDB/images/109.png,5,8,14
TestDataset/ETIS-LaribPolypDB,TestDataset/ETIS-LaribPolypDB/images/11.png,TestDataset/ETIS-LaribPolypDB,TestDataset/ETIS-LaribPolypDB/images/12.png,6,6,8
TestDataset/ETIS-LaribPolypDB,TestDataset/ETIS-LaribPolypDB/images/11.png,TestDataset/ETIS-LaribPolypDB,TestDataset/ETIS-LaribPolypDB/images/7.png,3,7,12
TestDataset/ETIS-LaribPolypDB,TestDataset/ETIS-LaribPolypDB/images/11.png,TestDataset/ETIS-LaribPolypDB,TestDataset/ETIS-LaribPolypDB/images/9.png,4,5,8
TestDataset/ETIS-LaribPolypDB,TestDataset/ETIS-LaribPolypDB/images/113.png,TestDataset/ETIS-LaribPolypDB,TestDataset/ETIS-LaribPolypDB/images/114.png,2,4,8
TestDataset/ETIS-LaribPolypDB,TestDataset/ETIS-LaribPolypDB/images/113.png,TestDataset/ETIS-LaribPolypDB,TestDataset/ETIS-LaribPolypDB/images/115.png,0,5,0
TestDataset/ETIS-LaribPolypDB,TestDataset/ETIS-LaribPolypDB/images/113.png,TestDataset/ETIS-LaribPolypDB,TestDataset/ETIS-LaribPolypDB/images/116.png,6,7,14
TestDataset/ETIS-LaribPolypDB,TestDataset/ETIS-LaribPolypDB/images/113.png,TestDataset/ETIS-LaribPolypDB,TestDataset/ETIS-LaribPolypDB/images/117.png,3,5,6
TestDataset/ETIS-LaribPolypDB,TestDataset/ETIS-LaribPolypDB/images/113.png,TestDataset/ETIS-LaribPolypDB,TestDataset/ETIS-LaribPolypDB/images/118.png,4,6,10
TestDataset/ETIS-LaribPolypDB,TestDataset/ETIS-LaribPolypDB/images/114.png,TestDataset/ETIS-LaribPolypDB,TestDataset/ETIS-LaribPolypDB/images/115.png,2,5,8
TestDataset/ETIS-LaribPolypDB,TestDataset/ETIS-LaribPolypDB/images/114.png,TestDataset/ETIS-LaribPolypDB,TestDataset/ETIS-LaribPolypDB/images/116.png,6,7,10
TestDataset/ETIS-LaribPolypDB,TestDataset/ETIS-LaribPolypDB/images/114.png,TestDataset/ETIS-LaribPolypDB,TestDataset/ETIS-LaribPolypDB/images/117.png,3,3,4
TestDataset/ETIS-LaribPolypDB,TestDataset/ETIS-LaribPolypDB/images/114.png,TestDataset/ETIS-LaribPolypDB,TestDataset/ETIS-LaribPolypDB/images/118.png,4,6,6
TestDataset/ETIS-LaribPolypDB,TestDataset/ETIS-LaribPolypDB/images/115.png,TestDataset/ETIS-LaribPolypDB,TestDataset/ETIS-LaribPolypDB/images/116.png,6,2,14
TestDataset/ETIS-LaribPolypDB,TestDataset/ETIS-LaribPolypDB/images/115.png,TestDataset/ETIS-LaribPolypDB,TestDataset/ETIS-LaribPolypDB/images/117.png,3,6,6
TestDataset/ETIS-LaribPolypDB,TestDataset/ETIS-LaribPolypDB/images/115.png,TestDataset/ETIS-LaribPolypDB,TestDataset/ETIS-LaribPolypDB/images/118.png,4,7,10
TestDataset/ETIS-LaribPolypDB,TestDataset/ETIS-LaribPolypDB/images/116.png,TestDataset/ETIS-LaribPolypDB,TestDataset/ETIS-LaribPolypDB/images/117.png,7,8,14
TestDataset/ETIS-LaribPolypDB,TestDataset/ETIS-LaribPolypDB/images/117.png,TestDataset/ETIS-LaribPolypDB,TestDataset/ETIS-LaribPolypDB/images/118.png,1,3,6
TestDataset/ETIS-LaribPolypDB,TestDataset/ETIS-LaribPolypDB/images/119.png,TestDataset/ETIS-LaribPolypDB,TestDataset/ETIS-LaribPolypDB/images/120.png,2,6,6
TestDataset/ETIS-LaribPolypDB,TestDataset/ETIS-LaribPolypDB/images/12.png,TestDataset/ETIS-LaribPolypDB,TestDataset/ETIS-LaribPolypDB/images/7.png,7,7,14
TestDataset/ETIS-LaribPolypDB,TestDataset/ETIS-LaribPolypDB/images/12.png,TestDataset/ETIS-LaribPolypDB,TestDataset/ETIS-LaribPolypDB/images/8.png,7,5,14
TestDataset/ETIS-LaribPolypDB,TestDataset/ETIS-LaribPolypDB/images/12.png,TestDataset/ETIS-LaribPolypDB,TestDataset/ETIS-LaribPolypDB/images/9.png,8,7,14
TestDataset/ETIS-LaribPolypDB,TestDataset/ETIS-LaribPolypDB/images/121.png,TestDataset/ETIS-LaribPolypDB,TestDataset/ETIS-LaribPolypDB/images/122.png,1,4,8
TestDataset/ETIS-LaribPolypDB,TestDataset/ETIS-LaribPolypDB/images/121.png,TestDataset/ETIS-LaribPolypDB,TestDataset/ETIS-LaribPolypDB/images/123.png,3,6,14
TestDataset/ETIS-LaribPolypDB,TestDataset/ETIS-LaribPolypDB/images/121.png,TestDataset/ETIS-LaribPolypDB,TestDataset/ETIS-LaribPolypDB/images/126.png,3,0,4
TestDataset/ETIS-LaribPolypDB,TestDataset/ETIS-LaribPolypDB/images/122.png,TestDataset/ETIS-LaribPolypDB,TestDataset/ETIS-LaribPolypDB/images/123.png,2,4,8
TestDataset/ETIS-LaribPolypDB,TestDataset/ETIS-LaribPolypDB/images/122.png,TestDataset/ETIS-LaribPolypDB,TestDataset/ETIS-LaribPolypDB/images/126.png,4,4,10
TestDataset/ETIS-LaribPolypDB,TestDataset/ETIS-LaribPolypDB/images/123.png,TestDataset/ETIS-LaribPolypDB,TestDataset/ETIS-LaribPolypDB/images/126.png,2,6,16
TestDataset/ETIS-LaribPolypDB,TestDataset/ETIS-LaribPolypDB/images/124.png,TestDataset/ETIS-LaribPolypDB,TestDataset/ETIS-LaribPolypDB/images/125.png,1,1,4
TestDataset/ETIS-LaribPolypDB,TestDataset/ETIS-LaribPolypDB/images/127.png,TestDataset/ETIS-LaribPolypDB,TestDataset/ETIS-LaribPolypDB/images/131.png,0,0,0
TestDataset/ETIS-LaribPolypDB,TestDataset/ETIS-LaribPolypDB/images/128.png,TestDataset/ETIS-LaribPolypDB,TestDataset/ETIS-LaribPolypDB/images/129.png,1,2,2
TestDataset/ETIS-LaribPolypDB,TestDataset/ETIS-LaribPolypDB/images/128.png,TestDataset/ETIS-LaribPolypDB,TestDataset/ETIS-LaribPolypDB/images/130.png,2,6,10
TestDataset/ETIS-LaribPolypDB,TestDataset/ETIS-LaribPolypDB/images/128.png,TestDataset/ETIS-LaribPolypDB,TestDataset/ETIS-LaribPolypDB/images/132.png,2,2,4
TestDataset/ETIS-LaribPolypDB,TestDataset/ETIS-LaribPolypDB/images/129.png,TestDataset/ETIS-LaribPolypDB,TestDataset/ETIS-LaribPolypDB/images/130.png,1,6,8
TestDataset/ETIS-LaribPolypDB,TestDataset/ETIS-LaribPolypDB/images/129.png,TestDataset/ETIS-LaribPolypDB,TestDataset/ETIS-LaribPolypDB/images/132.png,1,4,4
TestDataset/ETIS-LaribPolypDB,TestDataset/ETIS-LaribPolypDB/images/13.png,TestDataset/ETIS-LaribPolypDB,TestDataset/ETIS-LaribPolypDB/images/14.png,4,8,14
TestDataset/ETIS-LaribPolypDB,TestDataset/ETIS-LaribPolypDB/images/13.png,TestDataset/ETIS-LaribPolypDB,TestDataset/ETIS-LaribPolypDB/images/15.png,6,8,20
TestDataset/ETIS-LaribPolypDB,TestDataset/ETIS-LaribPolypDB/images/130.png,TestDataset/ETIS-LaribPolypDB,TestDataset/ETIS-LaribPolypDB/images/132.png,2,6,10
TestDataset/ETIS-LaribPolypDB,TestDataset/ETIS-LaribPolypDB/images/134.png,TestDataset/ETIS-LaribPolypDB,TestDataset/ETIS-LaribPolypDB/images/137.png,2,4,4
TestDataset/ETIS-LaribPolypDB,TestDataset/ETIS-LaribPolypDB/images/135.png,TestDataset/ETIS-LaribPolypDB,TestDataset/ETIS-LaribPolypDB/images/138.png,0,2,4
TestDataset/ETIS-LaribPolypDB,TestDataset/ETIS-LaribPolypDB/images/140.png,TestDataset/ETIS-LaribPolypDB,TestDataset/ETIS-LaribPolypDB/images/141.png,1,5,12
TestDataset/ETIS-LaribPolypDB,TestDataset/ETIS-LaribPolypDB/images/15.png,TestDataset/ETIS-LaribPolypDB,TestDataset/ETIS-LaribPolypDB/images/16.png,3,8,10
TestDataset/ETIS-LaribPolypDB,TestDataset/ETIS-LaribPolypDB/images/154.png,TestDataset/ETIS-LaribPolypDB,TestDataset/ETIS-LaribPolypDB/images/156.png,6,8,6
TestDataset/ETIS-LaribPolypDB,TestDataset/ETIS-LaribPolypDB/images/154.png,TestDataset/ETIS-LaribPolypDB,TestDataset/ETIS-LaribPolypDB/images/157.png,0,0,2
TestDataset/ETIS-LaribPolypDB,TestDataset/ETIS-LaribPolypDB/images/156.png,TestDataset/ETIS-LaribPolypDB,TestDataset/ETIS-LaribPolypDB/images/157.png,6,8,8
TestDataset/ETIS-LaribPolypDB,TestDataset/ETIS-LaribPolypDB/images/159.png,TestDataset/ETIS-LaribPolypDB,TestDataset/ETIS-LaribPolypDB/images/160.png,4,6,16
TestDataset/ETIS-LaribPolypDB,TestDataset/ETIS-LaribPolypDB/images/159.png,TestDataset/ETIS-LaribPolypDB,TestDataset/ETIS-LaribPolypDB/images/162.png,0,1,0
TestDataset/ETIS-LaribPolypDB,TestDataset/ETIS-LaribPolypDB/images/159.png,TestDataset/ETIS-LaribPolypDB,TestDataset/ETIS-LaribPolypDB/images/163.png,5,5,16
TestDataset/ETIS-LaribPolypDB,TestDataset/ETIS-LaribPolypDB/images/159.png,TestDataset/ETIS-LaribPolypDB,TestDataset/ETIS-LaribPolypDB/images/164.png,7,7,22
TestDataset/ETIS-LaribPolypDB,TestDataset/ETIS-LaribPolypDB/images/160.png,TestDataset/ETIS-LaribPolypDB,TestDataset/ETIS-LaribPolypDB/images/161.png,5,8,14
TestDataset/ETIS-LaribPolypDB,TestDataset/ETIS-LaribPolypDB/images/160.png,TestDataset/ETIS-LaribPolypDB,TestDataset/ETIS-LaribPolypDB/images/162.png,4,7,16
TestDataset/ETIS-LaribPolypDB,TestDataset/ETIS-LaribPolypDB/images/160.png,TestDataset/ETIS-LaribPolypDB,TestDataset/ETIS-LaribPolypDB/images/163.png,1,3,2
TestDataset/ETIS-LaribPolypDB,TestDataset/ETIS-LaribPolypDB/images/160.png,TestDataset/ETIS-LaribPolypDB,TestDataset/ETIS-LaribPolypDB/images/164.png,3,5,10
TestDataset/ETIS-LaribPolypDB,TestDataset/ETIS-LaribPolypDB/images/161.png,TestDataset/ETIS-LaribPolypDB,TestDataset/ETIS-LaribPolypDB/images/164.png,2,5,8
TestDataset/ETIS-LaribPolypDB,TestDataset/ETIS-LaribPolypDB/images/162.png,TestDataset/ETIS-LaribPolypDB,TestDataset/ETIS-LaribPolypDB/images/163.png,5,6,16
TestDataset/ETIS-LaribPolypDB,TestDataset/ETIS-LaribPolypDB/images/162.png,TestDataset/ETIS-LaribPolypDB,TestDataset/ETIS-LaribPolypDB/images/164.png,7,8,22
TestDataset/ETIS-LaribPolypDB,TestDataset/ETIS-LaribPolypDB/images/163.png,TestDataset/ETIS-LaribPolypDB,TestDataset/ETIS-LaribPolypDB/images/164.png,4,6,12
TestDataset/ETIS-LaribPolypDB,TestDataset/ETIS-LaribPolypDB/images/165.png,TestDataset/ETIS-LaribPolypDB,TestDataset/ETIS-LaribPolypDB/images/168.png,0,3,2
TestDataset/ETIS-LaribPolypDB,TestDataset/ETIS-LaribPolypDB/images/171.png,TestDataset/ETIS-LaribPolypDB,TestDataset/ETIS-LaribPolypDB/images/174.png,3,6,16
TestDataset/ETIS-LaribPolypDB,TestDataset/ETIS-LaribPolypDB/images/172.png,TestDataset/ETIS-LaribPolypDB,TestDataset/ETIS-LaribPolypDB/images/173.png,3,8,12
TestDataset/ETIS-LaribPolypDB,TestDataset/ETIS-LaribPolypDB/images/172.png,TestDataset/ETIS-LaribPolypDB,TestDataset/ETIS-LaribPolypDB/images/175.png,0,0,0
TestDataset/ETIS-LaribPolypDB,TestDataset/ETIS-LaribPolypDB/images/172.png,TestDataset/ETIS-LaribPolypDB,TestDataset/ETIS-LaribPolypDB/images/176.png,2,7,10
TestDataset/ETIS-LaribPolypDB,TestDataset/ETIS-LaribPolypDB/images/173.png,TestDataset/ETIS-LaribPolypDB,TestDataset/ETIS-LaribPolypDB/images/174.png,5,8,22
TestDataset/ETIS-LaribPolypDB,TestDataset/ETIS-LaribPolypDB/images/173.png,TestDataset/ETIS-LaribPolypDB,TestDataset/ETIS-LaribPolypDB/images/175.png,3,8,12
TestDataset/ETIS-LaribPolypDB,TestDataset/ETIS-LaribPolypDB/images/173.png,TestDataset/ETIS-LaribPolypDB,TestDataset/ETIS-LaribPolypDB/images/176.png,1,1,2
TestDataset/ETIS-LaribPolypDB,TestDataset/ETIS-LaribPolypDB/images/175.png,TestDataset/ETIS-LaribPolypDB,TestDataset/ETIS-LaribPolypDB/images/176.png,2,7,10
TestDataset/ETIS-LaribPolypDB,TestDataset/ETIS-LaribPolypDB/images/183.png,TestDataset/ETIS-LaribPolypDB,TestDataset/ETIS-LaribPolypDB/images/187.png,3,6,6
TestDataset/ETIS-LaribPolypDB,TestDataset/ETIS-LaribPolypDB/images/183.png,TestDataset/ETIS-LaribPolypDB,TestDataset/ETIS-LaribPolypDB/images/188.png,8,8,12
TestDataset/ETIS-LaribPolypDB,TestDataset/ETIS-LaribPolypDB/images/184.png,TestDataset/ETIS-LaribPolypDB,TestDataset/ETIS-LaribPolypDB/images/188.png,5,8,16
TestDataset/ETIS-LaribPolypDB,TestDataset/ETIS-LaribPolypDB/images/189.png,TestDataset/ETIS-LaribPolypDB,TestDataset/ETIS-LaribPolypDB/images/190.png,1,6,8
TestDataset/ETIS-LaribPolypDB,TestDataset/ETIS-LaribPolypDB/images/19.png,TestDataset/ETIS-LaribPolypDB,TestDataset/ETIS-LaribPolypDB/images/20.png,4,3,10
TestDataset/ETIS-LaribPolypDB,TestDataset/ETIS-LaribPolypDB/images/19.png,TestDataset/ETIS-LaribPolypDB,TestDataset/ETIS-LaribPolypDB/images/22.png,4,3,10
TestDataset/ETIS-LaribPolypDB,TestDataset/ETIS-LaribPolypDB/images/192.png,TestDataset/ETIS-LaribPolypDB,TestDataset/ETIS-LaribPolypDB/images/195.png,3,2,4
TestDataset/ETIS-LaribPolypDB,TestDataset/ETIS-LaribPolypDB/images/2.png,TestDataset/ETIS-LaribPolypDB,TestDataset/ETIS-LaribPolypDB/images/3.png,3,4,8
TestDataset/ETIS-LaribPolypDB,TestDataset/ETIS-LaribPolypDB/images/2.png,TestDataset/ETIS-LaribPolypDB,TestDataset/ETIS-LaribPolypDB/images/4.png,0,3,0
TestDataset/ETIS-LaribPolypDB,TestDataset/ETIS-LaribPolypDB/images/2.png,TestDataset/ETIS-LaribPolypDB,TestDataset/ETIS-LaribPolypDB/images/5.png,2,4,8
TestDataset/ETIS-LaribPolypDB,TestDataset/ETIS-LaribPolypDB/images/2.png,TestDataset/ETIS-LaribPolypDB,TestDataset/ETIS-LaribPolypDB/images/6.png,0,2,0
TestDataset/ETIS-LaribPolypDB,TestDataset/ETIS-LaribPolypDB/images/20.png,TestDataset/ETIS-LaribPolypDB,TestDataset/ETIS-LaribPolypDB/images/22.png,0,0,0
TestDataset/ETIS-LaribPolypDB,TestDataset/ETIS-LaribPolypDB/images/25.png,TestDataset/ETIS-LaribPolypDB,TestDataset/ETIS-LaribPolypDB/images/26.png,0,7,2
TestDataset/ETIS-LaribPolypDB,TestDataset/ETIS-LaribPolypDB/images/25.png,TestDataset/ETIS-LaribPolypDB,TestDataset/ETIS-LaribPolypDB/images/27.png,0,7,2
TestDataset/ETIS-LaribPolypDB,TestDataset/ETIS-LaribPolypDB/images/25.png,TestDataset/ETIS-LaribPolypDB,TestDataset/ETIS-LaribPolypDB/images/29.png,1,3,0
TestDataset/ETIS-LaribPolypDB,TestDataset/ETIS-LaribPolypDB/images/25.png,TestDataset/ETIS-LaribPolypDB,TestDataset/ETIS-LaribPolypDB/images/30.png,0,8,2
TestDataset/ETIS-LaribPolypDB,TestDataset/ETIS-LaribPolypDB/images/26.png,TestDataset/ETIS-LaribPolypDB,TestDataset/ETIS-LaribPolypDB/images/27.png,0,6,4
TestDataset/ETIS-LaribPolypDB,TestDataset/ETIS-LaribPolypDB/images/26.png,TestDataset/ETIS-LaribPolypDB,TestDataset/ETIS-LaribPolypDB/images/29.png,1,10,2
TestDataset/ETIS-LaribPolypDB,TestDataset/ETIS-LaribPolypDB/images/26.png,TestDataset/ETIS-LaribPolypDB,TestDataset/ETIS-LaribPolypDB/images/30.png,0,1,0
TestDataset/ETIS-LaribPolypDB,TestDataset/ETIS-LaribPolypDB/images/27.png,TestDataset/ETIS-LaribPolypDB,TestDataset/ETIS-LaribPolypDB/images/29.png,1,10,2
TestDataset/ETIS-LaribPolypDB,TestDataset/ETIS-LaribPolypDB/images/27.png,TestDataset/ETIS-LaribPolypDB,TestDataset/ETIS-LaribPolypDB/images/30.png,0,7,4
TestDataset/ETIS-LaribPolypDB,TestDataset/ETIS-LaribPolypDB/images/29.png,TestDataset/ETIS-LaribPolypDB,TestDataset/ETIS-LaribPolypDB/images/30.png,1,11,2
TestDataset/ETIS-LaribPolypDB,TestDataset/ETIS-LaribPolypDB/images/3.png,TestDataset/ETIS-LaribPolypDB,TestDataset/ETIS-LaribPolypDB/images/4.png,3,7,8
TestDataset/ETIS-LaribPolypDB,TestDataset/ETIS-LaribPolypDB/images/3.png,TestDataset/ETIS-LaribPolypDB,TestDataset/ETIS-LaribPolypDB/images/5.png,1,0,2
TestDataset/ETIS-LaribPolypDB,TestDataset/ETIS-LaribPolypDB/images/3.png,TestDataset/ETIS-LaribPolypDB,TestDataset/ETIS-LaribPolypDB/images/6.png,3,6,8
TestDataset/ETIS-LaribPolypDB,TestDataset/ETIS-LaribPolypDB/images/38.png,TestDataset/ETIS-LaribPolypDB,TestDataset/ETIS-LaribPolypDB/images/39.png,1,4,8
TestDataset/ETIS-LaribPolypDB,TestDataset/ETIS-LaribPolypDB/images/4.png,TestDataset/ETIS-LaribPolypDB,TestDataset/ETIS-LaribPolypDB/images/5.png,2,7,8
TestDataset/ETIS-LaribPolypDB,TestDataset/ETIS-LaribPolypDB/images/4.png,TestDataset/ETIS-LaribPolypDB,TestDataset/ETIS-LaribPolypDB/images/6.png,0,1,0
TestDataset/ETIS-LaribPolypDB,TestDataset/ETIS-LaribPolypDB/images/43.png,TestDataset/ETIS-LaribPolypDB,TestDataset/ETIS-LaribPolypDB/images/44.png,4,2,2
TestDataset/ETIS-LaribPolypDB,TestDataset/ETIS-LaribPolypDB/images/43.png,TestDataset/ETIS-LaribPolypDB,TestDataset/ETIS-LaribPolypDB/images/45.png,3,4,4
TestDataset/ETIS-LaribPolypDB,TestDataset/ETIS-LaribPolypDB/images/43.png,TestDataset/ETIS-LaribPolypDB,TestDataset/ETIS-LaribPolypDB/images/46.png,6,5,4
TestDataset/ETIS-LaribPolypDB,TestDataset/ETIS-LaribPolypDB/images/43.png,TestDataset/ETIS-LaribPolypDB,TestDataset/ETIS-LaribPolypDB/images/47.png,7,7,6
TestDataset/ETIS-LaribPolypDB,TestDataset/ETIS-LaribPolypDB/images/43.png,TestDataset/ETIS-LaribPolypDB,TestDataset/ETIS-LaribPolypDB/images/48.png,4,4,2
TestDataset/ETIS-LaribPolypDB,TestDataset/ETIS-LaribPolypDB/images/44.png,TestDataset/ETIS-LaribPolypDB,TestDataset/ETIS-LaribPolypDB/images/45.png,1,2,2
TestDataset/ETIS-LaribPolypDB,TestDataset/ETIS-LaribPolypDB/images/44.png,TestDataset/ETIS-LaribPolypDB,TestDataset/ETIS-LaribPolypDB/images/46.png,4,3,2
TestDataset/ETIS-LaribPolypDB,TestDataset/ETIS-LaribPolypDB/images/44.png,TestDataset/ETIS-LaribPolypDB,TestDataset/ETIS-LaribPolypDB/images/47.png,3,7,4
TestDataset/ETIS-LaribPolypDB,TestDataset/ETIS-LaribPolypDB/images/44.png,TestDataset/ETIS-LaribPolypDB,TestDataset/ETIS-LaribPolypDB/images/48.png,0,2,0
TestDataset/ETIS-LaribPolypDB,TestDataset/ETIS-LaribPolypDB/images/45.png,TestDataset/ETIS-LaribPolypDB,TestDataset/ETIS-LaribPolypDB/images/46.png,3,1,2
TestDataset/ETIS-LaribPolypDB,TestDataset/ETIS-LaribPolypDB/images/45.png,TestDataset/ETIS-LaribPolypDB,TestDataset/ETIS-LaribPolypDB/images/47.png,4,5,4
TestDataset/ETIS-LaribPolypDB,TestDataset/ETIS-LaribPolypDB/images/45.png,TestDataset/ETIS-LaribPolypDB,TestDataset/ETIS-LaribPolypDB/images/48.png,1,0,2
TestDataset/ETIS-LaribPolypDB,TestDataset/ETIS-LaribPolypDB/images/46.png,TestDataset/ETIS-LaribPolypDB,TestDataset/ETIS-LaribPolypDB/images/47.png,1,4,6
TestDataset/ETIS-LaribPolypDB,TestDataset/ETIS-LaribPolypDB/images/46.png,TestDataset/ETIS-LaribPolypDB,TestDataset/ETIS-LaribPolypDB/images/48.png,4,1,2
TestDataset/ETIS-LaribPolypDB,TestDataset/ETIS-LaribPolypDB/images/47.png,TestDataset/ETIS-LaribPolypDB,TestDataset/ETIS-LaribPolypDB/images/48.png,3,5,4
TestDataset/ETIS-LaribPolypDB,TestDataset/ETIS-LaribPolypDB/images/49.png,TestDataset/ETIS-LaribPolypDB,TestDataset/ETIS-LaribPolypDB/images/50.png,1,8,8
TestDataset/ETIS-LaribPolypDB,TestDataset/ETIS-LaribPolypDB/images/49.png,TestDataset/ETIS-LaribPolypDB,TestDataset/ETIS-LaribPolypDB/images/55.png,0,0,2
TestDataset/ETIS-LaribPolypDB,TestDataset/ETIS-LaribPolypDB/images/5.png,TestDataset/ETIS-LaribPolypDB,TestDataset/ETIS-LaribPolypDB/images/6.png,2,6,8
TestDataset/ETIS-LaribPolypDB,TestDataset/ETIS-LaribPolypDB/images/50.png,TestDataset/ETIS-LaribPolypDB,TestDataset/ETIS-LaribPolypDB/images/55.png,1,8,10
TestDataset/ETIS-LaribPolypDB,TestDataset/ETIS-LaribPolypDB/images/51.png,TestDataset/ETIS-LaribPolypDB,TestDataset/ETIS-LaribPolypDB/images/56.png,1,0,0
TestDataset/ETIS-LaribPolypDB,TestDataset/ETIS-LaribPolypDB/images/59.png,TestDataset/ETIS-LaribPolypDB,TestDataset/ETIS-LaribPolypDB/images/61.png,2,4,6
TestDataset/ETIS-LaribPolypDB,TestDataset/ETIS-LaribPolypDB/images/59.png,TestDataset/ETIS-LaribPolypDB,TestDataset/ETIS-LaribPolypDB/images/62.png,0,4,4
TestDataset/ETIS-LaribPolypDB,TestDataset/ETIS-LaribPolypDB/images/61.png,TestDataset/ETIS-LaribPolypDB,TestDataset/ETIS-LaribPolypDB/images/62.png,2,4,2
TestDataset/ETIS-LaribPolypDB,TestDataset/ETIS-LaribPolypDB/images/64.png,TestDataset/ETIS-LaribPolypDB,TestDataset/ETIS-LaribPolypDB/images/66.png,1,4,2
TestDataset/ETIS-LaribPolypDB,TestDataset/ETIS-LaribPolypDB/images/65.png,TestDataset/ETIS-LaribPolypDB,TestDataset/ETIS-LaribPolypDB/images/67.png,0,2,4
TestDataset/ETIS-LaribPolypDB,TestDataset/ETIS-LaribPolypDB/images/69.png,TestDataset/ETIS-LaribPolypDB,TestDataset/ETIS-LaribPolypDB/images/71.png,7,11,8
TestDataset/ETIS-LaribPolypDB,TestDataset/ETIS-LaribPolypDB/images/69.png,TestDataset/ETIS-LaribPolypDB,TestDataset/ETIS-LaribPolypDB/images/72.png,3,8,8
TestDataset/ETIS-LaribPolypDB,TestDataset/ETIS-LaribPolypDB/images/69.png,TestDataset/ETIS-LaribPolypDB,TestDataset/ETIS-LaribPolypDB/images/73.png,0,1,4
TestDataset/ETIS-LaribPolypDB,TestDataset/ETIS-LaribPolypDB/images/69.png,TestDataset/ETIS-LaribPolypDB,TestDataset/ETIS-LaribPolypDB/images/74.png,7,13,8
TestDataset/ETIS-LaribPolypDB,TestDataset/ETIS-LaribPolypDB/images/7.png,TestDataset/ETIS-LaribPolypDB,TestDataset/ETIS-LaribPolypDB/images/8.png,8,6,10
TestDataset/ETIS-LaribPolypDB,TestDataset/ETIS-LaribPolypDB/images/7.png,TestDataset/ETIS-LaribPolypDB,TestDataset/ETIS-LaribPolypDB/images/9.png,1,4,4
TestDataset/ETIS-LaribPolypDB,TestDataset/ETIS-LaribPolypDB/images/71.png,TestDataset/ETIS-LaribPolypDB,TestDataset/ETIS-LaribPolypDB/images/74.png,0,4,2
TestDataset/ETIS-LaribPolypDB,TestDataset/ETIS-LaribPolypDB/images/73.png,TestDataset/ETIS-LaribPolypDB,TestDataset/ETIS-LaribPolypDB/images/74.png,7,12,8
TestDataset/ETIS-LaribPolypDB,TestDataset/ETIS-LaribPolypDB/images/75.png,TestDataset/ETIS-LaribPolypDB,TestDataset/ETIS-LaribPolypDB/images/80.png,1,8,10
TestDataset/ETIS-LaribPolypDB,TestDataset/ETIS-LaribPolypDB/images/76.png,TestDataset/ETIS-LaribPolypDB,TestDataset/ETIS-LaribPolypDB/images/77.png,2,7,12
TestDataset/ETIS-LaribPolypDB,TestDataset/ETIS-LaribPolypDB/images/78.png,TestDataset/ETIS-LaribPolypDB,TestDataset/ETIS-LaribPolypDB/images/79.png,2,7,8
TestDataset/ETIS-LaribPolypDB,TestDataset/ETIS-LaribPolypDB/images/8.png,TestDataset/ETIS-LaribPolypDB,TestDataset/ETIS-LaribPolypDB/images/9.png,7,4,14
TestDataset/ETIS-LaribPolypDB,TestDataset/ETIS-LaribPolypDB/images/82.png,TestDataset/ETIS-LaribPolypDB,TestDataset/ETIS-LaribPolypDB/images/86.png,2,2,6
TestDataset/ETIS-LaribPolypDB,TestDataset/ETIS-LaribPolypDB/images/87.png,TestDataset/ETIS-LaribPolypDB,TestDataset/ETIS-LaribPolypDB/images/91.png,7,6,16
TestDataset/ETIS-LaribPolypDB,TestDataset/ETIS-LaribPolypDB/images/93.png,TestDataset/ETIS-LaribPolypDB,TestDataset/ETIS-LaribPolypDB/images/94.png,4,4,10
TestDataset/ETIS-LaribPolypDB,TestDataset/ETIS-LaribPolypDB/images/93.png,TestDataset/ETIS-LaribPolypDB,TestDataset/ETIS-LaribPolypDB/images/95.png,7,6,14
TestDataset/ETIS-LaribPolypDB,TestDataset/ETIS-LaribPolypDB/images/93.png,TestDataset/ETIS-LaribPolypDB,TestDataset/ETIS-LaribPolypDB/images/98.png,0,1,4
TestDataset/ETIS-LaribPolypDB,TestDataset/ETIS-LaribPolypDB/images/94.png,TestDataset/ETIS-LaribPolypDB,TestDataset/ETIS-LaribPolypDB/images/95.png,3,4,8
TestDataset/ETIS-LaribPolypDB,TestDataset/ETIS-LaribPolypDB/images/94.png,TestDataset/ETIS-LaribPolypDB,TestDataset/ETIS-LaribPolypDB/images/98.png,4,5,8
TestDataset/ETIS-LaribPolypDB,TestDataset/ETIS-LaribPolypDB/images/95.png,TestDataset/ETIS-LaribPolypDB,TestDataset/ETIS-LaribPolypDB/images/98.png,7,7,12
TestDataset/ETIS-LaribPolypDB,TestDataset/ETIS-LaribPolypDB/images/161.png,TrainDataset,TrainDataset/images/cju7ae7bq1f820987toc8si1d.png,5,7,24
TestDataset/ETIS-LaribPolypDB,TestDataset/ETIS-LaribPolypDB/images/41.png,TrainDataset,TrainDataset/images/29.png,7,8,20
TestDataset/ETIS-LaribPolypDB,TestDataset/ETIS-LaribPolypDB/images/41.png,TrainDataset,TrainDataset/images/30.png,7,8,20
TestDataset/ETIS-LaribPolypDB,TestDataset/ETIS-LaribPolypDB/images/41.png,TrainDataset,TrainDataset/images/32.png,8,8,20
TestDataset/ETIS-LaribPolypDB,TestDataset/ETIS-LaribPolypDB/images/41.png,TrainDataset,TrainDataset/images/34.png,7,6,24
TestDataset/ETIS-LaribPolypDB,TestDataset/ETIS-LaribPolypDB/images/41.png,TrainDataset,TrainDataset/images/37.png,8,6,20
TestDataset/ETIS-LaribPolypDB,TestDataset/ETIS-LaribPolypDB/images/41.png,TrainDataset,TrainDataset/images/38.png,8,8,22
TestDataset/ETIS-LaribPolypDB,TestDataset/ETIS-LaribPolypDB/images/41.png,TrainDataset,TrainDataset/images/39.png,8,7,20
TestDataset/ETIS-LaribPolypDB,TestDataset/ETIS-LaribPolypDB/images/41.png,TrainDataset,TrainDataset/images/41.png,6,7,22
TestDataset/ETIS-LaribPolypDB,TestDataset/ETIS-LaribPolypDB/images/41.png,TrainDataset,TrainDataset/images/43.png,8,6,24
TestDataset/ETIS-LaribPolypDB,TestDataset/ETIS-LaribPolypDB/images/41.png,TrainDataset,TrainDataset/images/47.png,7,8,16
TestDataset/ETIS-LaribPolypDB,TestDataset/ETIS-LaribPolypDB/images/41.png,TrainDataset,TrainDataset/images/49.png,7,5,22
TestDataset/ETIS-LaribPolypDB,TestDataset/ETIS-LaribPolypDB/images/43.png,TrainDataset,TrainDataset/images/cju0qoxqj9q6s0835b43399p4.png,4,6,12
TestDataset/ETIS-LaribPolypDB,TestDataset/ETIS-LaribPolypDB/images/43.png,TrainDataset,TrainDataset/images/cju6v6g6kvdw007552x6mb0po.png,8,9,8
TestDataset/ETIS-LaribPolypDB,TestDataset/ETIS-LaribPolypDB/images/44.png,TrainDataset,TrainDataset/images/cju0qoxqj9q6s0835b43399p4.png,8,8,12
TestDataset/ETIS-LaribPolypDB,TestDataset/ETIS-LaribPolypDB/images/45.png,TrainDataset,TrainDataset/images/cju0qoxqj9q6s0835b43399p4.png,7,6,12
TestDataset/ETIS-LaribPolypDB,TestDataset/ETIS-LaribPolypDB/images/48.png,TrainDataset,TrainDataset/images/cju0qoxqj9q6s0835b43399p4.png,8,6,12
TestDataset/ETIS-LaribPolypDB,TestDataset/ETIS-LaribPolypDB/images/151.png,ValidationDataset,ValidationDataset/images/cju8bpctzrqkr0850zeldv9kt.png,6,18,8
TestDataset/ETIS-LaribPolypDB,TestDataset/ETIS-LaribPolypDB/images/41.png,ValidationDataset,ValidationDataset/images/44.png,8,5,18
TestDataset/Kvasir,TestDataset/Kvasir/images/cju2hfqnmhisa0993gpleeldd.png,TestDataset/Kvasir,TestDataset/Kvasir/images/cju3v11mrgwwb0755u242ygye.png,7,7,14
TestDataset/Kvasir,TestDataset/Kvasir/images/cju1cbokpuiw70988j4lq1fpi.png,TrainDataset,TrainDataset/images/479.png,6,8,24
TestDataset/Kvasir,TestDataset/Kvasir/images/cju1cbokpuiw70988j4lq1fpi.png,TrainDataset,TrainDataset/images/482.png,6,8,22
TestDataset/Kvasir,TestDataset/Kvasir/images/cju1cj3f0qi5n0993ut8f49rj.png,TrainDataset,TrainDataset/images/cju2m56cryvqd0801gtn2yp8t.png,8,8,30
TestDataset/Kvasir,TestDataset/Kvasir/images/cju1cj3f0qi5n0993ut8f49rj.png,TrainDataset,TrainDataset/images/cju7ev2b12owa08500bpfpwyw.png,7,8,16
TestDataset/Kvasir,TestDataset/Kvasir/images/cju2hfqnmhisa0993gpleeldd.png,TrainDataset,TrainDataset/images/cju3uwz6ogsp10801h2r3bj5l.png,7,7,18
TestDataset/Kvasir,TestDataset/Kvasir/images/cju3uhb79gcgr0871orbrbi3x.png,TrainDataset,TrainDataset/images/cju6xifswvwbo0987nibtdr50.png,8,19,8
TestDataset/Kvasir,TestDataset/Kvasir/images/cju3v11mrgwwb0755u242ygye.png,TrainDataset,TrainDataset/images/cju2lz8vqktne0993fuym6drw.png,6,18,8
TestDataset/Kvasir,TestDataset/Kvasir/images/cju84hibuktj80871u519o71q.png,TrainDataset,TrainDataset/images/27.png,5,6,20
TestDataset/Kvasir,TestDataset/Kvasir/images/cju84hibuktj80871u519o71q.png,TrainDataset,TrainDataset/images/83.png,8,5,22
TestDataset/Kvasir,TestDataset/Kvasir/images/cju84hibuktj80871u519o71q.png,TrainDataset,TrainDataset/images/84.png,7,6,24
TestDataset/Kvasir,TestDataset/Kvasir/images/cju84hibuktj80871u519o71q.png,TrainDataset,TrainDataset/images/85.png,8,4,18
TestDataset/Kvasir,TestDataset/Kvasir/images/cju84hibuktj80871u519o71q.png,TrainDataset,TrainDataset/images/86.png,7,3,22
TestDataset/Kvasir,TestDataset/Kvasir/images/cju84hibuktj80871u519o71q.png,TrainDataset,TrainDataset/images/87.png,8,6,20
TestDataset/Kvasir,TestDataset/Kvasir/images/cju84hibuktj80871u519o71q.png,TrainDataset,TrainDataset/images/90.png,7,7,20
TestDataset/Kvasir,TestDataset/Kvasir/images/cju84hibuktj80871u519o71q.png,TrainDataset,TrainDataset/images/91.png,7,7,18
TestDataset/Kvasir,TestDataset/Kvasir/images/cju84hibuktj80871u519o71q.png,TrainDataset,TrainDataset/images/92.png,8,8,20
TestDataset/Kvasir,TestDataset/Kvasir/images/cju88t4fvokxf07558ymyh281.png,TrainDataset,TrainDataset/images/cju785htizjzo08017tvlhtg4.png,6,8,14
TestDataset/Kvasir,TestDataset/Kvasir/images/cju88t4fvokxf07558ymyh281.png,TrainDataset,TrainDataset/images/cju7agj961l2r0818z29iq8yn.png,5,10,8
TestDataset/Kvasir,TestDataset/Kvasir/images/cju88vx2uoocy075531lc63n3.png,TrainDataset,TrainDataset/images/cju0tl3uz8blh0993wxvn7ly3.png,7,9,8
TestDataset/Kvasir,TestDataset/Kvasir/images/cju84hibuktj80871u519o71q.png,ValidationDataset,ValidationDataset/images/88.png,7,4,24
TrainDataset,TrainDataset/images/1.png,TrainDataset,TrainDataset/images/13.png,13,7,4
TrainDataset,TrainDataset/images/1.png,TrainDataset,TrainDataset/images/3.png,9,8,8
TrainDataset,TrainDataset/images/1.png,TrainDataset,TrainDataset/images/9.png,6,8,16
TrainDataset,TrainDataset/images/101.png,TrainDataset,TrainDataset/images/102.png,1,3,14
TrainDataset,TrainDataset/images/101.png,TrainDataset,TrainDataset/images/27.png,8,6,14
TrainDataset,TrainDataset/images/101.png,TrainDataset,TrainDataset/images/345.png,6,7,20
TrainDataset,TrainDataset/images/101.png,TrainDataset,TrainDataset/images/36.png,7,7,10
TrainDataset,TrainDataset/images/101.png,TrainDataset,TrainDataset/images/90.png,4,7,12
TrainDataset,TrainDataset/images/101.png,TrainDataset,TrainDataset/images/92.png,7,8,10
TrainDataset,TrainDataset/images/101.png,TrainDataset,TrainDataset/images/95.png,6,8,18
TrainDataset,TrainDataset/images/102.png,TrainDataset,TrainDataset/images/345.png,7,8,18
TrainDataset,TrainDataset/images/102.png,TrainDataset,TrainDataset/images/36.png,8,8,16
TrainDataset,TrainDataset/images/102.png,TrainDataset,TrainDataset/images/487.png,8,8,26
TrainDataset,TrainDataset/images/102.png,TrainDataset,TrainDataset/images/83.png,4,8,22
TrainDataset,TrainDataset/images/102.png,TrainDataset,TrainDataset/images/85.png,2,7,16
TrainDataset,TrainDataset/images/102.png,TrainDataset,TrainDataset/images/86.png,3,8,20
TrainDataset,TrainDataset/images/102.png,TrainDataset,TrainDataset/images/90.png,5,8,20
TrainDataset,TrainDataset/images/102.png,TrainDataset,TrainDataset/images/92.png,8,7,18
TrainDataset,TrainDataset/images/102.png,TrainDataset,TrainDataset/images/93.png,4,8,20
TrainDataset,TrainDataset/images/102.png,TrainDataset,TrainDataset/images/94.png,3,8,12
TrainDataset,TrainDataset/images/102.png,TrainDataset,TrainDataset/images/95.png,5,7,22
TrainDataset,TrainDataset/images/102.png,TrainDataset,TrainDataset/images/96.png,6,8,26
TrainDataset,TrainDataset/images/102.png,TrainDataset,TrainDataset/images/cju3xtufwiv9c0818djsc4cqd.png,7,8,18
TrainDataset,TrainDataset/images/107.png,TrainDataset,TrainDataset/images/109.png,6,5,6
TrainDataset,TrainDataset/images/11.png,TrainDataset,TrainDataset/images/12.png,8,8,20
TrainDataset,TrainDataset/images/110.png,TrainDataset,TrainDataset/images/111.png,3,6,4
TrainDataset,TrainDataset/images/110.png,TrainDataset,TrainDataset/images/454.png,4,18,8
TrainDataset,TrainDataset/images/111.png,TrainDataset,TrainDataset/images/112.png,0,4,8
TrainDataset,TrainDataset/images/111.png,TrainDataset,TrainDataset/images/113.png,0,4,8
TrainDataset,TrainDataset/images/111.png,TrainDataset,TrainDataset/images/454.png,3,16,8
TrainDataset,TrainDataset/images/112.png,TrainDataset,TrainDataset/images/113.png,0,0,0
TrainDataset,TrainDataset/images/112.png,TrainDataset,TrainDataset/images/115.png,6,18,8
TrainDataset,TrainDataset/images/113.png,TrainDataset,TrainDataset/images/115.png,6,18,8
TrainDataset,TrainDataset/images/115.png,TrainDataset,TrainDataset/images/116.png,1,8,6
TrainDataset,TrainDataset/images/115.png,TrainDataset,TrainDataset/images/120.png,1,5,6
TrainDataset,TrainDataset/images/115.png,TrainDataset,TrainDataset/images/121.png,5,5,6
TrainDataset,TrainDataset/images/115.png,TrainDataset,TrainDataset/images/122.png,5,13,8
TrainDataset,TrainDataset/images/115.png,TrainDataset,TrainDataset/images/452.png,7,12,8
TrainDataset,TrainDataset/images/115.png,TrainDataset,TrainDataset/images/462.png,3,14,8
TrainDataset,TrainDataset/images/115.png,TrainDataset,TrainDataset/images/463.png,7,12,8
TrainDataset,TrainDataset/images/116.png,TrainDataset,TrainDataset/images/118.png,4,12,6
TrainDataset,TrainDataset/images/116.png,TrainDataset,TrainDataset/images/120.png,2,11,6
TrainDataset,TrainDataset/images/116.png,TrainDataset,TrainDataset/images/452.png,6,10,8
TrainDataset,TrainDataset/images/116.png,TrainDataset,TrainDataset/images/462.png,4,8,6
TrainDataset,TrainDataset/images/116.png,TrainDataset,TrainDataset/images/463.png,6,8,8
TrainDataset,TrainDataset/images/12.png,TrainDataset,TrainDataset/images/6.png,11,5,8
TrainDataset,TrainDataset/images/120.png,TrainDataset,TrainDataset/images/121.png,4,2,4
TrainDataset,TrainDataset/images/120.png,TrainDataset,TrainDataset/images/122.png,4,14,8
TrainDataset,TrainDataset/images/120.png,TrainDataset,TrainDataset/images/462.png,2,15,8
TrainDataset,TrainDataset/images/120.png,TrainDataset,TrainDataset/images/463.png,6,11,8
TrainDataset,TrainDataset/images/120.png,TrainDataset,TrainDataset/images/466.png,8,14,8
TrainDataset,TrainDataset/images/121.png,TrainDataset,TrainDataset/images/122.png,4,12,8
TrainDataset,TrainDataset/images/121.png,TrainDataset,TrainDataset/images/457.png,7,13,6
TrainDataset,TrainDataset/images/121.png,TrainDataset,TrainDataset/images/465.png,7,12,8
TrainDataset,TrainDataset/images/122.png,TrainDataset,TrainDataset/images/123.png,6,3,10
TrainDataset,TrainDataset/images/122.png,TrainDataset,TrainDataset/images/124.png,4,3,18
TrainDataset,TrainDataset/images/122.png,TrainDataset,TrainDataset/images/451.png,7,9,8
TrainDataset,TrainDataset/images/122.png,TrainDataset,TrainDataset/images/458.png,7,10,8
TrainDataset,TrainDataset/images/122.png,TrainDataset,TrainDataset/images/461.png,7,19,6
TrainDataset,TrainDataset/images/122.png,TrainDataset,TrainDataset/images/463.png,6,15,8
TrainDataset,TrainDataset/images/123.png,TrainDataset,TrainDataset/images/124.png,2,2,12
TrainDataset,TrainDataset/images/123.png,TrainDataset,TrainDataset/images/451.png,7,8,10
TrainDataset,TrainDataset/images/123.png,TrainDataset,TrainDataset/images/452.png,8,8,16
TrainDataset,TrainDataset/images/124.png,TrainDataset,TrainDataset/images/451.png,7,8,14
TrainDataset,TrainDataset/images/124.png,TrainDataset,TrainDataset/images/452.png,8,8,16
TrainDataset,TrainDataset/images/127.png,TrainDataset,TrainDataset/images/128.png,1,8,6
TrainDataset,TrainDataset/images/130.png,TrainDataset,TrainDataset/images/131.png,3,7,6
TrainDataset,TrainDataset/images/130.png,TrainDataset,TrainDataset/images/145.png,4,7,26
TrainDataset,TrainDataset/images/130.png,TrainDataset,TrainDataset/images/325.png,5,8,24
TrainDataset,TrainDataset/images/131.png,TrainDataset,TrainDataset/images/151.png,2,7,16
TrainDataset,TrainDataset/images/131.png,TrainDataset,TrainDataset/images/237.png,8,4,12
TrainDataset,TrainDataset/images/131.png,TrainDataset,TrainDataset/images/238.png,6,7,12
TrainDataset,TrainDataset/images/131.png,TrainDataset,TrainDataset/images/322.png,4,7,24
TrainDataset,TrainDataset/images/131.png,TrainDataset,TrainDataset/images/71.png,8,7,14
TrainDataset,TrainDataset/images/132.png,TrainDataset,TrainDataset/images/371.png,4,8,12
TrainDataset,TrainDataset/images/132.png,TrainDataset,TrainDataset/images/372.png,4,8,12
TrainDataset,TrainDataset/images/133.png,TrainDataset,TrainDataset/images/150.png,3,8,8
TrainDataset,TrainDataset/images/137.png,TrainDataset,TrainDataset/images/364.png,2,12,8
TrainDataset,TrainDataset/images/137.png,TrainDataset,TrainDataset/images/365.png,2,12,8
TrainDataset,TrainDataset/images/137.png,TrainDataset,TrainDataset/images/366.png,2,9,8
TrainDataset,TrainDataset/images/137.png,TrainDataset,TrainDataset/images/367.png,3,13,8
TrainDataset,TrainDataset/images/137.png,TrainDataset,TrainDataset/images/368.png,4,17,8
TrainDataset,TrainDataset/images/137.png,TrainDataset,TrainDataset/images/369.png,4,17,8
TrainDataset,TrainDataset/images/137.png,TrainDataset,TrainDataset/images/370.png,4,16,8
TrainDataset,TrainDataset/images/137.png,TrainDataset,TrainDataset/images/371.png,4,12,8
TrainDataset,TrainDataset/images/137.png,TrainDataset,TrainDataset/images/372.png,4,12,8
TrainDataset,TrainDataset/images/137.png,TrainDataset,TrainDataset/images/376.png,4,12,8
TrainDataset,TrainDataset/images/137.png,TrainDataset,TrainDataset/images/377.png,3,11,8
TrainDataset,TrainDataset/images/137.png,TrainDataset,TrainDataset/images/378.png,3,12,8
TrainDataset,TrainDataset/images/137.png,TrainDataset,TrainDataset/images/380.png,2,10,8
TrainDataset,TrainDataset/images/137.png,TrainDataset,TrainDataset/images/382.png,3,13,8
TrainDataset,TrainDataset/images/137.png,TrainDataset,TrainDataset/images/473.png,7,15,8
TrainDataset,TrainDataset/images/137.png,TrainDataset,TrainDataset/images/532.png,6,15,8
TrainDataset,TrainDataset/images/137.png,TrainDataset,TrainDataset/images/541.png,7,19,8
TrainDataset,TrainDataset/images/138.png,TrainDataset,TrainDataset/images/144.png,5,8,14
TrainDataset,TrainDataset/images/139.png,TrainDataset,TrainDataset/images/144.png,4,16,6
TrainDataset,TrainDataset/images/141.png,TrainDataset,TrainDataset/images/201.png,8,12,8
TrainDataset,TrainDataset/images/145.png,TrainDataset,TrainDataset/images/146.png,3,5,14
TrainDataset,TrainDataset/images/145.png,TrainDataset,TrainDataset/images/497.png,2,8,18
TrainDataset,TrainDataset/images/146.png,TrainDataset,TrainDataset/images/479.png,8,6,22
TrainDataset,TrainDataset/images/146.png,TrainDataset,TrainDataset/images/480.png,8,7,24
TrainDataset,TrainDataset/images/146.png,TrainDataset,TrainDataset/images/482.png,8,8,22
TrainDataset,TrainDataset/images/146.png,TrainDataset,TrainDataset/images/497.png,5,7,22
TrainDataset,TrainDataset/images/146.png,TrainDataset,TrainDataset/images/498.png,6,6,28
TrainDataset,TrainDataset/images/149.png,TrainDataset,TrainDataset/images/150.png,1,4,12
TrainDataset,TrainDataset/images/150.png,TrainDataset,TrainDataset/images/151.png,1,9,8
TrainDataset,TrainDataset/images/150.png,TrainDataset,TrainDataset/images/33.png,8,8,22
TrainDataset,TrainDataset/images/150.png,TrainDataset,TrainDataset/images/551.png,7,5,10
TrainDataset,TrainDataset/images/151.png,TrainDataset,TrainDataset/images/551.png,6,6,12
TrainDataset,TrainDataset/images/153.png,TrainDataset,TrainDataset/images/29.png,1,8,18
TrainDataset,TrainDataset/images/155.png,TrainDataset,TrainDataset/images/156.png,1,10,8
TrainDataset,TrainDataset/images/155.png,TrainDataset,TrainDataset/images/161.png,1,8,12
TrainDataset,TrainDataset/images/155.png,TrainDataset,TrainDataset/images/69.png,5,9,6
TrainDataset,TrainDataset/images/156.png,TrainDataset,TrainDataset/images/157.png,2,16,6
TrainDataset,TrainDataset/images/156.png,TrainDataset,TrainDataset/images/158.png,0,6,10
TrainDataset,TrainDataset/images/156.png,TrainDataset,TrainDataset/images/161.png,0,6,14
TrainDataset,TrainDataset/images/156.png,TrainDataset,TrainDataset/images/162.png,3,15,8
TrainDataset,TrainDataset/images/156.png,TrainDataset,TrainDataset/images/167.png,1,8,18
TrainDataset,TrainDataset/images/156.png,TrainDataset,TrainDataset/images/168.png,2,14,6
TrainDataset,TrainDataset/images/156.png,TrainDataset,TrainDataset/images/35.png,3,14,8
TrainDataset,TrainDataset/images/157.png,TrainDataset,TrainDataset/images/160.png,4,3,6
TrainDataset,TrainDataset/images/157.png,TrainDataset,TrainDataset/images/162.png,1,11,8
TrainDataset,TrainDataset/images/157.png,TrainDataset,TrainDataset/images/30.png,3,19,8
TrainDataset,TrainDataset/images/158.png,TrainDataset,TrainDataset/images/159.png,3,8,18
TrainDataset,TrainDataset/images/158.png,TrainDataset,TrainDataset/images/161.png,0,6,12
TrainDataset,TrainDataset/images/158.png,TrainDataset,TrainDataset/images/167.png,1,8,12
TrainDataset,TrainDataset/images/158.png,TrainDataset,TrainDataset/images/437.png,5,8,18
TrainDataset,TrainDataset/images/159.png,TrainDataset,TrainDataset/images/164.png,0,7,6
TrainDataset,TrainDataset/images/159.png,TrainDataset,TrainDataset/images/36.png,4,6,16
TrainDataset,TrainDataset/images/159.png,TrainDataset,TrainDataset/images/41.png,3,8,22
TrainDataset,TrainDataset/images/159.png,TrainDataset,TrainDataset/images/433.png,7,8,16
TrainDataset,TrainDataset/images/159.png,TrainDataset,TrainDataset/images/46.png,6,8,16
TrainDataset,TrainDataset/images/159.png,TrainDataset,TrainDataset/images/48.png,5,8,12
TrainDataset,TrainDataset/images/160.png,TrainDataset,TrainDataset/images/162.png,3,10,6
TrainDataset,TrainDataset/images/160.png,TrainDataset,TrainDataset/images/168.png,4,13,8
TrainDataset,TrainDataset/images/161.png,TrainDataset,TrainDataset/images/167.png,1,8,16
TrainDataset,TrainDataset/images/162.png,TrainDataset,TrainDataset/images/168.png,1,7,8
TrainDataset,TrainDataset/images/164.png,TrainDataset,TrainDataset/images/172.png,4,8,20
TrainDataset,TrainDataset/images/164.png,TrainDataset,TrainDataset/images/29.png,4,8,18
TrainDataset,TrainDataset/images/164.png,TrainDataset,TrainDataset/images/30.png,4,6,14
TrainDataset,TrainDataset/images/164.png,TrainDataset,TrainDataset/images/355.png,8,8,18
TrainDataset,TrainDataset/images/164.png,TrainDataset,TrainDataset/images/36.png,4,3,18
TrainDataset,TrainDataset/images/164.png,TrainDataset,TrainDataset/images/37.png,5,8,18
TrainDataset,TrainDataset/images/164.png,TrainDataset,TrainDataset/images/40.png,4,7,18
TrainDataset,TrainDataset/images/164.png,TrainDataset,TrainDataset/images/41.png,3,7,20
TrainDataset,TrainDataset/images/164.png,TrainDataset,TrainDataset/images/43.png,3,6,20
TrainDataset,TrainDataset/images/164.png,TrainDataset,TrainDataset/images/433.png,7,7,16
TrainDataset,TrainDataset/images/164.png,TrainDataset,TrainDataset/images/434.png,7,8,16
TrainDataset,TrainDataset/images/164.png,TrainDataset,TrainDataset/images/48.png,5,7,12
TrainDataset,TrainDataset/images/164.png,TrainDataset,TrainDataset/images/49.png,6,7,20
TrainDataset,TrainDataset/images/167.png,TrainDataset,TrainDataset/images/46.png,4,8,18
TrainDataset,TrainDataset/images/167.png,TrainDataset,TrainDataset/images/71.png,7,8,22
TrainDataset,TrainDataset/images/169.png,TrainDataset,TrainDataset/images/38.png,1,11,6
TrainDataset,TrainDataset/images/169.png,TrainDataset,TrainDataset/images/39.png,1,12,8
TrainDataset,TrainDataset/images/169.png,TrainDataset,TrainDataset/images/48.png,3,10,8
TrainDataset,TrainDataset/images/169.png,TrainDataset,TrainDataset/images/487.png,6,8,22
TrainDataset,TrainDataset/images/169.png,TrainDataset,TrainDataset/images/49.png,4,8,14
TrainDataset,TrainDataset/images/172.png,TrainDataset,TrainDataset/images/436.png,4,8,16
TrainDataset,TrainDataset/images/178.png,TrainDataset,TrainDataset/images/256.png,7,17,8
TrainDataset,TrainDataset/images/180.png,TrainDataset,TrainDataset/images/183.png,2,3,6
TrainDataset,TrainDataset/images/180.png,TrainDataset,TrainDataset/images/193.png,2,7,6
TrainDataset,TrainDataset/images/180.png,TrainDataset,TrainDataset/images/194.png,6,8,8
TrainDataset,TrainDataset/images/180.png,TrainDataset,TrainDataset/images/195.png,6,6,8
TrainDataset,TrainDataset/images/180.png,TrainDataset,TrainDataset/images/196.png,6,7,8
TrainDataset,TrainDataset/images/180.png,TrainDataset,TrainDataset/images/197.png,4,8,8
TrainDataset,TrainDataset/images/180.png,TrainDataset,TrainDataset/images/198.png,3,6,10
TrainDataset,TrainDataset/images/180.png,TrainDataset,TrainDataset/images/199.png,3,6,10
TrainDataset,TrainDataset/images/180.png,TrainDataset,TrainDataset/images/215.png,5,8,12
TrainDataset,TrainDataset/images/180.png,TrainDataset,TrainDataset/images/216.png,6,8,6
TrainDataset,TrainDataset/images/180.png,TrainDataset,TrainDataset/images/226.png,7,8,8
TrainDataset,TrainDataset/images/180.png,TrainDataset,TrainDataset/images/369.png,7,15,8
TrainDataset,TrainDataset/images/183.png,TrainDataset,TrainDataset/images/193.png,4,8,10
TrainDataset,TrainDataset/images/183.png,TrainDataset,TrainDataset/images/194.png,4,7,6
TrainDataset,TrainDataset/images/183.png,TrainDataset,TrainDataset/images/195.png,4,5,6
TrainDataset,TrainDataset/images/183.png,TrainDataset,TrainDataset/images/196.png,4,4,6
TrainDataset,TrainDataset/images/183.png,TrainDataset,TrainDataset/images/197.png,2,7,4
TrainDataset,TrainDataset/images/183.png,TrainDataset,TrainDataset/images/198.png,1,5,4
TrainDataset,TrainDataset/images/183.png,TrainDataset,TrainDataset/images/199.png,1,5,4
TrainDataset,TrainDataset/images/183.png,TrainDataset,TrainDataset/images/226.png,5,7,8
TrainDataset,TrainDataset/images/184.png,TrainDataset,TrainDataset/images/186.png,4,14,6
TrainDataset,TrainDataset/images/184.png,TrainDataset,TrainDataset/images/190.png,3,8,8
TrainDataset,TrainDataset/images/184.png,TrainDataset,TrainDataset/images/192.png,3,14,8
TrainDataset,TrainDataset/images/186.png,TrainDataset,TrainDataset/images/187.png,2,12,8
TrainDataset,TrainDataset/images/186.png,TrainDataset,TrainDataset/images/190.png,1,10,6
TrainDataset,TrainDataset/images/186.png,TrainDataset,TrainDataset/images/192.png,1,14,6
TrainDataset,TrainDataset/images/187.png,TrainDataset,TrainDataset/images/188.png,2,6,2
TrainDataset,TrainDataset/images/187.png,TrainDataset,TrainDataset/images/189.png,0,9,4
TrainDataset,TrainDataset/images/187.png,TrainDataset,TrainDataset/images/190.png,3,8,6
TrainDataset,TrainDataset/images/188.png,TrainDataset,TrainDataset/images/189.png,2,11,6
TrainDataset,TrainDataset/images/188.png,TrainDataset,TrainDataset/images/190.png,3,10,8
TrainDataset,TrainDataset/images/188.png,TrainDataset,TrainDataset/images/557.png,8,12,8
TrainDataset,TrainDataset/images/189.png,TrainDataset,TrainDataset/images/190.png,3,5,10
TrainDataset,TrainDataset/images/189.png,TrainDataset,TrainDataset/images/216.png,6,12,8
TrainDataset,TrainDataset/images/189.png,TrainDataset,TrainDataset/images/370.png,5,10,8
TrainDataset,TrainDataset/images/190.png,TrainDataset,TrainDataset/images/192.png,0,14,8
TrainDataset,TrainDataset/images/190.png,TrainDataset,TrainDataset/images/193.png,3,8,14
TrainDataset,TrainDataset/images/190.png,TrainDataset,TrainDataset/images/216.png,5,7,12
TrainDataset,TrainDataset/images/190.png,TrainDataset,TrainDataset/images/221.png,2,7,16
TrainDataset,TrainDataset/images/190.png,TrainDataset,TrainDataset/images/222.png,3,7,16
TrainDataset,TrainDataset/images/190.png,TrainDataset,TrainDataset/images/223.png,8,8,20
TrainDataset,TrainDataset/images/190.png,TrainDataset,TrainDataset/images/565.png,8,8,14
TrainDataset,TrainDataset/images/192.png,TrainDataset,TrainDataset/images/224.png,7,11,8
TrainDataset,TrainDataset/images/192.png,TrainDataset,TrainDataset/images/475.png,3,17,8
TrainDataset,TrainDataset/images/193.png,TrainDataset,TrainDataset/images/216.png,6,7,6
TrainDataset,TrainDataset/images/193.png,TrainDataset,TrainDataset/images/522.png,8,16,8
TrainDataset,TrainDataset/images/194.png,TrainDataset,TrainDataset/images/195.png,0,2,0
TrainDataset,TrainDataset/images/194.png,TrainDataset,TrainDataset/images/196.png,0,5,0
TrainDataset,TrainDataset/images/194.png,TrainDataset,TrainDataset/images/197.png,2,8,2
TrainDataset,TrainDataset/images/194.png,TrainDataset,TrainDataset/images/198.png,3,10,6
TrainDataset,TrainDataset/images/194.png,TrainDataset,TrainDataset/images/199.png,3,10,6
TrainDataset,TrainDataset/images/195.png,TrainDataset,TrainDataset/images/196.png,0,3,0
TrainDataset,TrainDataset/images/195.png,TrainDataset,TrainDataset/images/197.png,2,8,2
TrainDataset,TrainDataset/images/195.png,TrainDataset,TrainDataset/images/198.png,3,8,6
TrainDataset,TrainDataset/images/195.png,TrainDataset,TrainDataset/images/199.png,3,8,6
TrainDataset,TrainDataset/images/196.png,TrainDataset,TrainDataset/images/197.png,2,5,2
TrainDataset,TrainDataset/images/196.png,TrainDataset,TrainDataset/images/198.png,3,7,6
TrainDataset,TrainDataset/images/196.png,TrainDataset,TrainDataset/images/199.png,3,7,6
TrainDataset,TrainDataset/images/197.png,TrainDataset,TrainDataset/images/198.png,1,4,4
TrainDataset,TrainDataset/images/197.png,TrainDataset,TrainDataset/images/199.png,1,4,4
TrainDataset,TrainDataset/images/198.png,TrainDataset,TrainDataset/images/199.png,0,0,0
TrainDataset,TrainDataset/images/2.png,TrainDataset,TrainDataset/images/3.png,4,3,4
TrainDataset,TrainDataset/images/2.png,TrainDataset,TrainDataset/images/5.png,9,5,6
TrainDataset,TrainDataset/images/200.png,TrainDataset,TrainDataset/images/201.png,2,0,4
TrainDataset,TrainDataset/images/200.png,TrainDataset,TrainDataset/images/282.png,6,8,14
TrainDataset,TrainDataset/images/200.png,TrainDataset,TrainDataset/images/283.png,3,6,22
TrainDataset,TrainDataset/images/200.png,TrainDataset,TrainDataset/images/293.png,5,7,18
TrainDataset,TrainDataset/images/200.png,TrainDataset,TrainDataset/images/294.png,8,8,20
TrainDataset,TrainDataset/images/200.png,TrainDataset,TrainDataset/images/295.png,7,8,22
TrainDataset,TrainDataset/images/200.png,TrainDataset,TrainDataset/images/376.png,8,8,16
TrainDataset,TrainDataset/images/200.png,TrainDataset,TrainDataset/images/544.png,5,8,10
TrainDataset,TrainDataset/images/201.png,TrainDataset,TrainDataset/images/232.png,4,15,8
TrainDataset,TrainDataset/images/201.png,TrainDataset,TrainDataset/images/282.png,4,8,14
TrainDataset,TrainDataset/images/201.png,TrainDataset,TrainDataset/images/283.png,3,6,22
TrainDataset,TrainDataset/images/201.png,TrainDataset,TrainDataset/images/293.png,5,7,18
TrainDataset,TrainDataset/images/201.png,TrainDataset,TrainDataset/images/294.png,8,8,22
TrainDataset,TrainDataset/images/201.png,TrainDataset,TrainDataset/images/295.png,7,8,22
TrainDataset,TrainDataset/images/201.png,TrainDataset,TrainDataset/images/376.png,6,8,18
TrainDataset,TrainDataset/images/201.png,TrainDataset,TrainDataset/images/540.png,4,9,8
TrainDataset,TrainDataset/images/201.png,TrainDataset,TrainDataset/images/544.png,3,8,6
TrainDataset,TrainDataset/images/203.png,TrainDataset,TrainDataset/images/204.png,2,8,6
TrainDataset,TrainDataset/images/203.png,TrainDataset,TrainDataset/images/283.png,4,8,20
TrainDataset,TrainDataset/images/203.png,TrainDataset,TrainDataset/images/490.png,6,7,20
TrainDataset,TrainDataset/images/203.png,TrainDataset,TrainDataset/images/cju7dqcwi2dz00850gcmr2ert.png,8,6,16
TrainDataset,TrainDataset/images/204.png,TrainDataset,TrainDataset/images/228.png,4,6,10
TrainDataset,TrainDataset/images/204.png,TrainDataset,TrainDataset/images/243.png,5,7,18
TrainDataset,TrainDataset/images/204.png,TrainDataset,TrainDataset/images/244.png,4,7,16
TrainDataset,TrainDataset/images/204.png,TrainDataset,TrainDataset/images/245.png,4,7,16
TrainDataset,TrainDataset/images/204.png,TrainDataset,TrainDataset/images/329.png,3,6,18
TrainDataset,TrainDataset/images/206.png,TrainDataset,TrainDataset/images/207.png,5,10,8
TrainDataset,TrainDataset/images/206.png,TrainDataset,TrainDataset/images/225.png,6,10,8
TrainDataset,TrainDataset/images/210.png,TrainDataset,TrainDataset/images/211.png,5,8,10
TrainDataset,TrainDataset/images/215.png,TrainDataset,TrainDataset/images/216.png,5,6,10
TrainDataset,TrainDataset/images/215.png,TrainDataset,TrainDataset/images/218.png,4,7,14
TrainDataset,TrainDataset/images/215.png,TrainDataset,TrainDataset/images/219.png,3,4,10
TrainDataset,TrainDataset/images/215.png,TrainDataset,TrainDataset/images/221.png,4,10,6
TrainDataset,TrainDataset/images/215.png,TrainDataset,TrainDataset/images/225.png,7,13,8
TrainDataset,TrainDataset/images/215.png,TrainDataset,TrainDataset/images/375.png,8,16,8
TrainDataset,TrainDataset/images/216.png,TrainDataset,TrainDataset/images/218.png,5,7,8
TrainDataset,TrainDataset/images/216.png,TrainDataset,TrainDataset/images/219.png,6,6,8
TrainDataset,TrainDataset/images/216.png,TrainDataset,TrainDataset/images/226.png,7,10,8
TrainDataset,TrainDataset/images/216.png,TrainDataset,TrainDataset/images/289.png,8,7,12
TrainDataset,TrainDataset/images/216.png,TrainDataset,TrainDataset/images/368.png,7,13,8
TrainDataset,TrainDataset/images/216.png,TrainDataset,TrainDataset/images/369.png,7,13,8
TrainDataset,TrainDataset/images/216.png,TrainDataset,TrainDataset/images/370.png,7,12,8
TrainDataset,TrainDataset/images/217.png,TrainDataset,TrainDataset/images/467.png,5,8,12
TrainDataset,TrainDataset/images/218.png,TrainDataset,TrainDataset/images/219.png,3,5,4
TrainDataset,TrainDataset/images/219.png,TrainDataset,TrainDataset/images/221.png,3,8,14
TrainDataset,TrainDataset/images/219.png,TrainDataset,TrainDataset/images/222.png,2,8,18
TrainDataset,TrainDataset/images/219.png,TrainDataset,TrainDataset/images/226.png,5,14,8
TrainDataset,TrainDataset/images/221.png,TrainDataset,TrainDataset/images/222.png,1,0,4
TrainDataset,TrainDataset/images/221.png,TrainDataset,TrainDataset/images/223.png,6,7,8
TrainDataset,TrainDataset/images/221.png,TrainDataset,TrainDataset/images/224.png,5,6,8
TrainDataset,TrainDataset/images/221.png,TrainDataset,TrainDataset/images/290.png,8,7,18
TrainDataset,TrainDataset/images/221.png,TrainDataset,TrainDataset/images/543.png,8,5,18
TrainDataset,TrainDataset/images/221.png,TrainDataset,TrainDataset/images/544.png,7,6,22
TrainDataset,TrainDataset/images/221.png,TrainDataset,TrainDataset/images/564.png,5,8,16
TrainDataset,TrainDataset/images/222.png,TrainDataset,TrainDataset/images/223.png,7,7,8
TrainDataset,TrainDataset/images/222.png,TrainDataset,TrainDataset/images/224.png,6,6,8
TrainDataset,TrainDataset/images/222.png,TrainDataset,TrainDataset/images/544.png,8,6,24
TrainDataset,TrainDataset/images/222.png,TrainDataset,TrainDataset/images/564.png,4,8,18
TrainDataset,TrainDataset/images/223.png,TrainDataset,TrainDataset/images/224.png,5,7,10
TrainDataset,TrainDataset/images/223.png,TrainDataset,TrainDataset/images/282.png,8,7,14
TrainDataset,TrainDataset/images/223.png,TrainDataset,TrainDataset/images/290.png,4,4,18
TrainDataset,TrainDataset/images/223.png,TrainDataset,TrainDataset/images/295.png,7,7,12
TrainDataset,TrainDataset/images/224.png,TrainDataset,TrainDataset/images/290.png,7,7,20
TrainDataset,TrainDataset/images/225.png,TrainDataset,TrainDataset/images/364.png,7,19,8
TrainDataset,TrainDataset/images/225.png,TrainDataset,TrainDataset/images/365.png,7,17,8
TrainDataset,TrainDataset/images/225.png,TrainDataset,TrainDataset/images/366.png,7,20,8
TrainDataset,TrainDataset/images/225.png,TrainDataset,TrainDataset/images/367.png,8,18,8
TrainDataset,TrainDataset/images/225.png,TrainDataset,TrainDataset/images/380.png,7,19,8
TrainDataset,TrainDataset/images/226.png,TrainDataset,TrainDataset/images/227.png,8,18,6
TrainDataset,TrainDataset/images/226.png,TrainDataset,TrainDataset/images/371.png,8,16,8
TrainDataset,TrainDataset/images/228.png,TrainDataset,TrainDataset/images/229.png,0,7,6
TrainDataset,TrainDataset/images/228.png,TrainDataset,TrainDataset/images/233.png,3,7,14
TrainDataset,TrainDataset/images/228.png,TrainDataset,TrainDataset/images/236.png,2,5,14
TrainDataset,TrainDataset/images/228.png,TrainDataset,TrainDataset/images/239.png,3,8,12
TrainDataset,TrainDataset/images/228.png,TrainDataset,TrainDataset/images/241.png,4,8,14
TrainDataset,TrainDataset/images/228.png,TrainDataset,TrainDataset/images/243.png,3,3,12
TrainDataset,TrainDataset/images/228.png,TrainDataset,TrainDataset/images/244.png,0,3,10
TrainDataset,TrainDataset/images/228.png,TrainDataset,TrainDataset/images/245.png,0,3,12
TrainDataset,TrainDataset/images/228.png,TrainDataset,TrainDataset/images/249.png,0,8,12
TrainDataset,TrainDataset/images/228.png,TrainDataset,TrainDataset/images/250.png,0,7,10
TrainDataset,TrainDataset/images/228.png,TrainDataset,TrainDataset/images/329.png,7,8,18
TrainDataset,TrainDataset/images/228.png,TrainDataset,TrainDataset/images/cju5yclrymlgj0818k426ud6z.png,8,7,34
TrainDataset,TrainDataset/images/229.png,TrainDataset,TrainDataset/images/233.png,3,8,14
TrainDataset,TrainDataset/images/229.png,TrainDataset,TrainDataset/images/234.png,2,8,12
TrainDataset,TrainDataset/images/229.png,TrainDataset,TrainDataset/images/235.png,2,8,14
TrainDataset,TrainDataset/images/229.png,TrainDataset,TrainDataset/images/236.png,2,8,16
TrainDataset,TrainDataset/images/229.png,TrainDataset,TrainDataset/images/249.png,0,5,12
TrainDataset,TrainDataset/images/229.png,TrainDataset,TrainDataset/images/250.png,0,8,12
TrainDataset,TrainDataset/images/229.png,TrainDataset,TrainDataset/images/cju5yclrymlgj0818k426ud6z.png,8,8,32
TrainDataset,TrainDataset/images/229.png,TrainDataset,TrainDataset/images/cju83k8fyjsxr0817d6nxs6r4.png,5,8,24
TrainDataset,TrainDataset/images/230.png,TrainDataset,TrainDataset/images/247.png,4,10,6
TrainDataset,TrainDataset/images/230.png,TrainDataset,TrainDataset/images/249.png,5,14,8
TrainDataset,TrainDataset/images/230.png,TrainDataset,TrainDataset/images/548.png,6,22,8
TrainDataset,TrainDataset/images/230.png,TrainDataset,TrainDataset/images/cju3xuj20ivgp0818mij8bjrd.png,7,7,22
TrainDataset,TrainDataset/images/232.png,TrainDataset,TrainDataset/images/233.png,0,6,6
TrainDataset,TrainDataset/images/232.png,TrainDataset,TrainDataset/images/234.png,1,6,6
TrainDataset,TrainDataset/images/232.png,TrainDataset,TrainDataset/images/235.png,1,6,6
TrainDataset,TrainDataset/images/232.png,TrainDataset,TrainDataset/images/247.png,2,9,8
TrainDataset,TrainDataset/images/232.png,TrainDataset,TrainDataset/images/249.png,3,9,8
TrainDataset,TrainDataset/images/232.png,TrainDataset,TrainDataset/images/544.png,7,17,8
TrainDataset,TrainDataset/images/232.png,TrainDataset,TrainDataset/images/549.png,6,21,8
TrainDataset,TrainDataset/images/232.png,TrainDataset,TrainDataset/images/cju83k8fyjsxr0817d6nxs6r4.png,4,8,22
TrainDataset,TrainDataset/images/233.png,TrainDataset,TrainDataset/images/234.png,1,2,2
TrainDataset,TrainDataset/images/233.png,TrainDataset,TrainDataset/images/235.png,1,2,2
TrainDataset,TrainDataset/images/233.png,TrainDataset,TrainDataset/images/236.png,1,6,12
TrainDataset,TrainDataset/images/233.png,TrainDataset,TrainDataset/images/238.png,1,8,16
TrainDataset,TrainDataset/images/233.png,TrainDataset,TrainDataset/images/244.png,3,8,18
TrainDataset,TrainDataset/images/233.png,TrainDataset,TrainDataset/images/245.png,3,8,16
TrainDataset,TrainDataset/images/233.png,TrainDataset,TrainDataset/images/450.png,1,14,8
TrainDataset,TrainDataset/images/233.png,TrainDataset,TrainDataset/images/544.png,7,17,8
TrainDataset,TrainDataset/images/233.png,TrainDataset,TrainDataset/images/cju83k8fyjsxr0817d6nxs6r4.png,4,8,24
TrainDataset,TrainDataset/images/234.png,TrainDataset,TrainDataset/images/235.png,0,0,2
TrainDataset,TrainDataset/images/234.png,TrainDataset,TrainDataset/images/236.png,0,6,12
TrainDataset,TrainDataset/images/234.png,TrainDataset,TrainDataset/images/237.png,0,7,14
TrainDataset,TrainDataset/images/234.png,TrainDataset,TrainDataset/images/249.png,2,9,8
TrainDataset,TrainDataset/images/234.png,TrainDataset,TrainDataset/images/250.png,2,12,8
TrainDataset,TrainDataset/images/234.png,TrainDataset,TrainDataset/images/322.png,6,8,20
TrainDataset,TrainDataset/images/234.png,TrainDataset,TrainDataset/images/450.png,2,14,8
TrainDataset,TrainDataset/images/234.png,TrainDataset,TrainDataset/images/540.png,7,18,8
TrainDataset,TrainDataset/images/234.png,TrainDataset,TrainDataset/images/544.png,6,17,6
TrainDataset,TrainDataset/images/234.png,TrainDataset,TrainDataset/images/cju83k8fyjsxr0817d6nxs6r4.png,3,8,22
TrainDataset,TrainDataset/images/235.png,TrainDataset,TrainDataset/images/236.png,0,6,10
TrainDataset,TrainDataset/images/235.png,TrainDataset,TrainDataset/images/237.png,0,7,14
TrainDataset,TrainDataset/images/235.png,TrainDataset,TrainDataset/images/249.png,2,9,8
TrainDataset,TrainDataset/images/235.png,TrainDataset,TrainDataset/images/322.png,6,8,18
TrainDataset,TrainDataset/images/235.png,TrainDataset,TrainDataset/images/544.png,6,17,8
TrainDataset,TrainDataset/images/235.png,TrainDataset,TrainDataset/images/cju83k8fyjsxr0817d6nxs6r4.png,3,8,24
TrainDataset,TrainDataset/images/236.png,TrainDataset,TrainDataset/images/243.png,5,8,14
TrainDataset,TrainDataset/images/236.png,TrainDataset,TrainDataset/images/244.png,2,6,14
TrainDataset,TrainDataset/images/236.png,TrainDataset,TrainDataset/images/245.png,2,6,18
TrainDataset,TrainDataset/images/236.png,TrainDataset,TrainDataset/images/247.png,1,9,8
TrainDataset,TrainDataset/images/236.png,TrainDataset,TrainDataset/images/249.png,2,7,6
TrainDataset,TrainDataset/images/236.png,TrainDataset,TrainDataset/images/250.png,2,8,8
TrainDataset,TrainDataset/images/236.png,TrainDataset,TrainDataset/images/cju83k8fyjsxr0817d6nxs6r4.png,3,6,20
TrainDataset,TrainDataset/images/237.png,TrainDataset,TrainDataset/images/238.png,2,5,12
TrainDataset,TrainDataset/images/237.png,TrainDataset,TrainDataset/images/239.png,3,8,14
TrainDataset,TrainDataset/images/237.png,TrainDataset,TrainDataset/images/322.png,6,7,18
TrainDataset,TrainDataset/images/237.png,TrainDataset,TrainDataset/images/37.png,8,8,22
TrainDataset,TrainDataset/images/237.png,TrainDataset,TrainDataset/images/463.png,5,8,18
TrainDataset,TrainDataset/images/237.png,TrainDataset,TrainDataset/images/cju77vvcwzcm50850lzoykuva.png,8,6,20
TrainDataset,TrainDataset/images/238.png,TrainDataset,TrainDataset/images/239.png,1,3,4
TrainDataset,TrainDataset/images/238.png,TrainDataset,TrainDataset/images/243.png,3,8,12
TrainDataset,TrainDataset/images/238.png,TrainDataset,TrainDataset/images/250.png,4,8,12
TrainDataset,TrainDataset/images/238.png,TrainDataset,TrainDataset/images/cju5uget8krjy0818kvywd0zu.png,7,8,24
TrainDataset,TrainDataset/images/239.png,TrainDataset,TrainDataset/images/241.png,3,8,12
TrainDataset,TrainDataset/images/239.png,TrainDataset,TrainDataset/images/243.png,2,7,10
TrainDataset,TrainDataset/images/239.png,TrainDataset,TrainDataset/images/244.png,3,7,8
TrainDataset,TrainDataset/images/239.png,TrainDataset,TrainDataset/images/245.png,3,7,16
TrainDataset,TrainDataset/images/239.png,TrainDataset,TrainDataset/images/249.png,3,8,10
TrainDataset,TrainDataset/images/239.png,TrainDataset,TrainDataset/images/250.png,3,5,10
TrainDataset,TrainDataset/images/239.png,TrainDataset,TrainDataset/images/cju30k2z40ds308353kdew70n.png,8,8,26
TrainDataset,TrainDataset/images/241.png,TrainDataset,TrainDataset/images/244.png,4,7,14
TrainDataset,TrainDataset/images/241.png,TrainDataset,TrainDataset/images/245.png,4,7,16
TrainDataset,TrainDataset/images/241.png,TrainDataset,TrainDataset/images/249.png,4,8,10
TrainDataset,TrainDataset/images/241.png,TrainDataset,TrainDataset/images/250.png,4,7,8
TrainDataset,TrainDataset/images/241.png,TrainDataset,TrainDataset/images/461.png,4,6,16
TrainDataset,TrainDataset/images/242.png,TrainDataset,TrainDataset/images/246.png,2,12,6
TrainDataset,TrainDataset/images/242.png,TrainDataset,TrainDataset/images/cju8bbznkrf5g0871jncffynk.png,8,8,26
TrainDataset,TrainDataset/images/243.png,TrainDataset,TrainDataset/images/244.png,3,6,8
TrainDataset,TrainDataset/images/243.png,TrainDataset,TrainDataset/images/245.png,3,6,14
TrainDataset,TrainDataset/images/243.png,TrainDataset,TrainDataset/images/250.png,3,8,14
TrainDataset,TrainDataset/images/244.png,TrainDataset,TrainDataset/images/245.png,0,0,10
TrainDataset,TrainDataset/images/244.png,TrainDataset,TrainDataset/images/250.png,0,8,14
TrainDataset,TrainDataset/images/244.png,TrainDataset,TrainDataset/images/328.png,2,7,12
TrainDataset,TrainDataset/images/244.png,TrainDataset,TrainDataset/images/338.png,7,8,18
TrainDataset,TrainDataset/images/244.png,TrainDataset,TrainDataset/images/489.png,5,8,10
TrainDataset,TrainDataset/images/244.png,TrainDataset,TrainDataset/images/cju8ayeq7r1fb0818z1junacy.png,6,7,18
TrainDataset,TrainDataset/images/245.png,TrainDataset,TrainDataset/images/250.png,0,8,18
TrainDataset,TrainDataset/images/245.png,TrainDataset,TrainDataset/images/328.png,2,7,18
TrainDataset,TrainDataset/images/245.png,TrainDataset,TrainDataset/images/338.png,7,8,22
TrainDataset,TrainDataset/images/245.png,TrainDataset,TrainDataset/images/489.png,5,8,16
TrainDataset,TrainDataset/images/245.png,TrainDataset,TrainDataset/images/cju8ayeq7r1fb0818z1junacy.png,6,7,20
TrainDataset,TrainDataset/images/246.png,TrainDataset,TrainDataset/images/247.png,2,17,8
TrainDataset,TrainDataset/images/246.png,TrainDataset,TrainDataset/images/456.png,4,20,8
TrainDataset,TrainDataset/images/246.png,TrainDataset,TrainDataset/images/466.png,2,16,8
TrainDataset,TrainDataset/images/247.png,TrainDataset,TrainDataset/images/249.png,1,8,6
TrainDataset,TrainDataset/images/247.png,TrainDataset,TrainDataset/images/250.png,1,11,8
TrainDataset,TrainDataset/images/247.png,TrainDataset,TrainDataset/images/cju83k8fyjsxr0817d6nxs6r4.png,4,7,20
TrainDataset,TrainDataset/images/249.png,TrainDataset,TrainDataset/images/250.png,0,3,2
TrainDataset,TrainDataset/images/249.png,TrainDataset,TrainDataset/images/252.png,0,7,8
TrainDataset,TrainDataset/images/249.png,TrainDataset,TrainDataset/images/461.png,6,8,18
TrainDataset,TrainDataset/images/249.png,TrainDataset,TrainDataset/images/cju5yclrymlgj0818k426ud6z.png,8,7,36
TrainDataset,TrainDataset/images/249.png,TrainDataset,TrainDataset/images/cju83k8fyjsxr0817d6nxs6r4.png,5,7,22
TrainDataset,TrainDataset/images/250.png,TrainDataset,TrainDataset/images/252.png,0,8,10
TrainDataset,TrainDataset/images/250.png,TrainDataset,TrainDataset/images/461.png,6,7,18
TrainDataset,TrainDataset/images/250.png,TrainDataset,TrainDataset/images/544.png,4,21,8
TrainDataset,TrainDataset/images/250.png,TrainDataset,TrainDataset/images/cju5yclrymlgj0818k426ud6z.png,8,8,36
TrainDataset,TrainDataset/images/253.png,TrainDataset,TrainDataset/images/258.png,3,8,12
TrainDataset,TrainDataset/images/253.png,TrainDataset,TrainDataset/images/274.png,2,8,10
TrainDataset,TrainDataset/images/254.png,TrainDataset,TrainDataset/images/256.png,4,9,8
TrainDataset,TrainDataset/images/255.png,TrainDataset,TrainDataset/images/256.png,1,6,6
TrainDataset,TrainDataset/images/255.png,TrainDataset,TrainDataset/images/270.png,5,5,12
TrainDataset,TrainDataset/images/255.png,TrainDataset,TrainDataset/images/271.png,5,8,8
TrainDataset,TrainDataset/images/256.png,TrainDataset,TrainDataset/images/271.png,4,10,8
TrainDataset,TrainDataset/images/259.png,TrainDataset,TrainDataset/images/260.png,3,10,4
TrainDataset,TrainDataset/images/259.png,TrainDataset,TrainDataset/images/275.png,1,6,2
TrainDataset,TrainDataset/images/26.png,TrainDataset,TrainDataset/images/27.png,4,4,6
TrainDataset,TrainDataset/images/26.png,TrainDataset,TrainDataset/images/345.png,8,5,16
TrainDataset,TrainDataset/images/26.png,TrainDataset,TrainDataset/images/38.png,2,8,12
TrainDataset,TrainDataset/images/26.png,TrainDataset,TrainDataset/images/444.png,5,6,12
TrainDataset,TrainDataset/images/26.png,TrainDataset,TrainDataset/images/48.png,4,11,6
TrainDataset,TrainDataset/images/26.png,TrainDataset,TrainDataset/images/487.png,7,7,22
TrainDataset,TrainDataset/images/26.png,TrainDataset,TrainDataset/images/79.png,7,8,18
TrainDataset,TrainDataset/images/26.png,TrainDataset,TrainDataset/images/81.png,8,4,20
TrainDataset,TrainDataset/images/26.png,TrainDataset,TrainDataset/images/83.png,7,5,14
TrainDataset,TrainDataset/images/26.png,TrainDataset,TrainDataset/images/84.png,6,6,12
TrainDataset,TrainDataset/images/26.png,TrainDataset,TrainDataset/images/85.png,5,6,14
TrainDataset,TrainDataset/images/26.png,TrainDataset,TrainDataset/images/86.png,6,5,12
TrainDataset,TrainDataset/images/26.png,TrainDataset,TrainDataset/images/87.png,5,6,12
TrainDataset,TrainDataset/images/26.png,TrainDataset,TrainDataset/images/90.png,6,5,10
TrainDataset,TrainDataset/images/26.png,TrainDataset,TrainDataset/images/91.png,6,5,10
TrainDataset,TrainDataset/images/26.png,TrainDataset,TrainDataset/images/94.png,4,7,12
TrainDataset,TrainDataset/images/26.png,TrainDataset,TrainDataset/images/95.png,4,4,8
TrainDataset,TrainDataset/images/26.png,TrainDataset,TrainDataset/images/96.png,5,5,8
TrainDataset,TrainDataset/images/26.png,TrainDataset,TrainDataset/images/cju1b3zgj3d8e0801kpolea6c.png,5,6,26
TrainDataset,TrainDataset/images/260.png,TrainDataset,TrainDataset/images/264.png,4,6,14
TrainDataset,TrainDataset/images/260.png,TrainDataset,TrainDataset/images/265.png,0,6,10
TrainDataset,TrainDataset/images/260.png,TrainDataset,TrainDataset/images/275.png,4,8,2
TrainDataset,TrainDataset/images/260.png,TrainDataset,TrainDataset/images/276.png,2,6,12
TrainDataset,TrainDataset/images/260.png,TrainDataset,TrainDataset/images/277.png,2,4,8
TrainDataset,TrainDataset/images/261.png,TrainDataset,TrainDataset/images/277.png,4,13,8
TrainDataset,TrainDataset/images/261.png,TrainDataset,TrainDataset/images/597.png,8,13,8
TrainDataset,TrainDataset/images/264.png,TrainDataset,TrainDataset/images/265.png,4,6,14
TrainDataset,TrainDataset/images/264.png,TrainDataset,TrainDataset/images/276.png,2,6,10
TrainDataset,TrainDataset/images/264.png,TrainDataset,TrainDataset/images/277.png,6,4,14
TrainDataset,TrainDataset/images/265.png,TrainDataset,TrainDataset/images/276.png,2,2,8
TrainDataset,TrainDataset/images/265.png,TrainDataset,TrainDataset/images/277.png,2,4,12
TrainDataset,TrainDataset/images/267.png,TrainDataset,TrainDataset/images/268.png,3,12,8
TrainDataset,TrainDataset/images/269.png,TrainDataset,TrainDataset/images/270.png,6,8,20
TrainDataset,TrainDataset/images/27.png,TrainDataset,TrainDataset/images/29.png,5,8,8
TrainDataset,TrainDataset/images/27.png,TrainDataset,TrainDataset/images/30.png,5,8,8
TrainDataset,TrainDataset/images/27.png,TrainDataset,TrainDataset/images/344.png,8,7,10
TrainDataset,TrainDataset/images/27.png,TrainDataset,TrainDataset/images/345.png,6,1,10
TrainDataset,TrainDataset/images/27.png,TrainDataset,TrainDataset/images/35.png,3,13,8
TrainDataset,TrainDataset/images/27.png,TrainDataset,TrainDataset/images/36.png,1,7,4
TrainDataset,TrainDataset/images/27.png,TrainDataset,TrainDataset/images/38.png,2,8,10
TrainDataset,TrainDataset/images/27.png,TrainDataset,TrainDataset/images/39.png,2,7,10
TrainDataset,TrainDataset/images/27.png,TrainDataset,TrainDataset/images/43.png,4,8,12
TrainDataset,TrainDataset/images/27.png,TrainDataset,TrainDataset/images/437.png,7,7,16
TrainDataset,TrainDataset/images/27.png,TrainDataset,TrainDataset/images/444.png,3,8,8
TrainDataset,TrainDataset/images/27.png,TrainDataset,TrainDataset/images/48.png,0,7,10
TrainDataset,TrainDataset/images/27.png,TrainDataset,TrainDataset/images/79.png,7,8,16
TrainDataset,TrainDataset/images/27.png,TrainDataset,TrainDataset/images/81.png,8,6,16
TrainDataset,TrainDataset/images/27.png,TrainDataset,TrainDataset/images/83.png,7,3,10
TrainDataset,TrainDataset/images/27.png,TrainDataset,TrainDataset/images/84.png,6,4,6
TrainDataset,TrainDataset/images/27.png,TrainDataset,TrainDataset/images/85.png,7,4,8
TrainDataset,TrainDataset/images/27.png,TrainDataset,TrainDataset/images/86.png,6,3,6
TrainDataset,TrainDataset/images/27.png,TrainDataset,TrainDataset/images/87.png,7,4,6
TrainDataset,TrainDataset/images/27.png,TrainDataset,TrainDataset/images/90.png,4,1,4
TrainDataset,TrainDataset/images/27.png,TrainDataset,TrainDataset/images/91.png,4,3,6
TrainDataset,TrainDataset/images/27.png,TrainDataset,TrainDataset/images/92.png,5,4,6
TrainDataset,TrainDataset/images/27.png,TrainDataset,TrainDataset/images/93.png,7,7,12
TrainDataset,TrainDataset/images/27.png,TrainDataset,TrainDataset/images/94.png,6,5,8
TrainDataset,TrainDataset/images/27.png,TrainDataset,TrainDataset/images/95.png,6,2,12
TrainDataset,TrainDataset/images/27.png,TrainDataset,TrainDataset/images/96.png,5,3,10
TrainDataset,TrainDataset/images/27.png,TrainDataset,TrainDataset/images/cju330ofbc2l30801th5g3hw6.png,6,7,22
TrainDataset,TrainDataset/images/27.png,TrainDataset,TrainDataset/images/cju33x0f22peh0988g0ln7w5v.png,7,6,24
TrainDataset,TrainDataset/images/276.png,TrainDataset,TrainDataset/images/277.png,4,4,12
TrainDataset,TrainDataset/images/280.png,TrainDataset,TrainDataset/images/281.png,4,4,6
TrainDataset,TrainDataset/images/280.png,TrainDataset,TrainDataset/images/282.png,9,6,8
TrainDataset,TrainDataset/images/280.png,TrainDataset,TrainDataset/images/283.png,4,8,12
TrainDataset,TrainDataset/images/280.png,TrainDataset,TrainDataset/images/293.png,4,7,8
TrainDataset,TrainDataset/images/280.png,TrainDataset,TrainDataset/images/55.png,5,14,8
TrainDataset,TrainDataset/images/281.png,TrainDataset,TrainDataset/images/282.png,5,6,6
TrainDataset,TrainDataset/images/281.png,TrainDataset,TrainDataset/images/293.png,4,5,10
TrainDataset,TrainDataset/images/281.png,TrainDataset,TrainDataset/images/294.png,5,8,14
TrainDataset,TrainDataset/images/282.png,TrainDataset,TrainDataset/images/283.png,5,4,10
TrainDataset,TrainDataset/images/282.png,TrainDataset,TrainDataset/images/290.png,6,7,10
TrainDataset,TrainDataset/images/282.png,TrainDataset,TrainDataset/images/293.png,7,5,6
TrainDataset,TrainDataset/images/282.png,TrainDataset,TrainDataset/images/cju7dqcwi2dz00850gcmr2ert.png,5,8,20
TrainDataset,TrainDataset/images/283.png,TrainDataset,TrainDataset/images/290.png,7,7,8
TrainDataset,TrainDataset/images/283.png,TrainDataset,TrainDataset/images/293.png,2,7,6
TrainDataset,TrainDataset/images/283.png,TrainDataset,TrainDataset/images/294.png,5,4,10
TrainDataset,TrainDataset/images/283.png,TrainDataset,TrainDataset/images/295.png,4,4,8
TrainDataset,TrainDataset/images/283.png,TrainDataset,TrainDataset/images/296.png,8,8,20
TrainDataset,TrainDataset/images/283.png,TrainDataset,TrainDataset/images/465.png,8,7,24
TrainDataset,TrainDataset/images/283.png,TrainDataset,TrainDataset/images/cju7dqcwi2dz00850gcmr2ert.png,6,6,20
TrainDataset,TrainDataset/images/284.png,TrainDataset,TrainDataset/images/294.png,3,14,8
TrainDataset,TrainDataset/images/285.png,TrainDataset,TrainDataset/images/292.png,2,10,8
TrainDataset,TrainDataset/images/286.png,TrainDataset,TrainDataset/images/465.png,8,8,22
TrainDataset,TrainDataset/images/286.png,TrainDataset,TrainDataset/images/cju7dqcwi2dz00850gcmr2ert.png,8,7,20
TrainDataset,TrainDataset/images/289.png,TrainDataset,TrainDataset/images/290.png,5,8,16
TrainDataset,TrainDataset/images/289.png,TrainDataset,TrainDataset/images/297.png,8,2,22
TrainDataset,TrainDataset/images/289.png,TrainDataset,TrainDataset/images/533.png,7,8,12
TrainDataset,TrainDataset/images/289.png,TrainDataset,TrainDataset/images/540.png,3,6,16
TrainDataset,TrainDataset/images/289.png,TrainDataset,TrainDataset/images/543.png,5,8,14
TrainDataset,TrainDataset/images/289.png,TrainDataset,TrainDataset/images/544.png,4,7,16
TrainDataset,TrainDataset/images/289.png,TrainDataset,TrainDataset/images/56.png,7,6,16
TrainDataset,TrainDataset/images/29.png,TrainDataset,TrainDataset/images/30.png,0,6,6
TrainDataset,TrainDataset/images/29.png,TrainDataset,TrainDataset/images/32.png,1,6,10
TrainDataset,TrainDataset/images/29.png,TrainDataset,TrainDataset/images/34.png,0,6,14
TrainDataset,TrainDataset/images/29.png,TrainDataset,TrainDataset/images/35.png,2,7,8
TrainDataset,TrainDataset/images/29.png,TrainDataset,TrainDataset/images/354.png,7,14,8
TrainDataset,TrainDataset/images/29.png,TrainDataset,TrainDataset/images/36.png,4,5,6
TrainDataset,TrainDataset/images/29.png,TrainDataset,TrainDataset/images/37.png,1,6,4
TrainDataset,TrainDataset/images/29.png,TrainDataset,TrainDataset/images/38.png,3,6,6
TrainDataset,TrainDataset/images/29.png,TrainDataset,TrainDataset/images/39.png,3,3,4
TrainDataset,TrainDataset/images/29.png,TrainDataset,TrainDataset/images/40.png,2,3,6
TrainDataset,TrainDataset/images/29.png,TrainDataset,TrainDataset/images/41.png,3,7,4
TrainDataset,TrainDataset/images/29.png,TrainDataset,TrainDataset/images/43.png,1,6,10
TrainDataset,TrainDataset/images/29.png,TrainDataset,TrainDataset/images/48.png,5,9,8
TrainDataset,TrainDataset/images/29.png,TrainDataset,TrainDataset/images/487.png,4,7,20
TrainDataset,TrainDataset/images/29.png,TrainDataset,TrainDataset/images/501.png,8,8,30
TrainDataset,TrainDataset/images/29.png,TrainDataset,TrainDataset/images/86.png,7,11,8
TrainDataset,TrainDataset/images/29.png,TrainDataset,TrainDataset/images/90.png,7,9,4
TrainDataset,TrainDataset/images/29.png,TrainDataset,TrainDataset/images/91.png,7,11,6
TrainDataset,TrainDataset/images/29.png,TrainDataset,TrainDataset/images/96.png,8,11,8
TrainDataset,TrainDataset/images/290.png,TrainDataset,TrainDataset/images/293.png,7,10,8
TrainDataset,TrainDataset/images/290.png,TrainDataset,TrainDataset/images/295.png,5,7,8
TrainDataset,TrainDataset/images/290.png,TrainDataset,TrainDataset/images/540.png,6,6,20
TrainDataset,TrainDataset/images/290.png,TrainDataset,TrainDataset/images/543.png,6,8,16
TrainDataset,TrainDataset/images/290.png,TrainDataset,TrainDataset/images/544.png,5,7,22
TrainDataset,TrainDataset/images/290.png,TrainDataset,TrainDataset/images/56.png,6,6,20
TrainDataset,TrainDataset/images/291.png,TrainDataset,TrainDataset/images/296.png,1,5,2
TrainDataset,TrainDataset/images/292.png,TrainDataset,TrainDataset/images/296.png,0,8,8
TrainDataset,TrainDataset/images/293.png,TrainDataset,TrainDataset/images/294.png,3,5,10
TrainDataset,TrainDataset/images/293.png,TrainDataset,TrainDataset/images/295.png,4,7,10
TrainDataset,TrainDataset/images/293.png,TrainDataset,TrainDataset/images/297.png,6,8,16
TrainDataset,TrainDataset/images/294.png,TrainDataset,TrainDataset/images/295.png,3,6,8
TrainDataset,TrainDataset/images/294.png,TrainDataset,TrainDataset/images/296.png,7,8,14
TrainDataset,TrainDataset/images/294.png,TrainDataset,TrainDataset/images/424.png,7,8,20
TrainDataset,TrainDataset/images/295.png,TrainDataset,TrainDataset/images/544.png,8,8,24
TrainDataset,TrainDataset/images/295.png,TrainDataset,TrainDataset/images/cju7dqcwi2dz00850gcmr2ert.png,6,6,22
TrainDataset,TrainDataset/images/297.png,TrainDataset,TrainDataset/images/458.png,6,8,16
TrainDataset,TrainDataset/images/297.png,TrainDataset,TrainDataset/images/540.png,7,6,16
TrainDataset,TrainDataset/images/3.png,TrainDataset,TrainDataset/images/5.png,5,2,4
TrainDataset,TrainDataset/images/30.png,TrainDataset,TrainDataset/images/32.png,1,8,8
TrainDataset,TrainDataset/images/30.png,TrainDataset,TrainDataset/images/34.png,0,6,14
TrainDataset,TrainDataset/images/30.png,TrainDataset,TrainDataset/images/35.png,2,7,8
TrainDataset,TrainDataset/images/30.png,TrainDataset,TrainDataset/images/36.png,4,3,8
TrainDataset,TrainDataset/images/30.png,TrainDataset,TrainDataset/images/37.png,1,6,8
TrainDataset,TrainDataset/images/30.png,TrainDataset,TrainDataset/images/38.png,3,4,6
TrainDataset,TrainDataset/images/30.png,TrainDataset,TrainDataset/images/39.png,3,3,8
TrainDataset,TrainDataset/images/30.png,TrainDataset,TrainDataset/images/40.png,2,3,8
TrainDataset,TrainDataset/images/30.png,TrainDataset,TrainDataset/images/41.png,3,1,8
TrainDataset,TrainDataset/images/30.png,TrainDataset,TrainDataset/images/43.png,1,4,12
TrainDataset,TrainDataset/images/30.png,TrainDataset,TrainDataset/images/45.png,3,8,14
TrainDataset,TrainDataset/images/30.png,TrainDataset,TrainDataset/images/46.png,4,7,10
TrainDataset,TrainDataset/images/30.png,TrainDataset,TrainDataset/images/48.png,5,9,8
TrainDataset,TrainDataset/images/30.png,TrainDataset,TrainDataset/images/487.png,4,5,22
TrainDataset,TrainDataset/images/30.png,TrainDataset,TrainDataset/images/49.png,4,3,14
TrainDataset,TrainDataset/images/318.png,TrainDataset,TrainDataset/images/320.png,8,3,8
TrainDataset,TrainDataset/images/32.png,TrainDataset,TrainDataset/images/33.png,3,6,14
TrainDataset,TrainDataset/images/32.png,TrainDataset,TrainDataset/images/34.png,1,6,10
TrainDataset,TrainDataset/images/32.png,TrainDataset,TrainDataset/images/35.png,1,7,12
TrainDataset,TrainDataset/images/32.png,TrainDataset,TrainDataset/images/37.png,0,8,12
TrainDataset,TrainDataset/images/32.png,TrainDataset,TrainDataset/images/38.png,2,8,8
TrainDataset,TrainDataset/images/32.png,TrainDataset,TrainDataset/images/39.png,2,5,8
TrainDataset,TrainDataset/images/32.png,TrainDataset,TrainDataset/images/40.png,3,7,12
TrainDataset,TrainDataset/images/32.png,TrainDataset,TrainDataset/images/41.png,4,7,12
TrainDataset,TrainDataset/images/32.png,TrainDataset,TrainDataset/images/430.png,8,8,18
TrainDataset,TrainDataset/images/32.png,TrainDataset,TrainDataset/images/45.png,4,6,14
TrainDataset,TrainDataset/images/32.png,TrainDataset,TrainDataset/images/48.png,4,15,8
TrainDataset,TrainDataset/images/32.png,TrainDataset,TrainDataset/images/487.png,5,7,20
TrainDataset,TrainDataset/images/32.png,TrainDataset,TrainDataset/images/49.png,5,9,8
TrainDataset,TrainDataset/images/32.png,TrainDataset,TrainDataset/images/cju8ayeq7r1fb0818z1junacy.png,4,8,26
TrainDataset,TrainDataset/images/321.png,TrainDataset,TrainDataset/images/322.png,2,8,18
TrainDataset,TrainDataset/images/321.png,TrainDataset,TrainDataset/images/323.png,3,6,12
TrainDataset,TrainDataset/images/321.png,TrainDataset,TrainDataset/images/324.png,2,7,14
TrainDataset,TrainDataset/images/321.png,TrainDataset,TrainDataset/images/332.png,1,8,18
TrainDataset,TrainDataset/images/321.png,TrainDataset,TrainDataset/images/438.png,8,8,32
TrainDataset,TrainDataset/images/322.png,TrainDataset,TrainDataset/images/323.png,3,6,12
TrainDataset,TrainDataset/images/322.png,TrainDataset,TrainDataset/images/45.png,8,7,20
TrainDataset,TrainDataset/images/323.png,TrainDataset,TrainDataset/images/325.png,3,8,6
TrainDataset,TrainDataset/images/323.png,TrainDataset,TrainDataset/images/332.png,4,8,16
TrainDataset,TrainDataset/images/323.png,TrainDataset,TrainDataset/images/cju17g6ykn1cs0993dww6qdi8.png,6,7,20
TrainDataset,TrainDataset/images/323.png,TrainDataset,TrainDataset/images/cju8bgdmqrksy0801tozdmraa.png,7,7,22
TrainDataset,TrainDataset/images/324.png,TrainDataset,TrainDataset/images/cju17g6ykn1cs0993dww6qdi8.png,5,8,24
TrainDataset,TrainDataset/images/325.png,TrainDataset,TrainDataset/images/327.png,4,8,18
TrainDataset,TrainDataset/images/328.png,TrainDataset,TrainDataset/images/506.png,6,8,16
TrainDataset,TrainDataset/images/328.png,TrainDataset,TrainDataset/images/cju1b3zgj3d8e0801kpolea6c.png,7,8,18
TrainDataset,TrainDataset/images/33.png,TrainDataset,TrainDataset/images/34.png,2,4,14
TrainDataset,TrainDataset/images/33.png,TrainDataset,TrainDataset/images/35.png,4,5,18
TrainDataset,TrainDataset/images/33.png,TrainDataset,TrainDataset/images/37.png,3,6,14
TrainDataset,TrainDataset/images/33.png,TrainDataset,TrainDataset/images/448.png,4,7,20
TrainDataset,TrainDataset/images/33.png,TrainDataset,TrainDataset/images/45.png,1,6,18
TrainDataset,TrainDataset/images/33.png,TrainDataset,TrainDataset/images/47.png,4,8,12
TrainDataset,TrainDataset/images/332.png,TrainDataset,TrainDataset/images/333.png,3,8,8
TrainDataset,TrainDataset/images/335.png,TrainDataset,TrainDataset/images/336.png,1,7,6
TrainDataset,TrainDataset/images/335.png,TrainDataset,TrainDataset/images/339.png,4,8,22
TrainDataset,TrainDataset/images/335.png,TrainDataset,TrainDataset/images/340.png,7,8,10
TrainDataset,TrainDataset/images/336.png,TrainDataset,TrainDataset/images/337.png,4,8,22
TrainDataset,TrainDataset/images/337.png,TrainDataset,TrainDataset/images/339.png,3,13,8
TrainDataset,TrainDataset/images/338.png,TrainDataset,TrainDataset/images/342.png,6,10,8
TrainDataset,TrainDataset/images/338.png,TrainDataset,TrainDataset/images/cju8ayeq7r1fb0818z1junacy.png,7,7,18
TrainDataset,TrainDataset/images/34.png,TrainDataset,TrainDataset/images/35.png,2,3,16
TrainDataset,TrainDataset/images/34.png,TrainDataset,TrainDataset/images/36.png,4,7,14
TrainDataset,TrainDataset/images/34.png,TrainDataset,TrainDataset/images/37.png,1,2,16
TrainDataset,TrainDataset/images/34.png,TrainDataset,TrainDataset/images/39.png,3,7,14
TrainDataset,TrainDataset/images/34.png,TrainDataset,TrainDataset/images/40.png,2,5,14
TrainDataset,TrainDataset/images/34.png,TrainDataset,TrainDataset/images/41.png,3,5,14
TrainDataset,TrainDataset/images/34.png,TrainDataset,TrainDataset/images/43.png,1,6,16
TrainDataset,TrainDataset/images/34.png,TrainDataset,TrainDataset/images/45.png,3,6,12
TrainDataset,TrainDataset/images/34.png,TrainDataset,TrainDataset/images/47.png,2,6,18
TrainDataset,TrainDataset/images/34.png,TrainDataset,TrainDataset/images/49.png,4,5,16
TrainDataset,TrainDataset/images/344.png,TrainDataset,TrainDataset/images/345.png,2,6,14
TrainDataset,TrainDataset/images/344.png,TrainDataset,TrainDataset/images/48.png,8,8,12
TrainDataset,TrainDataset/images/344.png,TrainDataset,TrainDataset/images/92.png,3,9,8
TrainDataset,TrainDataset/images/345.png,TrainDataset,TrainDataset/images/36.png,7,8,14
TrainDataset,TrainDataset/images/345.png,TrainDataset,TrainDataset/images/39.png,8,8,16
TrainDataset,TrainDataset/images/345.png,TrainDataset,TrainDataset/images/444.png,5,7,12
TrainDataset,TrainDataset/images/345.png,TrainDataset,TrainDataset/images/48.png,6,6,18
TrainDataset,TrainDataset/images/345.png,TrainDataset,TrainDataset/images/509.png,5,4,18
TrainDataset,TrainDataset/images/345.png,TrainDataset,TrainDataset/images/81.png,8,7,18
TrainDataset,TrainDataset/images/345.png,TrainDataset,TrainDataset/images/84.png,8,5,12
TrainDataset,TrainDataset/images/345.png,TrainDataset,TrainDataset/images/86.png,8,2,14
TrainDataset,TrainDataset/images/345.png,TrainDataset,TrainDataset/images/90.png,8,2,14
TrainDataset,TrainDataset/images/345.png,TrainDataset,TrainDataset/images/91.png,8,4,14
TrainDataset,TrainDataset/images/345.png,TrainDataset,TrainDataset/images/92.png,3,5,14
TrainDataset,TrainDataset/images/347.png,TrainDataset,TrainDataset/images/359.png,5,6,18
TrainDataset,TrainDataset/images/35.png,TrainDataset,TrainDataset/images/36.png,2,6,8
TrainDataset,TrainDataset/images/35.png,TrainDataset,TrainDataset/images/37.png,1,1,6
TrainDataset,TrainDataset/images/35.png,TrainDataset,TrainDataset/images/38.png,3,11,6
TrainDataset,TrainDataset/images/35.png,TrainDataset,TrainDataset/images/39.png,3,8,8
TrainDataset,TrainDataset/images/35.png,TrainDataset,TrainDataset/images/40.png,4,6,10
TrainDataset,TrainDataset/images/35.png,TrainDataset,TrainDataset/images/41.png,5,6,6
TrainDataset,TrainDataset/images/35.png,TrainDataset,TrainDataset/images/43.png,3,7,8
TrainDataset,TrainDataset/images/35.png,TrainDataset,TrainDataset/images/45.png,5,7,18
TrainDataset,TrainDataset/images/35.png,TrainDataset,TrainDataset/images/47.png,4,5,12
TrainDataset,TrainDataset/images/35.png,TrainDataset,TrainDataset/images/487.png,6,8,22
TrainDataset,TrainDataset/images/35.png,TrainDataset,TrainDataset/images/49.png,6,6,16
TrainDataset,TrainDataset/images/35.png,TrainDataset,TrainDataset/images/86.png,7,16,8
TrainDataset,TrainDataset/images/35.png,TrainDataset,TrainDataset/images/90.png,5,14,8
TrainDataset,TrainDataset/images/35.png,TrainDataset,TrainDataset/images/92.png,8,15,6
TrainDataset,TrainDataset/images/354.png,TrainDataset,TrainDataset/images/359.png,4,8,6
TrainDataset,TrainDataset/images/354.png,TrainDataset,TrainDataset/images/37.png,8,18,6
TrainDataset,TrainDataset/images/354.png,TrainDataset,TrainDataset/images/40.png,7,13,8
TrainDataset,TrainDataset/images/354.png,TrainDataset,TrainDataset/images/41.png,6,15,6
TrainDataset,TrainDataset/images/355.png,TrainDataset,TrainDataset/images/36.png,6,7,16
TrainDataset,TrainDataset/images/358.png,TrainDataset,TrainDataset/images/430.png,7,8,22
TrainDataset,TrainDataset/images/358.png,TrainDataset,TrainDataset/images/436.png,8,8,22
TrainDataset,TrainDataset/images/358.png,TrainDataset,TrainDataset/images/443.png,8,8,26
TrainDataset,TrainDataset/images/358.png,TrainDataset,TrainDataset/images/444.png,8,8,26
TrainDataset,TrainDataset/images/358.png,TrainDataset,TrainDataset/images/69.png,7,8,22
TrainDataset,TrainDataset/images/358.png,TrainDataset,TrainDataset/images/cju2rzpsmtb0f0835jabkbao1.png,8,6,26
TrainDataset,TrainDataset/images/359.png,TrainDataset,TrainDataset/images/41.png,8,19,8
TrainDataset,TrainDataset/images/359.png,TrainDataset,TrainDataset/images/84.png,8,8,18
TrainDataset,TrainDataset/images/359.png,TrainDataset,TrainDataset/images/87.png,7,8,16
TrainDataset,TrainDataset/images/36.png,TrainDataset,TrainDataset/images/37.png,3,5,8
TrainDataset,TrainDataset/images/36.png,TrainDataset,TrainDataset/images/38.png,3,7,10
TrainDataset,TrainDataset/images/36.png,TrainDataset,TrainDataset/images/39.png,3,6,8
TrainDataset,TrainDataset/images/36.png,TrainDataset,TrainDataset/images/40.png,4,4,10
TrainDataset,TrainDataset/images/36.png,TrainDataset,TrainDataset/images/41.png,3,4,6
TrainDataset,TrainDataset/images/36.png,TrainDataset,TrainDataset/images/43.png,3,3,8
TrainDataset,TrainDataset/images/36.png,TrainDataset,TrainDataset/images/433.png,7,8,22
TrainDataset,TrainDataset/images/36.png,TrainDataset,TrainDataset/images/437.png,6,8,18
TrainDataset,TrainDataset/images/36.png,TrainDataset,TrainDataset/images/444.png,2,9,6
TrainDataset,TrainDataset/images/36.png,TrainDataset,TrainDataset/images/46.png,2,8,12
TrainDataset,TrainDataset/images/36.png,TrainDataset,TrainDataset/images/48.png,1,6,10
TrainDataset,TrainDataset/images/36.png,TrainDataset,TrainDataset/images/487.png,8,6,20
TrainDataset,TrainDataset/images/36.png,TrainDataset,TrainDataset/images/49.png,6,6,14
TrainDataset,TrainDataset/images/36.png,TrainDataset,TrainDataset/images/605.png,8,17,8
TrainDataset,TrainDataset/images/36.png,TrainDataset,TrainDataset/images/71.png,5,8,10
TrainDataset,TrainDataset/images/36.png,TrainDataset,TrainDataset/images/85.png,6,11,8
TrainDataset,TrainDataset/images/36.png,TrainDataset,TrainDataset/images/87.png,6,11,8
TrainDataset,TrainDataset/images/36.png,TrainDataset,TrainDataset/images/90.png,3,8,6
TrainDataset,TrainDataset/images/36.png,TrainDataset,TrainDataset/images/91.png,3,10,8
TrainDataset,TrainDataset/images/36.png,TrainDataset,TrainDataset/images/92.png,6,9,6
TrainDataset,TrainDataset/images/36.png,TrainDataset,TrainDataset/images/cju1hirfi7ekp0855q0vgm9qq.png,7,8,24
TrainDataset,TrainDataset/images/360.png,TrainDataset,TrainDataset/images/361.png,0,2,4
TrainDataset,TrainDataset/images/360.png,TrainDataset,TrainDataset/images/362.png,1,6,12
TrainDataset,TrainDataset/images/361.png,TrainDataset,TrainDataset/images/362.png,1,6,10
TrainDataset,TrainDataset/images/362.png,TrainDataset,TrainDataset/images/ck2bxlujamu330725szlc2jdu.png,7,14,8
TrainDataset,TrainDataset/images/363.png,TrainDataset,TrainDataset/images/91.png,19,8,8
TrainDataset,TrainDataset/images/363.png,TrainDataset,TrainDataset/images/96.png,18,8,8
TrainDataset,TrainDataset/images/364.png,TrainDataset,TrainDataset/images/365.png,0,2,0
TrainDataset,TrainDataset/images/364.png,TrainDataset,TrainDataset/images/366.png,0,3,2
TrainDataset,TrainDataset/images/364.png,TrainDataset,TrainDataset/images/367.png,1,1,2
TrainDataset,TrainDataset/images/364.png,TrainDataset,TrainDataset/images/368.png,2,5,4
TrainDataset,TrainDataset/images/364.png,TrainDataset,TrainDataset/images/369.png,2,5,6
TrainDataset,TrainDataset/images/364.png,TrainDataset,TrainDataset/images/370.png,4,6,4
TrainDataset,TrainDataset/images/364.png,TrainDataset,TrainDataset/images/371.png,4,6,4
TrainDataset,TrainDataset/images/364.png,TrainDataset,TrainDataset/images/372.png,4,6,6
TrainDataset,TrainDataset/images/364.png,TrainDataset,TrainDataset/images/375.png,4,6,6
TrainDataset,TrainDataset/images/364.png,TrainDataset,TrainDataset/images/376.png,6,8,4
TrainDataset,TrainDataset/images/364.png,TrainDataset,TrainDataset/images/377.png,5,9,6
TrainDataset,TrainDataset/images/364.png,TrainDataset,TrainDataset/images/378.png,5,10,6
TrainDataset,TrainDataset/images/364.png,TrainDataset,TrainDataset/images/379.png,2,5,6
TrainDataset,TrainDataset/images/364.png,TrainDataset,TrainDataset/images/380.png,0,6,6
TrainDataset,TrainDataset/images/364.png,TrainDataset,TrainDataset/images/382.png,1,3,4
TrainDataset,TrainDataset/images/364.png,TrainDataset,TrainDataset/images/383.png,2,6,6
TrainDataset,TrainDataset/images/365.png,TrainDataset,TrainDataset/images/366.png,0,3,2
TrainDataset,TrainDataset/images/365.png,TrainDataset,TrainDataset/images/367.png,1,1,2
TrainDataset,TrainDataset/images/365.png,TrainDataset,TrainDataset/images/368.png,2,5,4
TrainDataset,TrainDataset/images/365.png,TrainDataset,TrainDataset/images/369.png,2,5,6
TrainDataset,TrainDataset/images/365.png,TrainDataset,TrainDataset/images/370.png,4,6,4
TrainDataset,TrainDataset/images/365.png,TrainDataset,TrainDataset/images/371.png,4,6,4
TrainDataset,TrainDataset/images/365.png,TrainDataset,TrainDataset/images/372.png,4,6,6
TrainDataset,TrainDataset/images/365.png,TrainDataset,TrainDataset/images/375.png,4,8,6
TrainDataset,TrainDataset/images/365.png,TrainDataset,TrainDataset/images/376.png,6,10,4
TrainDataset,TrainDataset/images/365.png,TrainDataset,TrainDataset/images/377.png,5,11,6
TrainDataset,TrainDataset/images/365.png,TrainDataset,TrainDataset/images/378.png,5,10,6
TrainDataset,TrainDataset/images/365.png,TrainDataset,TrainDataset/images/379.png,2,7,6
TrainDataset,TrainDataset/images/365.png,TrainDataset,TrainDataset/images/380.png,0,6,6
TrainDataset,TrainDataset/images/365.png,TrainDataset,TrainDataset/images/382.png,1,5,4
TrainDataset,TrainDataset/images/365.png,TrainDataset,TrainDataset/images/383.png,2,6,6
TrainDataset,TrainDataset/images/366.png,TrainDataset,TrainDataset/images/367.png,1,4,0
TrainDataset,TrainDataset/images/366.png,TrainDataset,TrainDataset/images/368.png,2,8,4
TrainDataset,TrainDataset/images/366.png,TrainDataset,TrainDataset/images/369.png,2,8,6
TrainDataset,TrainDataset/images/366.png,TrainDataset,TrainDataset/images/370.png,4,7,6
TrainDataset,TrainDataset/images/366.png,TrainDataset,TrainDataset/images/371.png,4,5,6
TrainDataset,TrainDataset/images/366.png,TrainDataset,TrainDataset/images/372.png,4,5,6
TrainDataset,TrainDataset/images/366.png,TrainDataset,TrainDataset/images/375.png,4,7,6
TrainDataset,TrainDataset/images/366.png,TrainDataset,TrainDataset/images/376.png,6,9,4
TrainDataset,TrainDataset/images/366.png,TrainDataset,TrainDataset/images/377.png,5,10,6
TrainDataset,TrainDataset/images/366.png,TrainDataset,TrainDataset/images/378.png,5,11,6
TrainDataset,TrainDataset/images/366.png,TrainDataset,TrainDataset/images/379.png,2,6,6
TrainDataset,TrainDataset/images/366.png,TrainDataset,TrainDataset/images/380.png,0,5,8
TrainDataset,TrainDataset/images/366.png,TrainDataset,TrainDataset/images/382.png,1,6,4
TrainDataset,TrainDataset/images/366.png,TrainDataset,TrainDataset/images/383.png,2,5,6
TrainDataset,TrainDataset/images/367.png,TrainDataset,TrainDataset/images/368.png,1,4,4
TrainDataset,TrainDataset/images/367.png,TrainDataset,TrainDataset/images/369.png,1,4,6
TrainDataset,TrainDataset/images/367.png,TrainDataset,TrainDataset/images/370.png,3,5,6
TrainDataset,TrainDataset/images/367.png,TrainDataset,TrainDataset/images/371.png,3,5,6
TrainDataset,TrainDataset/images/367.png,TrainDataset,TrainDataset/images/372.png,3,5,6
TrainDataset,TrainDataset/images/367.png,TrainDataset,TrainDataset/images/375.png,3,7,6
TrainDataset,TrainDataset/images/367.png,TrainDataset,TrainDataset/images/376.png,5,9,4
TrainDataset,TrainDataset/images/367.png,TrainDataset,TrainDataset/images/377.png,4,10,6
TrainDataset,TrainDataset/images/367.png,TrainDataset,TrainDataset/images/378.png,4,9,6
TrainDataset,TrainDataset/images/367.png,TrainDataset,TrainDataset/images/379.png,1,6,6
TrainDataset,TrainDataset/images/367.png,TrainDataset,TrainDataset/images/380.png,1,7,8
TrainDataset,TrainDataset/images/367.png,TrainDataset,TrainDataset/images/382.png,0,4,4
TrainDataset,TrainDataset/images/367.png,TrainDataset,TrainDataset/images/383.png,3,5,6
TrainDataset,TrainDataset/images/367.png,TrainDataset,TrainDataset/images/490.png,8,4,16
TrainDataset,TrainDataset/images/367.png,TrainDataset,TrainDataset/images/551.png,8,8,16
TrainDataset,TrainDataset/images/368.png,TrainDataset,TrainDataset/images/369.png,0,0,2
TrainDataset,TrainDataset/images/368.png,TrainDataset,TrainDataset/images/370.png,2,3,4
TrainDataset,TrainDataset/images/368.png,TrainDataset,TrainDataset/images/371.png,2,5,6
TrainDataset,TrainDataset/images/368.png,TrainDataset,TrainDataset/images/372.png,2,5,4
TrainDataset,TrainDataset/images/368.png,TrainDataset,TrainDataset/images/375.png,2,7,6
TrainDataset,TrainDataset/images/368.png,TrainDataset,TrainDataset/images/376.png,4,9,6
TrainDataset,TrainDataset/images/368.png,TrainDataset,TrainDataset/images/377.png,3,8,8
TrainDataset,TrainDataset/images/368.png,TrainDataset,TrainDataset/images/378.png,3,7,8
TrainDataset,TrainDataset/images/368.png,TrainDataset,TrainDataset/images/379.png,2,8,8
TrainDataset,TrainDataset/images/368.png,TrainDataset,TrainDataset/images/382.png,1,6,6
TrainDataset,TrainDataset/images/368.png,TrainDataset,TrainDataset/images/383.png,4,7,6
TrainDataset,TrainDataset/images/368.png,TrainDataset,TrainDataset/images/473.png,7,8,6
TrainDataset,TrainDataset/images/368.png,TrainDataset,TrainDataset/images/490.png,7,6,16
TrainDataset,TrainDataset/images/368.png,TrainDataset,TrainDataset/images/564.png,3,13,8
TrainDataset,TrainDataset/images/369.png,TrainDataset,TrainDataset/images/370.png,2,3,4
TrainDataset,TrainDataset/images/369.png,TrainDataset,TrainDataset/images/371.png,2,5,4
TrainDataset,TrainDataset/images/369.png,TrainDataset,TrainDataset/images/372.png,2,5,2
TrainDataset,TrainDataset/images/369.png,TrainDataset,TrainDataset/images/375.png,2,7,4
TrainDataset,TrainDataset/images/369.png,TrainDataset,TrainDataset/images/376.png,4,9,4
TrainDataset,TrainDataset/images/369.png,TrainDataset,TrainDataset/images/377.png,3,8,8
TrainDataset,TrainDataset/images/369.png,TrainDataset,TrainDataset/images/378.png,3,7,8
TrainDataset,TrainDataset/images/369.png,TrainDataset,TrainDataset/images/379.png,2,8,6
TrainDataset,TrainDataset/images/369.png,TrainDataset,TrainDataset/images/380.png,2,9,8
TrainDataset,TrainDataset/images/369.png,TrainDataset,TrainDataset/images/382.png,1,6,6
TrainDataset,TrainDataset/images/369.png,TrainDataset,TrainDataset/images/383.png,4,7,8
TrainDataset,TrainDataset/images/369.png,TrainDataset,TrainDataset/images/473.png,7,8,8
TrainDataset,TrainDataset/images/369.png,TrainDataset,TrainDataset/images/490.png,7,6,14
TrainDataset,TrainDataset/images/369.png,TrainDataset,TrainDataset/images/564.png,3,13,8
TrainDataset,TrainDataset/images/37.png,TrainDataset,TrainDataset/images/38.png,2,10,6
TrainDataset,TrainDataset/images/37.png,TrainDataset,TrainDataset/images/39.png,2,7,6
TrainDataset,TrainDataset/images/37.png,TrainDataset,TrainDataset/images/40.png,3,5,4
TrainDataset,TrainDataset/images/37.png,TrainDataset,TrainDataset/images/41.png,4,5,2
TrainDataset,TrainDataset/images/37.png,TrainDataset,TrainDataset/images/43.png,2,6,8
TrainDataset,TrainDataset/images/37.png,TrainDataset,TrainDataset/images/45.png,4,8,16
TrainDataset,TrainDataset/images/37.png,TrainDataset,TrainDataset/images/47.png,3,6,8
TrainDataset,TrainDataset/images/37.png,TrainDataset,TrainDataset/images/48.png,4,11,8
TrainDataset,TrainDataset/images/37.png,TrainDataset,TrainDataset/images/487.png,5,7,20
TrainDataset,TrainDataset/images/37.png,TrainDataset,TrainDataset/images/49.png,5,5,12
TrainDataset,TrainDataset/images/37.png,TrainDataset,TrainDataset/images/606.png,8,15,8
TrainDataset,TrainDataset/images/37.png,TrainDataset,TrainDataset/images/90.png,6,13,8
TrainDataset,TrainDataset/images/370.png,TrainDataset,TrainDataset/images/371.png,0,4,2
TrainDataset,TrainDataset/images/370.png,TrainDataset,TrainDataset/images/372.png,0,4,4
TrainDataset,TrainDataset/images/370.png,TrainDataset,TrainDataset/images/375.png,2,6,8
TrainDataset,TrainDataset/images/370.png,TrainDataset,TrainDataset/images/376.png,2,6,6
TrainDataset,TrainDataset/images/370.png,TrainDataset,TrainDataset/images/377.png,1,7,6
TrainDataset,TrainDataset/images/370.png,TrainDataset,TrainDataset/images/378.png,1,6,6
TrainDataset,TrainDataset/images/370.png,TrainDataset,TrainDataset/images/379.png,2,7,6
TrainDataset,TrainDataset/images/370.png,TrainDataset,TrainDataset/images/380.png,4,8,6
TrainDataset,TrainDataset/images/370.png,TrainDataset,TrainDataset/images/382.png,3,7,6
TrainDataset,TrainDataset/images/370.png,TrainDataset,TrainDataset/images/383.png,4,8,8
TrainDataset,TrainDataset/images/370.png,TrainDataset,TrainDataset/images/468.png,4,11,8
TrainDataset,TrainDataset/images/370.png,TrainDataset,TrainDataset/images/473.png,5,7,10
TrainDataset,TrainDataset/images/370.png,TrainDataset,TrainDataset/images/490.png,5,5,16
TrainDataset,TrainDataset/images/370.png,TrainDataset,TrainDataset/images/564.png,5,12,8
TrainDataset,TrainDataset/images/371.png,TrainDataset,TrainDataset/images/372.png,0,0,2
TrainDataset,TrainDataset/images/371.png,TrainDataset,TrainDataset/images/375.png,2,6,6
TrainDataset,TrainDataset/images/371.png,TrainDataset,TrainDataset/images/376.png,2,8,4
TrainDataset,TrainDataset/images/371.png,TrainDataset,TrainDataset/images/377.png,1,7,6
TrainDataset,TrainDataset/images/371.png,TrainDataset,TrainDataset/images/378.png,1,6,6
TrainDataset,TrainDataset/images/371.png,TrainDataset,TrainDataset/images/379.png,2,7,4
TrainDataset,TrainDataset/images/371.png,TrainDataset,TrainDataset/images/380.png,4,8,4
TrainDataset,TrainDataset/images/371.png,TrainDataset,TrainDataset/images/382.png,3,7,6
TrainDataset,TrainDataset/images/371.png,TrainDataset,TrainDataset/images/383.png,4,6,8
TrainDataset,TrainDataset/images/371.png,TrainDataset,TrainDataset/images/490.png,5,5,16
TrainDataset,TrainDataset/images/371.png,TrainDataset,TrainDataset/images/564.png,5,14,8
TrainDataset,TrainDataset/images/372.png,TrainDataset,TrainDataset/images/375.png,2,6,4
TrainDataset,TrainDataset/images/372.png,TrainDataset,TrainDataset/images/376.png,2,8,4
TrainDataset,TrainDataset/images/372.png,TrainDataset,TrainDataset/images/377.png,1,7,6
TrainDataset,TrainDataset/images/372.png,TrainDataset,TrainDataset/images/378.png,1,6,6
TrainDataset,TrainDataset/images/372.png,TrainDataset,TrainDataset/images/379.png,2,7,4
TrainDataset,TrainDataset/images/372.png,TrainDataset,TrainDataset/images/380.png,4,8,6
TrainDataset,TrainDataset/images/372.png,TrainDataset,TrainDataset/images/382.png,3,7,6
TrainDataset,TrainDataset/images/372.png,TrainDataset,TrainDataset/images/383.png,4,6,8
TrainDataset,TrainDataset/images/372.png,TrainDataset,TrainDataset/images/490.png,5,5,14
TrainDataset,TrainDataset/images/372.png,TrainDataset,TrainDataset/images/564.png,5,14,6
TrainDataset,TrainDataset/images/375.png,TrainDataset,TrainDataset/images/376.png,2,10,4
TrainDataset,TrainDataset/images/375.png,TrainDataset,TrainDataset/images/377.png,1,7,8
TrainDataset,TrainDataset/images/375.png,TrainDataset,TrainDataset/images/378.png,1,8,8
TrainDataset,TrainDataset/images/375.png,TrainDataset,TrainDataset/images/379.png,2,5,6
TrainDataset,TrainDataset/images/375.png,TrainDataset,TrainDataset/images/380.png,4,6,8
TrainDataset,TrainDataset/images/375.png,TrainDataset,TrainDataset/images/382.png,3,5,4
TrainDataset,TrainDataset/images/376.png,TrainDataset,TrainDataset/images/377.png,1,7,6
TrainDataset,TrainDataset/images/376.png,TrainDataset,TrainDataset/images/378.png,1,8,6
TrainDataset,TrainDataset/images/376.png,TrainDataset,TrainDataset/images/379.png,4,9,6
TrainDataset,TrainDataset/images/376.png,TrainDataset,TrainDataset/images/380.png,6,8,6
TrainDataset,TrainDataset/images/376.png,TrainDataset,TrainDataset/images/382.png,5,9,4
TrainDataset,TrainDataset/images/376.png,TrainDataset,TrainDataset/images/490.png,5,7,14
TrainDataset,TrainDataset/images/376.png,TrainDataset,TrainDataset/images/552.png,5,7,12
TrainDataset,TrainDataset/images/376.png,TrainDataset,TrainDataset/images/556.png,6,8,14
TrainDataset,TrainDataset/images/377.png,TrainDataset,TrainDataset/images/378.png,0,1,0
TrainDataset,TrainDataset/images/377.png,TrainDataset,TrainDataset/images/379.png,3,8,8
TrainDataset,TrainDataset/images/377.png,TrainDataset,TrainDataset/images/380.png,5,11,6
TrainDataset,TrainDataset/images/377.png,TrainDataset,TrainDataset/images/382.png,4,8,6
TrainDataset,TrainDataset/images/378.png,TrainDataset,TrainDataset/images/379.png,3,9,8
TrainDataset,TrainDataset/images/378.png,TrainDataset,TrainDataset/images/380.png,5,12,6
TrainDataset,TrainDataset/images/378.png,TrainDataset,TrainDataset/images/382.png,4,9,6
TrainDataset,TrainDataset/images/379.png,TrainDataset,TrainDataset/images/380.png,2,5,6
TrainDataset,TrainDataset/images/379.png,TrainDataset,TrainDataset/images/382.png,1,4,6
TrainDataset,TrainDataset/images/379.png,TrainDataset,TrainDataset/images/383.png,2,9,6
TrainDataset,TrainDataset/images/379.png,TrainDataset,TrainDataset/images/490.png,7,8,12
TrainDataset,TrainDataset/images/38.png,TrainDataset,TrainDataset/images/39.png,0,3,2
TrainDataset,TrainDataset/images/38.png,TrainDataset,TrainDataset/images/40.png,3,7,8
TrainDataset,TrainDataset/images/38.png,TrainDataset,TrainDataset/images/41.png,2,5,6
TrainDataset,TrainDataset/images/38.png,TrainDataset,TrainDataset/images/43.png,2,6,10
TrainDataset,TrainDataset/images/38.png,TrainDataset,TrainDataset/images/443.png,5,8,14
TrainDataset,TrainDataset/images/38.png,TrainDataset,TrainDataset/images/487.png,7,7,20
TrainDataset,TrainDataset/images/38.png,TrainDataset,TrainDataset/images/49.png,3,7,14
TrainDataset,TrainDataset/images/38.png,TrainDataset,TrainDataset/images/606.png,6,15,8
TrainDataset,TrainDataset/images/38.png,TrainDataset,TrainDataset/images/84.png,8,8,16
TrainDataset,TrainDataset/images/38.png,TrainDataset,TrainDataset/images/85.png,7,8,12
TrainDataset,TrainDataset/images/38.png,TrainDataset,TrainDataset/images/87.png,7,8,12
TrainDataset,TrainDataset/images/38.png,TrainDataset,TrainDataset/images/90.png,6,7,10
TrainDataset,TrainDataset/images/38.png,TrainDataset,TrainDataset/images/91.png,6,7,12
TrainDataset,TrainDataset/images/38.png,TrainDataset,TrainDataset/images/92.png,7,8,6
TrainDataset,TrainDataset/images/38.png,TrainDataset,TrainDataset/images/94.png,6,7,12
TrainDataset,TrainDataset/images/38.png,TrainDataset,TrainDataset/images/95.png,6,8,14
TrainDataset,TrainDataset/images/38.png,TrainDataset,TrainDataset/images/96.png,7,7,12
TrainDataset,TrainDataset/images/38.png,TrainDataset,TrainDataset/images/cju6z9a9kwsl007552s49rx6i.png,7,7,24
TrainDataset,TrainDataset/images/380.png,TrainDataset,TrainDataset/images/382.png,1,7,8
TrainDataset,TrainDataset/images/380.png,TrainDataset,TrainDataset/images/552.png,7,13,8
TrainDataset,TrainDataset/images/382.png,TrainDataset,TrainDataset/images/383.png,3,9,8
TrainDataset,TrainDataset/images/382.png,TrainDataset,TrainDataset/images/490.png,8,6,16
TrainDataset,TrainDataset/images/382.png,TrainDataset,TrainDataset/images/551.png,8,8,18
TrainDataset,TrainDataset/images/383.png,TrainDataset,TrainDataset/images/564.png,7,14,8
TrainDataset,TrainDataset/images/384.png,TrainDataset,TrainDataset/images/385.png,3,4,4
TrainDataset,TrainDataset/images/389.png,TrainDataset,TrainDataset/images/390.png,3,8,8
TrainDataset,TrainDataset/images/389.png,TrainDataset,TrainDataset/images/403.png,3,8,18
TrainDataset,TrainDataset/images/389.png,TrainDataset,TrainDataset/images/405.png,8,6,22
TrainDataset,TrainDataset/images/389.png,TrainDataset,TrainDataset/images/406.png,7,7,20
TrainDataset,TrainDataset/images/39.png,TrainDataset,TrainDataset/images/40.png,3,4,8
TrainDataset,TrainDataset/images/39.png,TrainDataset,TrainDataset/images/41.png,2,4,6
TrainDataset,TrainDataset/images/39.png,TrainDataset,TrainDataset/images/43.png,2,5,10
TrainDataset,TrainDataset/images/39.png,TrainDataset,TrainDataset/images/46.png,3,8,14
TrainDataset,TrainDataset/images/39.png,TrainDataset,TrainDataset/images/48.png,2,10,8
TrainDataset,TrainDataset/images/39.png,TrainDataset,TrainDataset/images/487.png,7,6,20
TrainDataset,TrainDataset/images/39.png,TrainDataset,TrainDataset/images/49.png,3,6,12
TrainDataset,TrainDataset/images/39.png,TrainDataset,TrainDataset/images/606.png,6,14,6
TrainDataset,TrainDataset/images/39.png,TrainDataset,TrainDataset/images/90.png,6,8,8
TrainDataset,TrainDataset/images/39.png,TrainDataset,TrainDataset/images/92.png,7,9,6
TrainDataset,TrainDataset/images/39.png,TrainDataset,TrainDataset/images/cju6z9a9kwsl007552s49rx6i.png,7,8,24
TrainDataset,TrainDataset/images/392.png,TrainDataset,TrainDataset/images/393.png,6,5,8
TrainDataset,TrainDataset/images/394.png,TrainDataset,TrainDataset/images/396.png,4,8,10
TrainDataset,TrainDataset/images/394.png,TrainDataset,TrainDataset/images/399.png,5,9,8
TrainDataset,TrainDataset/images/396.png,TrainDataset,TrainDataset/images/399.png,1,1,4
TrainDataset,TrainDataset/images/396.png,TrainDataset,TrainDataset/images/402.png,6,4,16
TrainDataset,TrainDataset/images/399.png,TrainDataset,TrainDataset/images/402.png,5,5,16
TrainDataset,TrainDataset/images/40.png,TrainDataset,TrainDataset/images/41.png,1,4,4
TrainDataset,TrainDataset/images/40.png,TrainDataset,TrainDataset/images/43.png,3,7,10
TrainDataset,TrainDataset/images/40.png,TrainDataset,TrainDataset/images/45.png,5,7,18
TrainDataset,TrainDataset/images/40.png,TrainDataset,TrainDataset/images/47.png,2,9,8
TrainDataset,TrainDataset/images/40.png,TrainDataset,TrainDataset/images/487.png,6,6,22
TrainDataset,TrainDataset/images/40.png,TrainDataset,TrainDataset/images/49.png,4,6,12
TrainDataset,TrainDataset/images/401.png,TrainDataset,TrainDataset/images/408.png,10,7,8
TrainDataset,TrainDataset/images/402.png,TrainDataset,TrainDataset/images/407.png,2,8,8
TrainDataset,TrainDataset/images/402.png,TrainDataset,TrainDataset/images/408.png,7,7,16
TrainDataset,TrainDataset/images/403.png,TrainDataset,TrainDataset/images/405.png,5,4,6
TrainDataset,TrainDataset/images/407.png,TrainDataset,TrainDataset/images/408.png,7,3,12
TrainDataset,TrainDataset/images/41.png,TrainDataset,TrainDataset/images/43.png,2,5,8
TrainDataset,TrainDataset/images/41.png,TrainDataset,TrainDataset/images/444.png,5,11,8
TrainDataset,TrainDataset/images/41.png,TrainDataset,TrainDataset/images/46.png,3,6,14
TrainDataset,TrainDataset/images/41.png,TrainDataset,TrainDataset/images/487.png,7,6,20
TrainDataset,TrainDataset/images/41.png,TrainDataset,TrainDataset/images/49.png,3,4,12
TrainDataset,TrainDataset/images/41.png,TrainDataset,TrainDataset/images/606.png,8,16,8
TrainDataset,TrainDataset/images/41.png,TrainDataset,TrainDataset/images/86.png,6,12,8
TrainDataset,TrainDataset/images/41.png,TrainDataset,TrainDataset/images/90.png,6,10,6
TrainDataset,TrainDataset/images/41.png,TrainDataset,TrainDataset/images/91.png,6,12,8
TrainDataset,TrainDataset/images/41.png,TrainDataset,TrainDataset/images/92.png,7,11,6
TrainDataset,TrainDataset/images/411.png,TrainDataset,TrainDataset/images/412.png,1,2,6
TrainDataset,TrainDataset/images/411.png,TrainDataset,TrainDataset/images/413.png,6,6,14
TrainDataset,TrainDataset/images/412.png,TrainDataset,TrainDataset/images/413.png,5,8,10
TrainDataset,TrainDataset/images/43.png,TrainDataset,TrainDataset/images/430.png,8,8,18
TrainDataset,TrainDataset/images/43.png,TrainDataset,TrainDataset/images/444.png,5,10,8
TrainDataset,TrainDataset/images/43.png,TrainDataset,TrainDataset/images/46.png,5,7,18
TrainDataset,TrainDataset/images/43.png,TrainDataset,TrainDataset/images/48.png,4,7,14
TrainDataset,TrainDataset/images/43.png,TrainDataset,TrainDataset/images/49.png,3,5,20
TrainDataset,TrainDataset/images/430.png,TrainDataset,TrainDataset/images/432.png,3,11,8
TrainDataset,TrainDataset/images/430.png,TrainDataset,TrainDataset/images/436.png,3,8,10
TrainDataset,TrainDataset/images/430.png,TrainDataset,TrainDataset/images/437.png,3,7,10
TrainDataset,TrainDataset/images/430.png,TrainDataset,TrainDataset/images/441.png,8,8,20
TrainDataset,TrainDataset/images/430.png,TrainDataset,TrainDataset/images/cju6z9a9kwsl007552s49rx6i.png,7,7,20
TrainDataset,TrainDataset/images/432.png,TrainDataset,TrainDataset/images/436.png,0,3,6
TrainDataset,TrainDataset/images/432.png,TrainDataset,TrainDataset/images/cju40sdwukv3k0755y99ug1k8.png,7,7,18
TrainDataset,TrainDataset/images/432.png,TrainDataset,TrainDataset/images/cju6z9a9kwsl007552s49rx6i.png,8,8,22
TrainDataset,TrainDataset/images/433.png,TrainDataset,TrainDataset/images/434.png,2,5,2
TrainDataset,TrainDataset/images/433.png,TrainDataset,TrainDataset/images/48.png,8,8,22
TrainDataset,TrainDataset/images/436.png,TrainDataset,TrainDataset/images/437.png,0,7,10
TrainDataset,TrainDataset/images/436.png,TrainDataset,TrainDataset/images/cju2t2ivz43i10878zeg8r1br.png,7,8,28
TrainDataset,TrainDataset/images/436.png,TrainDataset,TrainDataset/images/cju40sdwukv3k0755y99ug1k8.png,7,8,16
TrainDataset,TrainDataset/images/436.png,TrainDataset,TrainDataset/images/cju6z9a9kwsl007552s49rx6i.png,8,5,20
TrainDataset,TrainDataset/images/437.png,TrainDataset,TrainDataset/images/444.png,8,7,18
TrainDataset,TrainDataset/images/437.png,TrainDataset,TrainDataset/images/46.png,8,8,22
TrainDataset,TrainDataset/images/437.png,TrainDataset,TrainDataset/images/48.png,7,8,18
TrainDataset,TrainDataset/images/437.png,TrainDataset,TrainDataset/images/cju6z9a9kwsl007552s49rx6i.png,8,6,28
TrainDataset,TrainDataset/images/443.png,TrainDataset,TrainDataset/images/444.png,2,8,12
TrainDataset,TrainDataset/images/443.png,TrainDataset,TrainDataset/images/48.png,3,7,14
TrainDataset,TrainDataset/images/443.png,TrainDataset,TrainDataset/images/79.png,4,8,24
TrainDataset,TrainDataset/images/443.png,TrainDataset,TrainDataset/images/81.png,5,8,22
TrainDataset,TrainDataset/images/444.png,TrainDataset,TrainDataset/images/610.png,7,8,18
TrainDataset,TrainDataset/images/444.png,TrainDataset,TrainDataset/images/79.png,6,6,18
TrainDataset,TrainDataset/images/444.png,TrainDataset,TrainDataset/images/81.png,7,6,16
TrainDataset,TrainDataset/images/444.png,TrainDataset,TrainDataset/images/85.png,6,10,6
TrainDataset,TrainDataset/images/444.png,TrainDataset,TrainDataset/images/86.png,5,7,12
TrainDataset,TrainDataset/images/444.png,TrainDataset,TrainDataset/images/87.png,6,10,8
TrainDataset,TrainDataset/images/444.png,TrainDataset,TrainDataset/images/92.png,6,12,6
TrainDataset,TrainDataset/images/444.png,TrainDataset,TrainDataset/images/95.png,7,8,16
TrainDataset,TrainDataset/images/444.png,TrainDataset,TrainDataset/images/cju2m71z2ywwv080131bcrsd3.png,6,8,22
TrainDataset,TrainDataset/images/448.png,TrainDataset,TrainDataset/images/450.png,1,14,8
TrainDataset,TrainDataset/images/448.png,TrainDataset,TrainDataset/images/454.png,2,19,6
TrainDataset,TrainDataset/images/448.png,TrainDataset,TrainDataset/images/456.png,2,16,8
TrainDataset,TrainDataset/images/448.png,TrainDataset,TrainDataset/images/461.png,3,15,6
TrainDataset,TrainDataset/images/448.png,TrainDataset,TrainDataset/images/490.png,7,8,20
TrainDataset,TrainDataset/images/448.png,TrainDataset,TrainDataset/images/493.png,3,8,18
TrainDataset,TrainDataset/images/448.png,TrainDataset,TrainDataset/images/551.png,5,8,14
TrainDataset,TrainDataset/images/45.png,TrainDataset,TrainDataset/images/49.png,5,7,20
TrainDataset,TrainDataset/images/45.png,TrainDataset,TrainDataset/images/499.png,6,8,20
TrainDataset,TrainDataset/images/450.png,TrainDataset,TrainDataset/images/451.png,2,9,6
TrainDataset,TrainDataset/images/450.png,TrainDataset,TrainDataset/images/461.png,2,13,6
TrainDataset,TrainDataset/images/451.png,TrainDataset,TrainDataset/images/461.png,2,14,6
TrainDataset,TrainDataset/images/452.png,TrainDataset,TrainDataset/images/462.png,4,8,8
TrainDataset,TrainDataset/images/452.png,TrainDataset,TrainDataset/images/463.png,4,8,10
TrainDataset,TrainDataset/images/454.png,TrainDataset,TrainDataset/images/456.png,2,15,6
TrainDataset,TrainDataset/images/454.png,TrainDataset,TrainDataset/images/461.png,1,18,8
TrainDataset,TrainDataset/images/454.png,TrainDataset,TrainDataset/images/466.png,2,9,8
TrainDataset,TrainDataset/images/454.png,TrainDataset,TrainDataset/images/549.png,8,20,8
TrainDataset,TrainDataset/images/456.png,TrainDataset,TrainDataset/images/460.png,3,8,14
TrainDataset,TrainDataset/images/456.png,TrainDataset,TrainDataset/images/461.png,3,11,6
TrainDataset,TrainDataset/images/456.png,TrainDataset,TrainDataset/images/466.png,2,8,4
TrainDataset,TrainDataset/images/457.png,TrainDataset,TrainDataset/images/458.png,4,13,8
TrainDataset,TrainDataset/images/457.png,TrainDataset,TrainDataset/images/463.png,3,6,12
TrainDataset,TrainDataset/images/457.png,TrainDataset,TrainDataset/images/465.png,2,11,8
TrainDataset,TrainDataset/images/457.png,TrainDataset,TrainDataset/images/548.png,7,8,20
TrainDataset,TrainDataset/images/458.png,TrainDataset,TrainDataset/images/462.png,7,9,8
TrainDataset,TrainDataset/images/458.png,TrainDataset,TrainDataset/images/463.png,7,11,6
TrainDataset,TrainDataset/images/46.png,TrainDataset,TrainDataset/images/49.png,6,8,12
TrainDataset,TrainDataset/images/46.png,TrainDataset,TrainDataset/images/71.png,7,8,20
TrainDataset,TrainDataset/images/460.png,TrainDataset,TrainDataset/images/462.png,1,19,8
TrainDataset,TrainDataset/images/460.png,TrainDataset,TrainDataset/images/463.png,3,17,8
TrainDataset,TrainDataset/images/461.png,TrainDataset,TrainDataset/images/466.png,3,15,8
TrainDataset,TrainDataset/images/462.png,TrainDataset,TrainDataset/images/463.png,4,6,6
TrainDataset,TrainDataset/images/462.png,TrainDataset,TrainDataset/images/466.png,6,11,8
TrainDataset,TrainDataset/images/463.png,TrainDataset,TrainDataset/images/466.png,6,9,8
TrainDataset,TrainDataset/images/463.png,TrainDataset,TrainDataset/images/562.png,8,8,18
TrainDataset,TrainDataset/images/465.png,TrainDataset,TrainDataset/images/cju7dqcwi2dz00850gcmr2ert.png,8,7,22
TrainDataset,TrainDataset/images/467.png,TrainDataset,TrainDataset/images/469.png,5,7,12
TrainDataset,TrainDataset/images/468.png,TrainDataset,TrainDataset/images/473.png,3,6,8
TrainDataset,TrainDataset/images/468.png,TrainDataset,TrainDataset/images/475.png,3,11,8
TrainDataset,TrainDataset/images/469.png,TrainDataset,TrainDataset/images/471.png,5,8,14
TrainDataset,TrainDataset/images/469.png,TrainDataset,TrainDataset/images/536.png,8,17,8
TrainDataset,TrainDataset/images/47.png,TrainDataset,TrainDataset/images/48.png,3,11,8
TrainDataset,TrainDataset/images/47.png,TrainDataset,TrainDataset/images/49.png,2,7,10
TrainDataset,TrainDataset/images/473.png,TrainDataset,TrainDataset/images/475.png,6,5,6
TrainDataset,TrainDataset/images/473.png,TrainDataset,TrainDataset/images/533.png,7,8,12
TrainDataset,TrainDataset/images/473.png,TrainDataset,TrainDataset/images/546.png,8,8,12
TrainDataset,TrainDataset/images/476.png,TrainDataset,TrainDataset/images/477.png,0,1,0
TrainDataset,TrainDataset/images/476.png,TrainDataset,TrainDataset/images/478.png,1,2,2
TrainDataset,TrainDataset/images/477.png,TrainDataset,TrainDataset/images/478.png,1,1,2
TrainDataset,TrainDataset/images/479.png,TrainDataset,TrainDataset/images/480.png,0,1,2
TrainDataset,TrainDataset/images/479.png,TrainDataset,TrainDataset/images/482.png,0,2,10
TrainDataset,TrainDataset/images/479.png,TrainDataset,TrainDataset/images/485.png,2,7,12
TrainDataset,TrainDataset/images/479.png,TrainDataset,TrainDataset/images/487.png,5,8,26
TrainDataset,TrainDataset/images/479.png,TrainDataset,TrainDataset/images/495.png,2,8,26
TrainDataset,TrainDataset/images/479.png,TrainDataset,TrainDataset/images/498.png,6,8,22
TrainDataset,TrainDataset/images/48.png,TrainDataset,TrainDataset/images/71.png,6,8,18
TrainDataset,TrainDataset/images/48.png,TrainDataset,TrainDataset/images/83.png,7,8,12
TrainDataset,TrainDataset/images/48.png,TrainDataset,TrainDataset/images/86.png,6,8,14
TrainDataset,TrainDataset/images/48.png,TrainDataset,TrainDataset/images/90.png,4,6,10
TrainDataset,TrainDataset/images/48.png,TrainDataset,TrainDataset/images/91.png,4,8,10
TrainDataset,TrainDataset/images/48.png,TrainDataset,TrainDataset/images/96.png,5,8,8
TrainDataset,TrainDataset/images/48.png,TrainDataset,TrainDataset/images/cju330ofbc2l30801th5g3hw6.png,6,6,18
TrainDataset,TrainDataset/images/480.png,TrainDataset,TrainDataset/images/482.png,0,3,12
TrainDataset,TrainDataset/images/480.png,TrainDataset,TrainDataset/images/485.png,2,6,10
TrainDataset,TrainDataset/images/482.png,TrainDataset,TrainDataset/images/487.png,5,8,22
TrainDataset,TrainDataset/images/482.png,TrainDataset,TrainDataset/images/489.png,7,8,22
TrainDataset,TrainDataset/images/482.png,TrainDataset,TrainDataset/images/495.png,2,8,26
TrainDataset,TrainDataset/images/482.png,TrainDataset,TrainDataset/images/498.png,6,8,22
TrainDataset,TrainDataset/images/487.png,TrainDataset,TrainDataset/images/49.png,6,6,16
TrainDataset,TrainDataset/images/487.png,TrainDataset,TrainDataset/images/90.png,7,8,20
TrainDataset,TrainDataset/images/487.png,TrainDataset,TrainDataset/images/cju1b3zgj3d8e0801kpolea6c.png,4,7,26
TrainDataset,TrainDataset/images/488.png,TrainDataset,TrainDataset/images/84.png,8,8,26
TrainDataset,TrainDataset/images/488.png,TrainDataset,TrainDataset/images/94.png,8,7,22
TrainDataset,TrainDataset/images/49.png,TrainDataset,TrainDataset/images/cju1hirfi7ekp0855q0vgm9qq.png,7,8,22
TrainDataset,TrainDataset/images/49.png,TrainDataset,TrainDataset/images/cju5uget8krjy0818kvywd0zu.png,8,8,20
TrainDataset,TrainDataset/images/494.png,TrainDataset,TrainDataset/images/501.png,0,8,16
TrainDataset,TrainDataset/images/495.png,TrainDataset,TrainDataset/images/496.png,7,8,12
TrainDataset,TrainDataset/images/495.png,TrainDataset,TrainDataset/images/503.png,0,6,10
TrainDataset,TrainDataset/images/496.png,TrainDataset,TrainDataset/images/503.png,7,8,20
TrainDataset,TrainDataset/images/497.png,TrainDataset,TrainDataset/images/498.png,3,5,18
TrainDataset,TrainDataset/images/497.png,TrainDataset,TrainDataset/images/499.png,3,6,14
TrainDataset,TrainDataset/images/497.png,TrainDataset,TrainDataset/images/502.png,6,8,22
TrainDataset,TrainDataset/images/497.png,TrainDataset,TrainDataset/images/cju5uget8krjy0818kvywd0zu.png,6,7,34
TrainDataset,TrainDataset/images/499.png,TrainDataset,TrainDataset/images/503.png,4,5,16
TrainDataset,TrainDataset/images/499.png,TrainDataset,TrainDataset/images/cjyzufihqquiw0a46jatrbwln.png,6,7,18
TrainDataset,TrainDataset/images/508.png,TrainDataset,TrainDataset/images/509.png,8,2,10
TrainDataset,TrainDataset/images/508.png,TrainDataset,TrainDataset/images/92.png,8,7,10
TrainDataset,TrainDataset/images/509.png,TrainDataset,TrainDataset/images/92.png,6,7,10
TrainDataset,TrainDataset/images/51.png,TrainDataset,TrainDataset/images/53.png,6,7,10
TrainDataset,TrainDataset/images/51.png,TrainDataset,TrainDataset/images/55.png,8,7,12
TrainDataset,TrainDataset/images/517.png,TrainDataset,TrainDataset/images/518.png,3,7,2
TrainDataset,TrainDataset/images/519.png,TrainDataset,TrainDataset/images/524.png,8,16,8
TrainDataset,TrainDataset/images/523.png,TrainDataset,TrainDataset/images/532.png,18,8,8
TrainDataset,TrainDataset/images/53.png,TrainDataset,TrainDataset/images/55.png,2,2,4
TrainDataset,TrainDataset/images/532.png,TrainDataset,TrainDataset/images/533.png,2,8,10
TrainDataset,TrainDataset/images/532.png,TrainDataset,TrainDataset/images/540.png,6,8,18
TrainDataset,TrainDataset/images/532.png,TrainDataset,TrainDataset/images/542.png,5,11,8
TrainDataset,TrainDataset/images/532.png,TrainDataset,TrainDataset/images/546.png,3,8,10
TrainDataset,TrainDataset/images/533.png,TrainDataset,TrainDataset/images/543.png,2,4,4
TrainDataset,TrainDataset/images/533.png,TrainDataset,TrainDataset/images/546.png,1,10,6
TrainDataset,TrainDataset/images/534.png,TrainDataset,TrainDataset/images/535.png,1,4,2
TrainDataset,TrainDataset/images/535.png,TrainDataset,TrainDataset/images/536.png,8,9,8
TrainDataset,TrainDataset/images/539.png,TrainDataset,TrainDataset/images/542.png,7,17,6
TrainDataset,TrainDataset/images/540.png,TrainDataset,TrainDataset/images/543.png,4,6,14
TrainDataset,TrainDataset/images/540.png,TrainDataset,TrainDataset/images/544.png,3,1,2
TrainDataset,TrainDataset/images/540.png,TrainDataset,TrainDataset/images/554.png,4,8,18
TrainDataset,TrainDataset/images/541.png,TrainDataset,TrainDataset/images/546.png,2,6,8
TrainDataset,TrainDataset/images/542.png,TrainDataset,TrainDataset/images/546.png,4,7,6
TrainDataset,TrainDataset/images/543.png,TrainDataset,TrainDataset/images/544.png,1,7,12
TrainDataset,TrainDataset/images/543.png,TrainDataset,TrainDataset/images/546.png,3,8,6
TrainDataset,TrainDataset/images/547.png,TrainDataset,TrainDataset/images/548.png,2,6,6
TrainDataset,TrainDataset/images/547.png,TrainDataset,TrainDataset/images/549.png,6,20,8
TrainDataset,TrainDataset/images/547.png,TrainDataset,TrainDataset/images/562.png,0,2,2
TrainDataset,TrainDataset/images/548.png,TrainDataset,TrainDataset/images/562.png,2,6,8
TrainDataset,TrainDataset/images/549.png,TrainDataset,TrainDataset/images/560.png,6,8,8
TrainDataset,TrainDataset/images/549.png,TrainDataset,TrainDataset/images/562.png,6,20,8
TrainDataset,TrainDataset/images/549.png,TrainDataset,TrainDataset/images/566.png,3,8,8
TrainDataset,TrainDataset/images/549.png,TrainDataset,TrainDataset/images/570.png,4,7,12
TrainDataset,TrainDataset/images/55.png,TrainDataset,TrainDataset/images/62.png,7,8,12
TrainDataset,TrainDataset/images/552.png,TrainDataset,TrainDataset/images/556.png,1,3,2
TrainDataset,TrainDataset/images/552.png,TrainDataset,TrainDataset/images/557.png,4,8,10
TrainDataset,TrainDataset/images/552.png,TrainDataset,TrainDataset/images/558.png,3,4,4
TrainDataset,TrainDataset/images/553.png,TrainDataset,TrainDataset/images/554.png,1,1,4
TrainDataset,TrainDataset/images/553.png,TrainDataset,TrainDataset/images/556.png,3,8,16
TrainDataset,TrainDataset/images/554.png,TrainDataset,TrainDataset/images/565.png,6,8,6
TrainDataset,TrainDataset/images/556.png,TrainDataset,TrainDataset/images/558.png,2,5,6
TrainDataset,TrainDataset/images/557.png,TrainDataset,TrainDataset/images/558.png,1,6,6
TrainDataset,TrainDataset/images/560.png,TrainDataset,TrainDataset/images/566.png,5,10,8
TrainDataset,TrainDataset/images/562.png,TrainDataset,TrainDataset/images/566.png,7,14,8
TrainDataset,TrainDataset/images/566.png,TrainDataset,TrainDataset/images/567.png,1,7,14
TrainDataset,TrainDataset/images/572.png,TrainDataset,TrainDataset/images/573.png,7,7,4
TrainDataset,TrainDataset/images/576.png,TrainDataset,TrainDataset/images/577.png,2,6,8
TrainDataset,TrainDataset/images/577.png,TrainDataset,TrainDataset/images/578.png,8,5,8
TrainDataset,TrainDataset/images/577.png,TrainDataset,TrainDataset/images/580.png,6,6,20
TrainDataset,TrainDataset/images/578.png,TrainDataset,TrainDataset/images/580.png,8,7,18
TrainDataset,TrainDataset/images/580.png,TrainDataset,TrainDataset/images/581.png,4,6,16
TrainDataset,TrainDataset/images/583.png,TrainDataset,TrainDataset/images/584.png,7,8,16
TrainDataset,TrainDataset/images/586.png,TrainDataset,TrainDataset/images/587.png,1,10,6
TrainDataset,TrainDataset/images/587.png,TrainDataset,TrainDataset/images/588.png,3,7,14
TrainDataset,TrainDataset/images/587.png,TrainDataset,TrainDataset/images/589.png,2,4,14
TrainDataset,TrainDataset/images/592.png,TrainDataset,TrainDataset/images/593.png,1,4,8
TrainDataset,TrainDataset/images/592.png,TrainDataset,TrainDataset/images/596.png,5,7,10
TrainDataset,TrainDataset/images/592.png,TrainDataset,TrainDataset/images/598.png,1,8,12
TrainDataset,TrainDataset/images/592.png,TrainDataset,TrainDataset/images/599.png,3,8,10
TrainDataset,TrainDataset/images/593.png,TrainDataset,TrainDataset/images/596.png,6,9,8
TrainDataset,TrainDataset/images/593.png,TrainDataset,TrainDataset/images/598.png,0,8,10
TrainDataset,TrainDataset/images/593.png,TrainDataset,TrainDataset/images/610.png,3,9,8
TrainDataset,TrainDataset/images/596.png,TrainDataset,TrainDataset/images/597.png,5,6,10
TrainDataset,TrainDataset/images/596.png,TrainDataset,TrainDataset/images/598.png,6,5,10
TrainDataset,TrainDataset/images/598.png,TrainDataset,TrainDataset/images/599.png,2,8,6
TrainDataset,TrainDataset/images/6.png,TrainDataset,TrainDataset/images/7.png,2,7,4
TrainDataset,TrainDataset/images/600.png,TrainDataset,TrainDataset/images/601.png,6,5,6
TrainDataset,TrainDataset/images/604.png,TrainDataset,TrainDataset/images/77.png,8,6,22
TrainDataset,TrainDataset/images/605.png,TrainDataset,TrainDataset/images/606.png,7,11,8
TrainDataset,TrainDataset/images/605.png,TrainDataset,TrainDataset/images/92.png,6,12,8
TrainDataset,TrainDataset/images/608.png,TrainDataset,TrainDataset/images/609.png,3,6,10
TrainDataset,TrainDataset/images/610.png,TrainDataset,TrainDataset/images/611.png,1,11,6
TrainDataset,TrainDataset/images/610.png,TrainDataset,TrainDataset/images/86.png,4,7,20
TrainDataset,TrainDataset/images/610.png,TrainDataset,TrainDataset/images/95.png,8,8,24
TrainDataset,TrainDataset/images/62.png,TrainDataset,TrainDataset/images/63.png,0,2,0
TrainDataset,TrainDataset/images/62.png,TrainDataset,TrainDataset/images/64.png,1,8,4
TrainDataset,TrainDataset/images/63.png,TrainDataset,TrainDataset/images/64.png,1,8,4
TrainDataset,TrainDataset/images/69.png,TrainDataset,TrainDataset/images/79.png,7,6,20
TrainDataset,TrainDataset/images/69.png,TrainDataset,TrainDataset/images/84.png,8,8,14
TrainDataset,TrainDataset/images/72.png,TrainDataset,TrainDataset/images/77.png,5,7,20
TrainDataset,TrainDataset/images/76.png,TrainDataset,TrainDataset/images/77.png,7,7,16
TrainDataset,TrainDataset/images/76.png,TrainDataset,TrainDataset/images/86.png,8,7,20
TrainDataset,TrainDataset/images/79.png,TrainDataset,TrainDataset/images/81.png,3,6,6
TrainDataset,TrainDataset/images/79.png,TrainDataset,TrainDataset/images/83.png,2,5,14
TrainDataset,TrainDataset/images/79.png,TrainDataset,TrainDataset/images/84.png,1,4,10
TrainDataset,TrainDataset/images/79.png,TrainDataset,TrainDataset/images/85.png,2,6,14
TrainDataset,TrainDataset/images/79.png,TrainDataset,TrainDataset/images/86.png,1,7,12
TrainDataset,TrainDataset/images/79.png,TrainDataset,TrainDataset/images/87.png,2,6,12
TrainDataset,TrainDataset/images/79.png,TrainDataset,TrainDataset/images/90.png,3,7,14
TrainDataset,TrainDataset/images/79.png,TrainDataset,TrainDataset/images/91.png,3,5,14
TrainDataset,TrainDataset/images/79.png,TrainDataset,TrainDataset/images/93.png,2,5,8
TrainDataset,TrainDataset/images/79.png,TrainDataset,TrainDataset/images/94.png,3,7,12
TrainDataset,TrainDataset/images/79.png,TrainDataset,TrainDataset/images/95.png,3,6,16
TrainDataset,TrainDataset/images/79.png,TrainDataset,TrainDataset/images/96.png,2,5,14
TrainDataset,TrainDataset/images/81.png,TrainDataset,TrainDataset/images/83.png,3,5,12
TrainDataset,TrainDataset/images/81.png,TrainDataset,TrainDataset/images/84.png,2,6,10
TrainDataset,TrainDataset/images/81.png,TrainDataset,TrainDataset/images/85.png,3,6,16
TrainDataset,TrainDataset/images/81.png,TrainDataset,TrainDataset/images/86.png,2,7,12
TrainDataset,TrainDataset/images/81.png,TrainDataset,TrainDataset/images/87.png,3,6,12
TrainDataset,TrainDataset/images/81.png,TrainDataset,TrainDataset/images/90.png,4,5,12
TrainDataset,TrainDataset/images/81.png,TrainDataset,TrainDataset/images/91.png,4,5,12
TrainDataset,TrainDataset/images/81.png,TrainDataset,TrainDataset/images/94.png,4,7,14
TrainDataset,TrainDataset/images/81.png,TrainDataset,TrainDataset/images/95.png,6,6,12
TrainDataset,TrainDataset/images/81.png,TrainDataset,TrainDataset/images/96.png,5,5,12
TrainDataset,TrainDataset/images/81.png,TrainDataset,TrainDataset/images/cju1b3zgj3d8e0801kpolea6c.png,7,8,24
TrainDataset,TrainDataset/images/83.png,TrainDataset,TrainDataset/images/84.png,1,1,10
TrainDataset,TrainDataset/images/83.png,TrainDataset,TrainDataset/images/85.png,2,1,12
TrainDataset,TrainDataset/images/83.png,TrainDataset,TrainDataset/images/86.png,1,2,8
TrainDataset,TrainDataset/images/83.png,TrainDataset,TrainDataset/images/87.png,2,1,8
TrainDataset,TrainDataset/images/83.png,TrainDataset,TrainDataset/images/90.png,3,2,8
TrainDataset,TrainDataset/images/83.png,TrainDataset,TrainDataset/images/91.png,3,2,8
TrainDataset,TrainDataset/images/83.png,TrainDataset,TrainDataset/images/92.png,10,3,8
TrainDataset,TrainDataset/images/83.png,TrainDataset,TrainDataset/images/93.png,4,4,12
TrainDataset,TrainDataset/images/83.png,TrainDataset,TrainDataset/images/94.png,3,2,16
TrainDataset,TrainDataset/images/83.png,TrainDataset,TrainDataset/images/95.png,5,1,12
TrainDataset,TrainDataset/images/83.png,TrainDataset,TrainDataset/images/96.png,4,0,8
TrainDataset,TrainDataset/images/84.png,TrainDataset,TrainDataset/images/85.png,1,2,12
TrainDataset,TrainDataset/images/84.png,TrainDataset,TrainDataset/images/86.png,0,3,6
TrainDataset,TrainDataset/images/84.png,TrainDataset,TrainDataset/images/87.png,1,2,8
TrainDataset,TrainDataset/images/84.png,TrainDataset,TrainDataset/images/90.png,2,3,8
TrainDataset,TrainDataset/images/84.png,TrainDataset,TrainDataset/images/91.png,2,1,8
TrainDataset,TrainDataset/images/84.png,TrainDataset,TrainDataset/images/93.png,3,3,10
TrainDataset,TrainDataset/images/84.png,TrainDataset,TrainDataset/images/94.png,2,3,8
TrainDataset,TrainDataset/images/84.png,TrainDataset,TrainDataset/images/95.png,4,2,12
TrainDataset,TrainDataset/images/84.png,TrainDataset,TrainDataset/images/96.png,3,1,10
TrainDataset,TrainDataset/images/85.png,TrainDataset,TrainDataset/images/86.png,1,3,10
TrainDataset,TrainDataset/images/85.png,TrainDataset,TrainDataset/images/87.png,0,2,4
TrainDataset,TrainDataset/images/85.png,TrainDataset,TrainDataset/images/90.png,3,3,10
TrainDataset,TrainDataset/images/85.png,TrainDataset,TrainDataset/images/91.png,3,3,10
TrainDataset,TrainDataset/images/85.png,TrainDataset,TrainDataset/images/92.png,10,4,8
TrainDataset,TrainDataset/images/85.png,TrainDataset,TrainDataset/images/93.png,2,5,12
TrainDataset,TrainDataset/images/85.png,TrainDataset,TrainDataset/images/94.png,1,1,8
TrainDataset,TrainDataset/images/85.png,TrainDataset,TrainDataset/images/95.png,3,2,16
TrainDataset,TrainDataset/images/85.png,TrainDataset,TrainDataset/images/96.png,4,1,14
TrainDataset,TrainDataset/images/86.png,TrainDataset,TrainDataset/images/87.png,1,3,8
TrainDataset,TrainDataset/images/86.png,TrainDataset,TrainDataset/images/90.png,2,4,4
TrainDataset,TrainDataset/images/86.png,TrainDataset,TrainDataset/images/91.png,2,4,4
TrainDataset,TrainDataset/images/86.png,TrainDataset,TrainDataset/images/92.png,9,5,6
TrainDataset,TrainDataset/images/86.png,TrainDataset,TrainDataset/images/93.png,3,6,6
TrainDataset,TrainDataset/images/86.png,TrainDataset,TrainDataset/images/94.png,2,4,12
TrainDataset,TrainDataset/images/86.png,TrainDataset,TrainDataset/images/95.png,4,1,10
TrainDataset,TrainDataset/images/86.png,TrainDataset,TrainDataset/images/96.png,3,2,6
TrainDataset,TrainDataset/images/86.png,TrainDataset,TrainDataset/images/cju330ofbc2l30801th5g3hw6.png,8,6,22
TrainDataset,TrainDataset/images/86.png,TrainDataset,TrainDataset/images/cju3xtufwiv9c0818djsc4cqd.png,6,8,22
TrainDataset,TrainDataset/images/86.png,TrainDataset,TrainDataset/images/cju6z9a9kwsl007552s49rx6i.png,7,8,20
TrainDataset,TrainDataset/images/87.png,TrainDataset,TrainDataset/images/90.png,3,3,6
TrainDataset,TrainDataset/images/87.png,TrainDataset,TrainDataset/images/91.png,3,3,6
TrainDataset,TrainDataset/images/87.png,TrainDataset,TrainDataset/images/92.png,10,4,8
TrainDataset,TrainDataset/images/87.png,TrainDataset,TrainDataset/images/93.png,2,5,10
TrainDataset,TrainDataset/images/87.png,TrainDataset,TrainDataset/images/94.png,1,3,8
TrainDataset,TrainDataset/images/87.png,TrainDataset,TrainDataset/images/95.png,3,2,12
TrainDataset,TrainDataset/images/87.png,TrainDataset,TrainDataset/images/96.png,4,1,10
TrainDataset,TrainDataset/images/90.png,TrainDataset,TrainDataset/images/91.png,0,2,2
TrainDataset,TrainDataset/images/90.png,TrainDataset,TrainDataset/images/92.png,9,3,4
TrainDataset,TrainDataset/images/90.png,TrainDataset,TrainDataset/images/93.png,3,6,10
TrainDataset,TrainDataset/images/90.png,TrainDataset,TrainDataset/images/94.png,2,4,12
TrainDataset,TrainDataset/images/90.png,TrainDataset,TrainDataset/images/95.png,4,3,8
TrainDataset,TrainDataset/images/90.png,TrainDataset,TrainDataset/images/96.png,3,2,6
TrainDataset,TrainDataset/images/90.png,TrainDataset,TrainDataset/images/cju330ofbc2l30801th5g3hw6.png,6,8,20
TrainDataset,TrainDataset/images/90.png,TrainDataset,TrainDataset/images/cju3xtufwiv9c0818djsc4cqd.png,8,8,18
TrainDataset,TrainDataset/images/91.png,TrainDataset,TrainDataset/images/92.png,9,3,6
TrainDataset,TrainDataset/images/91.png,TrainDataset,TrainDataset/images/93.png,3,4,10
TrainDataset,TrainDataset/images/91.png,TrainDataset,TrainDataset/images/94.png,2,4,14
TrainDataset,TrainDataset/images/91.png,TrainDataset,TrainDataset/images/95.png,4,3,6
TrainDataset,TrainDataset/images/91.png,TrainDataset,TrainDataset/images/96.png,3,2,4
TrainDataset,TrainDataset/images/91.png,TrainDataset,TrainDataset/images/cju330ofbc2l30801th5g3hw6.png,6,8,20
TrainDataset,TrainDataset/images/93.png,TrainDataset,TrainDataset/images/94.png,1,4,10
TrainDataset,TrainDataset/images/93.png,TrainDataset,TrainDataset/images/95.png,1,5,10
TrainDataset,TrainDataset/images/93.png,TrainDataset,TrainDataset/images/96.png,2,4,10
TrainDataset,TrainDataset/images/94.png,TrainDataset,TrainDataset/images/95.png,2,3,16
TrainDataset,TrainDataset/images/94.png,TrainDataset,TrainDataset/images/96.png,3,2,18
TrainDataset,TrainDataset/images/95.png,TrainDataset,TrainDataset/images/96.png,1,1,4
TrainDataset,TrainDataset/images/cju0qx73cjw570799j4n5cjze.png,TrainDataset,TrainDataset/images/cju8b5p40r2c60987ofa0mu03.png,8,11,8
TrainDataset,TrainDataset/images/cju15mhjczc8z0801kit5c6di.png,TrainDataset,TrainDataset/images/cju310f6val1v0855xo8tc3gu.png,6,21,8
TrainDataset,TrainDataset/images/cju160wshltz10993i1gmqxbe.png,TrainDataset,TrainDataset/images/cju1dhfok4mhe0878jlgrag0h.png,7,18,8
TrainDataset,TrainDataset/images/cju17r8il13910799dr2wme2e.png,TrainDataset,TrainDataset/images/cju7dmlgf2ebw0871ieqas5fh.png,6,8,14
TrainDataset,TrainDataset/images/cju1b3zgj3d8e0801kpolea6c.png,TrainDataset,TrainDataset/images/cju3xtufwiv9c0818djsc4cqd.png,7,7,22
TrainDataset,TrainDataset/images/cju1b3zgj3d8e0801kpolea6c.png,TrainDataset,TrainDataset/images/cju5uget8krjy0818kvywd0zu.png,6,5,22
TrainDataset,TrainDataset/images/cju1b3zgj3d8e0801kpolea6c.png,TrainDataset,TrainDataset/images/cju8ayeq7r1fb0818z1junacy.png,1,8,20
TrainDataset,TrainDataset/images/cju1b75x63ddl0799sdp0i2j3.png,TrainDataset,TrainDataset/images/cju1dhfok4mhe0878jlgrag0h.png,7,11,8
TrainDataset,TrainDataset/images/cju1c4fcu40hl07992b8gj0c8.png,TrainDataset,TrainDataset/images/cju8cwy02t9eq08185qn12c02.png,8,20,8
TrainDataset,TrainDataset/images/cju1cdxvz48hw0801i0fjwcnk.png,TrainDataset,TrainDataset/images/cju7cp6dw244p0818gncdol4m.png,7,16,8
TrainDataset,TrainDataset/images/cju1cu1u2474n0878tt7v4tdr.png,TrainDataset,TrainDataset/images/cju2z2x3nvd3c099350zgty7w.png,5,14,8
TrainDataset,TrainDataset/images/cju1hhj6mxfp90835n3wofrap.png,TrainDataset,TrainDataset/images/cju3x9lttikfb0818a0g104zn.png,3,6,6
TrainDataset,TrainDataset/images/cju1hirfi7ekp0855q0vgm9qq.png,TrainDataset,TrainDataset/images/cju5uget8krjy0818kvywd0zu.png,7,8,12
TrainDataset,TrainDataset/images/cju2hgsptlfam0835o3b59h1o.png,TrainDataset,TrainDataset/images/cju33x0f22peh0988g0ln7w5v.png,7,7,14
TrainDataset,TrainDataset/images/cju2i6acqvo6l0799u20fift8.png,TrainDataset,TrainDataset/images/cju33w4sdcivk0855x879zht7.png,4,13,6
TrainDataset,TrainDataset/images/cju2nfnvxzdkd0878399axlco.png,TrainDataset,TrainDataset/images/cju83kxitjv340987z09m0ezy.png,6,14,8
TrainDataset,TrainDataset/images/cju2ouil2mssu0993hvxsed6d.png,TrainDataset,TrainDataset/images/cju2r2obh2bjm08553kng0rh7.png,6,6,20
TrainDataset,TrainDataset/images/cju2pmhtr17a00855cvpelzb0.png,TrainDataset,TrainDataset/images/cju5fw37edaae0801vkwvocn7.png,6,8,16
TrainDataset,TrainDataset/images/cju2zo0fwzv580988qlijd2xa.png,TrainDataset,TrainDataset/images/cju6xifswvwbo0987nibtdr50.png,8,15,8
TrainDataset,TrainDataset/images/cju2zxja9w1eh09933609ho9z.png,TrainDataset,TrainDataset/images/cju7b1ygu1msd0801hywhy0mc.png,8,21,8
TrainDataset,TrainDataset/images/cju30bmab08bi0835mvlr6e0r.png,TrainDataset,TrainDataset/images/cju77k828z46w0871r0avuoo9.png,0,2,0
TrainDataset,TrainDataset/images/cju30u1hbakn808019g15nb8b.png,TrainDataset,TrainDataset/images/cju41z76wlgbz0801qdetlvby.png,5,8,22
TrainDataset,TrainDataset/images/cju32jcdabepz0878d0cznmfe.png,TrainDataset,TrainDataset/images/cju5eq8c8ck690850vix98hv3.png,6,6,16
TrainDataset,TrainDataset/images/cju32pzh9bpw10855q4vaxfhe.png,TrainDataset,TrainDataset/images/cju7alcgr1lsr0871riqk84z7.png,2,7,22
TrainDataset,TrainDataset/images/cju35ldepdtlm0801yv79y8vu.png,TrainDataset,TrainDataset/images/cju8cwy02t9eq08185qn12c02.png,6,7,12
TrainDataset,TrainDataset/images/cju3umoh1geet0817cmpef5am.png,TrainDataset,TrainDataset/images/cju7b1ygu1msd0801hywhy0mc.png,7,14,8
TrainDataset,TrainDataset/images/cju3umoh1geet0817cmpef5am.png,TrainDataset,TrainDataset/images/cju7cp6dw244p0818gncdol4m.png,6,6,6
TrainDataset,TrainDataset/images/cju3umoh1geet0817cmpef5am.png,TrainDataset,TrainDataset/images/cju7dmlgf2ebw0871ieqas5fh.png,7,5,10
TrainDataset,TrainDataset/images/cju3x9lttikfb0818a0g104zn.png,TrainDataset,TrainDataset/images/cju6v5ilsv8hk0850rb5sgh6o.png,8,22,8
TrainDataset,TrainDataset/images/cju3xhpvvimda0987ygrpzni2.png,TrainDataset,TrainDataset/images/cju5bf6hxa6m50817rbwettgu.png,1,9,6
TrainDataset,TrainDataset/images/cju3xtufwiv9c0818djsc4cqd.png,TrainDataset,TrainDataset/images/cju5uget8krjy0818kvywd0zu.png,3,6,12
TrainDataset,TrainDataset/images/cju3xtufwiv9c0818djsc4cqd.png,TrainDataset,TrainDataset/images/cju8ayeq7r1fb0818z1junacy.png,8,7,16
TrainDataset,TrainDataset/images/cju41r6v2lcww0871ps8k8pf5.png,TrainDataset,TrainDataset/images/cju6vqarjv7yo0987q4b1btk1.png,8,6,20
TrainDataset,TrainDataset/images/cju41z76wlgbz0801qdetlvby.png,TrainDataset,TrainDataset/images/cju7d7tly27h408016fyp5nr7.png,7,8,24
TrainDataset,TrainDataset/images/cju43b8daly4408170e5ev06g.png,TrainDataset,TrainDataset/images/cju8bbznkrf5g0871jncffynk.png,2,8,20
TrainDataset,TrainDataset/images/cju43gfosm63n08714rpih8pe.png,TrainDataset,TrainDataset/images/cju6vucxvvlda0755j7msqnya.png,7,19,8
TrainDataset,TrainDataset/images/cju45ofd9ne1j0801ri8dup7t.png,TrainDataset,TrainDataset/images/cju7cue9b232j0801qdzk1ykj.png,6,20,8
TrainDataset,TrainDataset/images/cju5bycdkalkb09875f7bfrvx.png,TrainDataset,TrainDataset/images/cju5y84q3mdv50817eyp82xf3.png,4,5,10
TrainDataset,TrainDataset/images/cju5fw37edaae0801vkwvocn7.png,TrainDataset,TrainDataset/images/cju7dqcwi2dz00850gcmr2ert.png,5,8,22
TrainDataset,TrainDataset/images/cju5fydrud94708507vo6oy21.png,TrainDataset,TrainDataset/images/cju7avvi51iox0817ym55y6tt.png,0,2,6
TrainDataset,TrainDataset/images/cju5uget8krjy0818kvywd0zu.png,TrainDataset,TrainDataset/images/cju8ayeq7r1fb0818z1junacy.png,7,7,14
TrainDataset,TrainDataset/images/cju6v5ilsv8hk0850rb5sgh6o.png,TrainDataset,TrainDataset/images/cju7fnfv02tt90801djnix9m8.png,8,20,6
TrainDataset,TrainDataset/images/cju76lsehyia10987u54vn8rb.png,TrainDataset,TrainDataset/images/cju772304yw5t0818vbw8kkjf.png,0,0,0
TrainDataset,TrainDataset/images/cju7dglf226g50987ohbthl19.png,TrainDataset,TrainDataset/images/cju7fob3x301u0755x985pmmq.png,5,23,8
TrainDataset,TrainDataset/images/cju7dmlgf2ebw0871ieqas5fh.png,TrainDataset,TrainDataset/images/cju85nr8elly209872w9n5m0s.png,6,7,16
TrainDataset,TrainDataset/images/cju83kxitjv340987z09m0ezy.png,TrainDataset,TrainDataset/images/cju8c1a0ws7o208181c6lbsom.png,8,16,4
TrainDataset,TrainDataset/images/cju886ryxnsl50801r93jai7q.png,TrainDataset,TrainDataset/images/cju8amfdtqi4x09871tygrgqe.png,0,0,0
TrainDataset,TrainDataset/images/cju8b0jr0r2oi0801jiquetd5.png,TrainDataset,TrainDataset/images/cju8bff9nrfi10850fmfzbf8v.png,6,5,22
TrainDataset,TrainDataset/images/101.png,ValidationDataset,ValidationDataset/images/88.png,4,8,14
TrainDataset,TrainDataset/images/102.png,ValidationDataset,ValidationDataset/images/28.png,6,8,20
TrainDataset,TrainDataset/images/102.png,ValidationDataset,ValidationDataset/images/82.png,5,8,12
TrainDataset,TrainDataset/images/105.png,ValidationDataset,ValidationDataset/images/104.png,4,6,12
TrainDataset,TrainDataset/images/107.png,ValidationDataset,ValidationDataset/images/108.png,4,8,8
TrainDataset,TrainDataset/images/109.png,ValidationDataset,ValidationDataset/images/108.png,2,5,10
TrainDataset,TrainDataset/images/125.png,ValidationDataset,ValidationDataset/images/126.png,1,6,2
TrainDataset,TrainDataset/images/130.png,ValidationDataset,ValidationDataset/images/326.png,7,8,18
TrainDataset,TrainDataset/images/131.png,ValidationDataset,ValidationDataset/images/cju1gi7jlwyld0835cdf6g6qz.png,4,8,22
TrainDataset,TrainDataset/images/137.png,ValidationDataset,ValidationDataset/images/563.png,4,15,8
TrainDataset,TrainDataset/images/140.png,ValidationDataset,ValidationDataset/images/99.png,7,19,8
TrainDataset,TrainDataset/images/145.png,ValidationDataset,ValidationDataset/images/147.png,5,7,14
TrainDataset,TrainDataset/images/145.png,ValidationDataset,ValidationDataset/images/484.png,8,8,26
TrainDataset,TrainDataset/images/145.png,ValidationDataset,ValidationDataset/images/550.png,7,7,16
TrainDataset,TrainDataset/images/150.png,ValidationDataset,ValidationDataset/images/550.png,7,7,10
TrainDataset,TrainDataset/images/151.png,ValidationDataset,ValidationDataset/images/147.png,6,8,24
TrainDataset,TrainDataset/images/151.png,ValidationDataset,ValidationDataset/images/550.png,6,8,14
TrainDataset,TrainDataset/images/158.png,ValidationDataset,ValidationDataset/images/44.png,6,8,12
TrainDataset,TrainDataset/images/169.png,ValidationDataset,ValidationDataset/images/170.png,3,8,14
TrainDataset,TrainDataset/images/180.png,ValidationDataset,ValidationDataset/images/182.png,2,3,4
TrainDataset,TrainDataset/images/183.png,ValidationDataset,ValidationDataset/images/182.png,0,2,2
TrainDataset,TrainDataset/images/193.png,ValidationDataset,ValidationDataset/images/182.png,4,8,8
TrainDataset,TrainDataset/images/194.png,ValidationDataset,ValidationDataset/images/182.png,4,7,8
TrainDataset,TrainDataset/images/195.png,ValidationDataset,ValidationDataset/images/182.png,4,5,8
TrainDataset,TrainDataset/images/196.png,ValidationDataset,ValidationDataset/images/182.png,4,6,8
TrainDataset,TrainDataset/images/197.png,ValidationDataset,ValidationDataset/images/182.png,2,9,6
TrainDataset,TrainDataset/images/198.png,ValidationDataset,ValidationDataset/images/182.png,1,7,6
TrainDataset,TrainDataset/images/199.png,ValidationDataset,ValidationDataset/images/182.png,1,7,6
TrainDataset,TrainDataset/images/2.png,ValidationDataset,ValidationDataset/images/4.png,7,3,0
TrainDataset,TrainDataset/images/200.png,ValidationDataset,ValidationDataset/images/202.png,1,0,0
TrainDataset,TrainDataset/images/201.png,ValidationDataset,ValidationDataset/images/202.png,1,0,4
TrainDataset,TrainDataset/images/207.png,ValidationDataset,ValidationDataset/images/208.png,6,12,8
TrainDataset,TrainDataset/images/211.png,ValidationDataset,ValidationDataset/images/213.png,4,7,14
TrainDataset,TrainDataset/images/215.png,ValidationDataset,ValidationDataset/images/220.png,4,8,6
TrainDataset,TrainDataset/images/216.png,ValidationDataset,ValidationDataset/images/182.png,6,9,8
TrainDataset,TrainDataset/images/219.png,ValidationDataset,ValidationDataset/images/220.png,3,6,14
TrainDataset,TrainDataset/images/221.png,ValidationDataset,ValidationDataset/images/220.png,4,2,0
TrainDataset,TrainDataset/images/222.png,ValidationDataset,ValidationDataset/images/220.png,3,2,4
TrainDataset,TrainDataset/images/223.png,ValidationDataset,ValidationDataset/images/220.png,8,9,8
TrainDataset,TrainDataset/images/224.png,ValidationDataset,ValidationDataset/images/220.png,9,8,8
TrainDataset,TrainDataset/images/225.png,ValidationDataset,ValidationDataset/images/563.png,7,14,8
TrainDataset,TrainDataset/images/226.png,ValidationDataset,ValidationDataset/images/182.png,5,9,8
TrainDataset,TrainDataset/images/228.png,ValidationDataset,ValidationDataset/images/288.png,8,17,8
TrainDataset,TrainDataset/images/230.png,ValidationDataset,ValidationDataset/images/231.png,0,4,4
TrainDataset,TrainDataset/images/230.png,ValidationDataset,ValidationDataset/images/248.png,4,9,4
TrainDataset,TrainDataset/images/232.png,ValidationDataset,ValidationDataset/images/248.png,2,12,6
TrainDataset,TrainDataset/images/234.png,ValidationDataset,ValidationDataset/images/248.png,1,12,8
TrainDataset,TrainDataset/images/235.png,ValidationDataset,ValidationDataset/images/248.png,1,12,8
TrainDataset,TrainDataset/images/236.png,ValidationDataset,ValidationDataset/images/248.png,1,10,8
TrainDataset,TrainDataset/images/237.png,ValidationDataset,ValidationDataset/images/cju1gi7jlwyld0835cdf6g6qz.png,8,8,24
TrainDataset,TrainDataset/images/241.png,ValidationDataset,ValidationDataset/images/248.png,3,11,8
TrainDataset,TrainDataset/images/246.png,ValidationDataset,ValidationDataset/images/455.png,4,18,8
TrainDataset,TrainDataset/images/247.png,ValidationDataset,ValidationDataset/images/231.png,4,14,6
TrainDataset,TrainDataset/images/247.png,ValidationDataset,ValidationDataset/images/248.png,0,3,2
TrainDataset,TrainDataset/images/249.png,ValidationDataset,ValidationDataset/images/248.png,1,11,4
TrainDataset,TrainDataset/images/250.png,ValidationDataset,ValidationDataset/images/248.png,1,14,6
TrainDataset,TrainDataset/images/258.png,ValidationDataset,ValidationDataset/images/257.png,1,7,12
TrainDataset,TrainDataset/images/26.png,ValidationDataset,ValidationDataset/images/510.png,11,7,8
TrainDataset,TrainDataset/images/26.png,ValidationDataset,ValidationDataset/images/88.png,6,4,16
TrainDataset,TrainDataset/images/262.png,ValidationDataset,ValidationDataset/images/510.png,4,15,8
TrainDataset,TrainDataset/images/27.png,ValidationDataset,ValidationDataset/images/28.png,3,11,8
TrainDataset,TrainDataset/images/27.png,ValidationDataset,ValidationDataset/images/44.png,4,9,8
TrainDataset,TrainDataset/images/27.png,ValidationDataset,ValidationDataset/images/510.png,9,7,8
TrainDataset,TrainDataset/images/27.png,ValidationDataset,ValidationDataset/images/88.png,4,2,10
TrainDataset,TrainDataset/images/273.png,ValidationDataset,ValidationDataset/images/272.png,4,14,8
TrainDataset,TrainDataset/images/280.png,ValidationDataset,ValidationDataset/images/449.png,6,8,12
TrainDataset,TrainDataset/images/281.png,ValidationDataset,ValidationDataset/images/449.png,2,8,14
TrainDataset,TrainDataset/images/282.png,ValidationDataset,ValidationDataset/images/202.png,5,8,14
TrainDataset,TrainDataset/images/282.png,ValidationDataset,ValidationDataset/images/288.png,7,7,14
TrainDataset,TrainDataset/images/283.png,ValidationDataset,ValidationDataset/images/202.png,4,6,22
TrainDataset,TrainDataset/images/289.png,ValidationDataset,ValidationDataset/images/288.png,0,4,8
TrainDataset,TrainDataset/images/29.png,ValidationDataset,ValidationDataset/images/28.png,4,9,8
TrainDataset,TrainDataset/images/29.png,ValidationDataset,ValidationDataset/images/44.png,5,7,10
TrainDataset,TrainDataset/images/290.png,ValidationDataset,ValidationDataset/images/288.png,5,8,20
TrainDataset,TrainDataset/images/293.png,ValidationDataset,ValidationDataset/images/202.png,6,7,18
TrainDataset,TrainDataset/images/295.png,ValidationDataset,ValidationDataset/images/202.png,8,8,22
TrainDataset,TrainDataset/images/297.png,ValidationDataset,ValidationDataset/images/288.png,8,2,20
TrainDataset,TrainDataset/images/3.png,ValidationDataset,ValidationDataset/images/4.png,3,2,4
TrainDataset,TrainDataset/images/30.png,ValidationDataset,ValidationDataset/images/28.png,4,5,10
TrainDataset,TrainDataset/images/30.png,ValidationDataset,ValidationDataset/images/44.png,5,5,12
TrainDataset,TrainDataset/images/305.png,ValidationDataset,ValidationDataset/images/302.png,7,6,16
TrainDataset,TrainDataset/images/306.png,ValidationDataset,ValidationDataset/images/316.png,7,24,8
TrainDataset,TrainDataset/images/318.png,ValidationDataset,ValidationDataset/images/319.png,4,6,16
TrainDataset,TrainDataset/images/32.png,ValidationDataset,ValidationDataset/images/28.png,5,7,12
TrainDataset,TrainDataset/images/325.png,ValidationDataset,ValidationDataset/images/326.png,2,6,16
TrainDataset,TrainDataset/images/327.png,ValidationDataset,ValidationDataset/images/147.png,8,6,22
TrainDataset,TrainDataset/images/327.png,ValidationDataset,ValidationDataset/images/326.png,2,4,10
TrainDataset,TrainDataset/images/327.png,ValidationDataset,ValidationDataset/images/550.png,6,8,22
TrainDataset,TrainDataset/images/33.png,ValidationDataset,ValidationDataset/images/28.png,6,7,20
TrainDataset,TrainDataset/images/34.png,ValidationDataset,ValidationDataset/images/28.png,4,7,16
TrainDataset,TrainDataset/images/34.png,ValidationDataset,ValidationDataset/images/44.png,5,5,14
TrainDataset,TrainDataset/images/340.png,ValidationDataset,ValidationDataset/images/341.png,5,11,8
TrainDataset,TrainDataset/images/345.png,ValidationDataset,ValidationDataset/images/510.png,5,6,12
TrainDataset,TrainDataset/images/345.png,ValidationDataset,ValidationDataset/images/88.png,8,1,18
TrainDataset,TrainDataset/images/35.png,ValidationDataset,ValidationDataset/images/28.png,4,4,4
TrainDataset,TrainDataset/images/35.png,ValidationDataset,ValidationDataset/images/44.png,3,6,10
TrainDataset,TrainDataset/images/355.png,ValidationDataset,ValidationDataset/images/28.png,8,7,18
TrainDataset,TrainDataset/images/355.png,ValidationDataset,ValidationDataset/images/356.png,0,1,2
TrainDataset,TrainDataset/images/358.png,ValidationDataset,ValidationDataset/images/357.png,4,5,22
TrainDataset,TrainDataset/images/358.png,ValidationDataset,ValidationDataset/images/510.png,6,7,24
TrainDataset,TrainDataset/images/36.png,ValidationDataset,ValidationDataset/images/28.png,2,6,8
TrainDataset,TrainDataset/images/36.png,ValidationDataset,ValidationDataset/images/356.png,6,8,16
TrainDataset,TrainDataset/images/36.png,ValidationDataset,ValidationDataset/images/44.png,5,4,8
TrainDataset,TrainDataset/images/364.png,ValidationDataset,ValidationDataset/images/373.png,3,5,10
TrainDataset,TrainDataset/images/364.png,ValidationDataset,ValidationDataset/images/563.png,4,15,8
TrainDataset,TrainDataset/images/365.png,ValidationDataset,ValidationDataset/images/373.png,3,7,10
TrainDataset,TrainDataset/images/365.png,ValidationDataset,ValidationDataset/images/563.png,4,15,8
TrainDataset,TrainDataset/images/366.png,ValidationDataset,ValidationDataset/images/373.png,3,8,8
TrainDataset,TrainDataset/images/366.png,ValidationDataset,ValidationDataset/images/563.png,4,16,8
TrainDataset,TrainDataset/images/367.png,ValidationDataset,ValidationDataset/images/373.png,2,6,8
TrainDataset,TrainDataset/images/367.png,ValidationDataset,ValidationDataset/images/563.png,5,14,8
TrainDataset,TrainDataset/images/368.png,ValidationDataset,ValidationDataset/images/373.png,1,8,8
TrainDataset,TrainDataset/images/368.png,ValidationDataset,ValidationDataset/images/563.png,4,14,8
TrainDataset,TrainDataset/images/369.png,ValidationDataset,ValidationDataset/images/373.png,1,8,6
TrainDataset,TrainDataset/images/369.png,ValidationDataset,ValidationDataset/images/563.png,4,14,8
TrainDataset,TrainDataset/images/37.png,ValidationDataset,ValidationDataset/images/28.png,5,5,8
TrainDataset,TrainDataset/images/37.png,ValidationDataset,ValidationDataset/images/44.png,4,5,12
TrainDataset,TrainDataset/images/370.png,ValidationDataset,ValidationDataset/images/373.png,1,9,8
TrainDataset,TrainDataset/images/370.png,ValidationDataset,ValidationDataset/images/563.png,4,13,8
TrainDataset,TrainDataset/images/371.png,ValidationDataset,ValidationDataset/images/373.png,1,7,6
TrainDataset,TrainDataset/images/372.png,ValidationDataset,ValidationDataset/images/373.png,1,7,4
TrainDataset,TrainDataset/images/375.png,ValidationDataset,ValidationDataset/images/373.png,1,9,8
TrainDataset,TrainDataset/images/376.png,ValidationDataset,ValidationDataset/images/202.png,7,8,16
TrainDataset,TrainDataset/images/376.png,ValidationDataset,ValidationDataset/images/373.png,3,7,6
TrainDataset,TrainDataset/images/376.png,ValidationDataset,ValidationDataset/images/563.png,6,15,6
TrainDataset,TrainDataset/images/377.png,ValidationDataset,ValidationDataset/images/373.png,2,8,10
TrainDataset,TrainDataset/images/377.png,ValidationDataset,ValidationDataset/images/563.png,5,16,8
TrainDataset,TrainDataset/images/378.png,ValidationDataset,ValidationDataset/images/563.png,5,15,8
TrainDataset,TrainDataset/images/379.png,ValidationDataset,ValidationDataset/images/373.png,1,8,6
TrainDataset,TrainDataset/images/38.png,ValidationDataset,ValidationDataset/images/44.png,4,7,12
TrainDataset,TrainDataset/images/38.png,ValidationDataset,ValidationDataset/images/88.png,6,8,14
TrainDataset,TrainDataset/images/380.png,ValidationDataset,ValidationDataset/images/563.png,4,19,8
TrainDataset,TrainDataset/images/382.png,ValidationDataset,ValidationDataset/images/373.png,2,6,10
TrainDataset,TrainDataset/images/382.png,ValidationDataset,ValidationDataset/images/563.png,5,16,8
TrainDataset,TrainDataset/images/383.png,ValidationDataset,ValidationDataset/images/373.png,3,11,8
TrainDataset,TrainDataset/images/384.png,ValidationDataset,ValidationDataset/images/386.png,2,6,12
TrainDataset,TrainDataset/images/385.png,ValidationDataset,ValidationDataset/images/386.png,3,6,8
TrainDataset,TrainDataset/images/387.png,ValidationDataset,ValidationDataset/images/386.png,0,9,6
TrainDataset,TrainDataset/images/39.png,ValidationDataset,ValidationDataset/images/28.png,5,8,10
TrainDataset,TrainDataset/images/39.png,ValidationDataset,ValidationDataset/images/44.png,4,6,10
TrainDataset,TrainDataset/images/395.png,ValidationDataset,ValidationDataset/images/398.png,3,8,6
TrainDataset,TrainDataset/images/40.png,ValidationDataset,ValidationDataset/images/28.png,4,6,12
TrainDataset,TrainDataset/images/40.png,ValidationDataset,ValidationDataset/images/44.png,5,8,14
TrainDataset,TrainDataset/images/40.png,ValidationDataset,ValidationDataset/images/445.png,8,8,16
TrainDataset,TrainDataset/images/41.png,ValidationDataset,ValidationDataset/images/28.png,3,6,8
TrainDataset,TrainDataset/images/41.png,ValidationDataset,ValidationDataset/images/44.png,6,4,10
TrainDataset,TrainDataset/images/43.png,ValidationDataset,ValidationDataset/images/28.png,3,7,12
TrainDataset,TrainDataset/images/43.png,ValidationDataset,ValidationDataset/images/44.png,6,3,16
TrainDataset,TrainDataset/images/430.png,ValidationDataset,ValidationDataset/images/28.png,7,5,16
TrainDataset,TrainDataset/images/433.png,ValidationDataset,ValidationDataset/images/435.png,3,5,8
TrainDataset,TrainDataset/images/434.png,ValidationDataset,ValidationDataset/images/435.png,5,10,8
TrainDataset,TrainDataset/images/439.png,ValidationDataset,ValidationDataset/images/440.png,5,4,10
TrainDataset,TrainDataset/images/443.png,ValidationDataset,ValidationDataset/images/88.png,3,8,18
TrainDataset,TrainDataset/images/444.png,ValidationDataset,ValidationDataset/images/510.png,8,7,14
TrainDataset,TrainDataset/images/444.png,ValidationDataset,ValidationDataset/images/88.png,3,6,14
TrainDataset,TrainDataset/images/448.png,ValidationDataset,ValidationDataset/images/550.png,5,8,16
TrainDataset,TrainDataset/images/45.png,ValidationDataset,ValidationDataset/images/28.png,7,5,16
TrainDataset,TrainDataset/images/45.png,ValidationDataset,ValidationDataset/images/cju1gi7jlwyld0835cdf6g6qz.png,8,8,26
TrainDataset,TrainDataset/images/450.png,ValidationDataset,ValidationDataset/images/455.png,3,12,8
TrainDataset,TrainDataset/images/454.png,ValidationDataset,ValidationDataset/images/455.png,4,15,8
TrainDataset,TrainDataset/images/456.png,ValidationDataset,ValidationDataset/images/248.png,4,8,12
TrainDataset,TrainDataset/images/456.png,ValidationDataset,ValidationDataset/images/455.png,2,2,2
TrainDataset,TrainDataset/images/46.png,ValidationDataset,ValidationDataset/images/44.png,3,8,16
TrainDataset,TrainDataset/images/460.png,ValidationDataset,ValidationDataset/images/455.png,3,6,12
TrainDataset,TrainDataset/images/461.png,ValidationDataset,ValidationDataset/images/455.png,3,11,6
TrainDataset,TrainDataset/images/462.png,ValidationDataset,ValidationDataset/images/449.png,7,8,8
TrainDataset,TrainDataset/images/462.png,ValidationDataset,ValidationDataset/images/455.png,4,19,8
TrainDataset,TrainDataset/images/463.png,ValidationDataset,ValidationDataset/images/455.png,4,17,8
TrainDataset,TrainDataset/images/466.png,ValidationDataset,ValidationDataset/images/248.png,2,8,12
TrainDataset,TrainDataset/images/466.png,ValidationDataset,ValidationDataset/images/455.png,4,10,4
TrainDataset,TrainDataset/images/469.png,ValidationDataset,ValidationDataset/images/472.png,3,5,8
TrainDataset,TrainDataset/images/47.png,ValidationDataset,ValidationDataset/images/28.png,4,7,12
TrainDataset,TrainDataset/images/471.png,ValidationDataset,ValidationDataset/images/472.png,4,7,10
TrainDataset,TrainDataset/images/479.png,ValidationDataset,ValidationDataset/images/484.png,1,5,8
TrainDataset,TrainDataset/images/48.png,ValidationDataset,ValidationDataset/images/510.png,9,8,8
TrainDataset,TrainDataset/images/48.png,ValidationDataset,ValidationDataset/images/88.png,4,7,16
TrainDataset,TrainDataset/images/480.png,ValidationDataset,ValidationDataset/images/484.png,1,4,8
TrainDataset,TrainDataset/images/482.png,ValidationDataset,ValidationDataset/images/484.png,1,7,14
TrainDataset,TrainDataset/images/485.png,ValidationDataset,ValidationDataset/images/484.png,1,8,10
TrainDataset,TrainDataset/images/487.png,ValidationDataset,ValidationDataset/images/28.png,8,4,22
TrainDataset,TrainDataset/images/489.png,ValidationDataset,ValidationDataset/images/cju1gi7jlwyld0835cdf6g6qz.png,5,5,20
TrainDataset,TrainDataset/images/49.png,ValidationDataset,ValidationDataset/images/28.png,4,4,14
TrainDataset,TrainDataset/images/49.png,ValidationDataset,ValidationDataset/images/44.png,7,6,16
TrainDataset,TrainDataset/images/490.png,ValidationDataset,ValidationDataset/images/373.png,6,4,14
TrainDataset,TrainDataset/images/490.png,ValidationDataset,ValidationDataset/images/537.png,8,8,18
TrainDataset,TrainDataset/images/498.png,ValidationDataset,ValidationDataset/images/484.png,7,7,24
TrainDataset,TrainDataset/images/5.png,ValidationDataset,ValidationDataset/images/4.png,2,2,6
TrainDataset,TrainDataset/images/508.png,ValidationDataset,ValidationDataset/images/510.png,8,6,14
TrainDataset,TrainDataset/images/509.png,ValidationDataset,ValidationDataset/images/510.png,2,4,10
TrainDataset,TrainDataset/images/528.png,ValidationDataset,ValidationDataset/images/521.png,8,15,8
TrainDataset,TrainDataset/images/53.png,ValidationDataset,ValidationDataset/images/54.png,2,6,6
TrainDataset,TrainDataset/images/533.png,ValidationDataset,ValidationDataset/images/537.png,5,6,8
TrainDataset,TrainDataset/images/536.png,ValidationDataset,ValidationDataset/images/472.png,7,18,8
TrainDataset,TrainDataset/images/538.png,ValidationDataset,ValidationDataset/images/537.png,2,6,12
TrainDataset,TrainDataset/images/540.png,ValidationDataset,ValidationDataset/images/288.png,3,6,16
TrainDataset,TrainDataset/images/542.png,ValidationDataset,ValidationDataset/images/537.png,6,13,8
TrainDataset,TrainDataset/images/543.png,ValidationDataset,ValidationDataset/images/288.png,5,8,10
TrainDataset,TrainDataset/images/543.png,ValidationDataset,ValidationDataset/images/537.png,7,8,10
TrainDataset,TrainDataset/images/544.png,ValidationDataset,ValidationDataset/images/202.png,4,8,10
TrainDataset,TrainDataset/images/544.png,ValidationDataset,ValidationDataset/images/248.png,5,21,8
TrainDataset,TrainDataset/images/544.png,ValidationDataset,ValidationDataset/images/288.png,4,7,14
TrainDataset,TrainDataset/images/546.png,ValidationDataset,ValidationDataset/images/537.png,4,12,8
TrainDataset,TrainDataset/images/548.png,ValidationDataset,ValidationDataset/images/248.png,4,21,8
TrainDataset,TrainDataset/images/55.png,ValidationDataset,ValidationDataset/images/54.png,0,4,4
TrainDataset,TrainDataset/images/551.png,ValidationDataset,ValidationDataset/images/147.png,8,8,22
TrainDataset,TrainDataset/images/551.png,ValidationDataset,ValidationDataset/images/550.png,0,2,4
TrainDataset,TrainDataset/images/56.png,ValidationDataset,ValidationDataset/images/288.png,7,8,16
TrainDataset,TrainDataset/images/564.png,ValidationDataset,ValidationDataset/images/373.png,4,15,8
TrainDataset,TrainDataset/images/577.png,ValidationDataset,ValidationDataset/images/579.png,5,5,16
TrainDataset,TrainDataset/images/580.png,ValidationDataset,ValidationDataset/images/579.png,3,1,10
TrainDataset,TrainDataset/images/581.png,ValidationDataset,ValidationDataset/images/579.png,7,7,22
TrainDataset,TrainDataset/images/587.png,ValidationDataset,ValidationDataset/images/590.png,3,9,8
TrainDataset,TrainDataset/images/592.png,ValidationDataset,ValidationDataset/images/357.png,5,8,24
TrainDataset,TrainDataset/images/593.png,ValidationDataset,ValidationDataset/images/594.png,3,8,10
TrainDataset,TrainDataset/images/600.png,ValidationDataset,ValidationDataset/images/602.png,6,8,10
TrainDataset,TrainDataset/images/601.png,ValidationDataset,ValidationDataset/images/602.png,2,9,8
TrainDataset,TrainDataset/images/610.png,ValidationDataset,ValidationDataset/images/594.png,6,7,10
TrainDataset,TrainDataset/images/610.png,ValidationDataset,ValidationDataset/images/74.png,5,11,8
TrainDataset,TrainDataset/images/610.png,ValidationDataset,ValidationDataset/images/88.png,4,8,20
TrainDataset,TrainDataset/images/71.png,ValidationDataset,ValidationDataset/images/82.png,8,8,16
TrainDataset,TrainDataset/images/75.png,ValidationDataset,ValidationDataset/images/74.png,3,6,4
TrainDataset,TrainDataset/images/76.png,ValidationDataset,ValidationDataset/images/357.png,7,7,28
TrainDataset,TrainDataset/images/76.png,ValidationDataset,ValidationDataset/images/88.png,8,8,24
TrainDataset,TrainDataset/images/79.png,ValidationDataset,ValidationDataset/images/82.png,5,5,18
TrainDataset,TrainDataset/images/79.png,ValidationDataset,ValidationDataset/images/88.png,3,8,14
TrainDataset,TrainDataset/images/81.png,ValidationDataset,ValidationDataset/images/88.png,4,6,10
TrainDataset,TrainDataset/images/83.png,ValidationDataset,ValidationDataset/images/28.png,4,14,8
TrainDataset,TrainDataset/images/83.png,ValidationDataset,ValidationDataset/images/82.png,5,8,20
TrainDataset,TrainDataset/images/83.png,ValidationDataset,ValidationDataset/images/88.png,3,3,10
TrainDataset,TrainDataset/images/84.png,ValidationDataset,ValidationDataset/images/82.png,4,7,12
TrainDataset,TrainDataset/images/84.png,ValidationDataset,ValidationDataset/images/88.png,2,4,8
TrainDataset,TrainDataset/images/85.png,ValidationDataset,ValidationDataset/images/82.png,3,7,14
TrainDataset,TrainDataset/images/85.png,ValidationDataset,ValidationDataset/images/88.png,3,4,12
TrainDataset,TrainDataset/images/86.png,ValidationDataset,ValidationDataset/images/28.png,3,14,8
TrainDataset,TrainDataset/images/86.png,ValidationDataset,ValidationDataset/images/357.png,7,8,16
TrainDataset,TrainDataset/images/86.png,ValidationDataset,ValidationDataset/images/88.png,2,1,4
TrainDataset,TrainDataset/images/87.png,ValidationDataset,ValidationDataset/images/88.png,3,4,10
TrainDataset,TrainDataset/images/90.png,ValidationDataset,ValidationDataset/images/28.png,3,12,8
TrainDataset,TrainDataset/images/90.png,ValidationDataset,ValidationDataset/images/82.png,6,8,16
TrainDataset,TrainDataset/images/90.png,ValidationDataset,ValidationDataset/images/88.png,0,3,6
TrainDataset,TrainDataset/images/91.png,ValidationDataset,ValidationDataset/images/28.png,3,14,8
TrainDataset,TrainDataset/images/91.png,ValidationDataset,ValidationDataset/images/510.png,11,8,8
TrainDataset,TrainDataset/images/91.png,ValidationDataset,ValidationDataset/images/82.png,6,8,18
TrainDataset,TrainDataset/images/91.png,ValidationDataset,ValidationDataset/images/88.png,0,3,6
TrainDataset,TrainDataset/images/92.png,ValidationDataset,ValidationDataset/images/514.png,6,17,8
TrainDataset,TrainDataset/images/92.png,ValidationDataset,ValidationDataset/images/88.png,9,6,8
TrainDataset,TrainDataset/images/93.png,ValidationDataset,ValidationDataset/images/82.png,5,8,18
TrainDataset,TrainDataset/images/93.png,ValidationDataset,ValidationDataset/images/88.png,3,7,10
TrainDataset,TrainDataset/images/94.png,ValidationDataset,ValidationDataset/images/82.png,4,8,12
TrainDataset,TrainDataset/images/94.png,ValidationDataset,ValidationDataset/images/88.png,2,5,14
TrainDataset,TrainDataset/images/95.png,ValidationDataset,ValidationDataset/images/88.png,4,2,10
TrainDataset,TrainDataset/images/96.png,ValidationDataset,ValidationDataset/images/82.png,7,8,22
TrainDataset,TrainDataset/images/96.png,ValidationDataset,ValidationDataset/images/88.png,3,3,8
TrainDataset,TrainDataset/images/98.png,ValidationDataset,ValidationDataset/images/99.png,5,11,6
TrainDataset,TrainDataset/images/cju0tl3uz8blh0993wxvn7ly3.png,ValidationDataset,ValidationDataset/images/cju2hugv9vget0799hhk7ksvg.png,6,18,8
TrainDataset,TrainDataset/images/cju2i6acqvo6l0799u20fift8.png,ValidationDataset,ValidationDataset/images/cjz14qsk2wci60794un9ozwmw.png,6,8,22
TrainDataset,TrainDataset/images/cju2m71z2ywwv080131bcrsd3.png,ValidationDataset,ValidationDataset/images/88.png,7,8,20
TrainDataset,TrainDataset/images/cju2pmhtr17a00855cvpelzb0.png,ValidationDataset,ValidationDataset/images/cju30df2j09dd08351ayx2t6w.png,7,20,8
TrainDataset,TrainDataset/images/cju2zo0fwzv580988qlijd2xa.png,ValidationDataset,ValidationDataset/images/cju7csvlb22fr0850lvm45n3x.png,8,17,8
TrainDataset,TrainDataset/images/cju32pzh9bpw10855q4vaxfhe.png,ValidationDataset,ValidationDataset/images/cju7b9vcs1luz0987ta60j1dy.png,8,8,20
TrainDataset,TrainDataset/images/cju330ofbc2l30801th5g3hw6.png,ValidationDataset,ValidationDataset/images/88.png,6,5,22
TrainDataset,TrainDataset/images/cju357rxxdaz30878y2esjpjt.png,ValidationDataset,ValidationDataset/images/cju42dwedlmk60871jbgu4ehi.png,8,7,20
TrainDataset,TrainDataset/images/cju3umoh1geet0817cmpef5am.png,ValidationDataset,ValidationDataset/images/cju14hjh2ob2o0835ouz3r5aa.png,5,8,14
TrainDataset,TrainDataset/images/cju3xtufwiv9c0818djsc4cqd.png,ValidationDataset,ValidationDataset/images/88.png,8,7,22
TrainDataset,TrainDataset/images/cju43b8daly4408170e5ev06g.png,ValidationDataset,ValidationDataset/images/cju42dwedlmk60871jbgu4ehi.png,6,8,16
TrainDataset,TrainDataset/images/cju5enq1tcn1i0755hnkon787.png,ValidationDataset,ValidationDataset/images/cju1cvkfwqrec0993wbp1jlzm.png,7,18,8
TrainDataset,TrainDataset/images/cju5fw37edaae0801vkwvocn7.png,ValidationDataset,ValidationDataset/images/288.png,7,7,26
TrainDataset,TrainDataset/images/cju6ur9l9v9jq0755paud9uka.png,ValidationDataset,ValidationDataset/images/cju14hjh2ob2o0835ouz3r5aa.png,7,8,18
TrainDataset,TrainDataset/images/cju6z9a9kwsl007552s49rx6i.png,ValidationDataset,ValidationDataset/images/357.png,8,8,20
TrainDataset,TrainDataset/images/cju6z9a9kwsl007552s49rx6i.png,ValidationDataset,ValidationDataset/images/88.png,7,7,18
TrainDataset,TrainDataset/images/cju7dmlgf2ebw0871ieqas5fh.png,ValidationDataset,ValidationDataset/images/cju14hjh2ob2o0835ouz3r5aa.png,6,7,18
TrainDataset,TrainDataset/images/cju7frtqu2xa20818wq8r9fzf.png,ValidationDataset,ValidationDataset/images/cju42dwedlmk60871jbgu4ehi.png,8,7,28
TrainDataset,TrainDataset/images/cju83k8fyjsxr0817d6nxs6r4.png,ValidationDataset,ValidationDataset/images/248.png,4,8,22
TrainDataset,TrainDataset/images/cju88nroho44508500129f1nh.png,ValidationDataset,ValidationDataset/images/cju6wuojavt740818b5qcv3iw.png,7,11,8
ValidationDataset,ValidationDataset/images/147.png,ValidationDataset,ValidationDataset/images/326.png,6,8,20
ValidationDataset,ValidationDataset/images/147.png,ValidationDataset,ValidationDataset/images/550.png,8,8,20
ValidationDataset,ValidationDataset/images/231.png,ValidationDataset,ValidationDataset/images/248.png,4,13,6
ValidationDataset,ValidationDataset/images/248.png,ValidationDataset,ValidationDataset/images/455.png,4,8,12
ValidationDataset,ValidationDataset/images/28.png,ValidationDataset,ValidationDataset/images/356.png,8,6,18
ValidationDataset,ValidationDataset/images/28.png,ValidationDataset,ValidationDataset/images/44.png,7,8,10
ValidationDataset,ValidationDataset/images/357.png,ValidationDataset,ValidationDataset/images/510.png,4,8,14
